model,n,draw,age,p5,p50,p95
final,20,0,20,0.45577,0.65684,0.81395
final,20,0,21,0.46947,0.66364,0.81479
final,20,0,22,0.48106,0.66962,0.81589
final,20,0,23,0.49068,0.67481,0.81718
final,20,0,24,0.49847,0.67924,0.81857
final,20,0,25,0.5046,0.68296,0.82
final,20,0,26,0.50923,0.68598,0.8214
final,20,0,27,0.51252,0.68834,0.82269
final,20,0,28,0.5146,0.69006,0.82382
final,20,0,29,0.51561,0.69117,0.82474
final,20,0,30,0.51564,0.69169,0.82542
final,20,0,31,0.51482,0.69164,0.82582
final,20,0,32,0.5132,0.69102,0.82592
final,20,0,33,0.51087,0.68987,0.82571
final,20,0,34,0.50789,0.6882,0.82518
final,20,0,35,0.50429,0.68601,0.82431
final,20,0,36,0.50012,0.68332,0.82312
final,20,0,37,0.49542,0.68014,0.82159
final,20,0,38,0.4902,0.67648,0.81972
final,20,0,39,0.48449,0.67235,0.81754
final,20,0,40,0.47831,0.66777,0.81503
final,20,0,41,0.47167,0.66274,0.81221
final,20,0,42,0.4646,0.65727,0.80909
final,20,0,43,0.45709,0.65137,0.80568
final,20,0,44,0.44918,0.64506,0.80198
final,20,0,45,0.44088,0.63834,0.79801
final,20,0,46,0.4322,0.63123,0.79378
final,20,0,47,0.42317,0.62374,0.7893
final,20,0,48,0.41381,0.61589,0.78458
final,20,0,49,0.40414,0.60769,0.77962
final,20,0,50,0.39421,0.59916,0.77445
final,20,0,51,0.38404,0.59032,0.76906
final,20,0,52,0.37367,0.58119,0.76347
final,20,0,53,0.36315,0.57179,0.75769
final,20,0,54,0.3525,0.56214,0.75172
final,20,0,55,0.34178,0.55227,0.74556
final,20,0,56,0.33104,0.54221,0.73923
final,20,0,57,0.32031,0.53197,0.73272
final,20,0,58,0.30965,0.5216,0.72605
final,20,0,59,0.2991,0.51111,0.7192
final,20,0,60,0.28869,0.50054,0.71218
final,20,0,61,0.27849,0.48991,0.705
final,20,0,62,0.2685,0.47925,0.69766
final,20,0,63,0.25875,0.46859,0.69015
final,20,0,64,0.24925,0.45793,0.68249
final,20,0,65,0.24001,0.44729,0.67467
final,20,0,66,0.23104,0.4367,0.6667
final,20,0,67,0.22234,0.42616,0.65859
final,20,0,68,0.21392,0.4157,0.65035
final,20,0,69,0.20577,0.40533,0.64198
final,20,0,70,0.1979,0.39506,0.63351
final,20,0,71,0.1903,0.38492,0.62494
final,20,0,72,0.18299,0.37491,0.61629
final,20,0,73,0.17594,0.36505,0.60757
final,20,0,74,0.16916,0.35536,0.59879
final,20,0,75,0.16265,0.34583,0.58997
final,20,0,76,0.15639,0.33649,0.58114
final,20,0,77,0.15038,0.32735,0.57229
final,20,0,78,0.14462,0.31841,0.56346
final,20,0,79,0.13911,0.30968,0.55465
final,20,0,80,0.13382,0.30117,0.54589
final,20,0,81,0.12877,0.29288,0.5372
final,20,0,82,0.12393,0.28482,0.52858
final,20,0,83,0.11931,0.277,0.52005
final,20,0,84,0.11489,0.26942,0.51163
final,20,0,85,0.11068,0.26207,0.50334
final,20,0,86,0.10665,0.25497,0.4952
final,20,0,87,0.10282,0.24811,0.4872
final,20,0,88,0.09917,0.24149,0.47938
final,20,0,89,0.09569,0.23512,0.47173
final,20,0,90,0.09238,0.22899,0.46428
final,20,0,91,0.08923,0.2231,0.45703
final,20,0,92,0.08623,0.21745,0.45
final,20,0,93,0.08339,0.21204,0.44319
final,20,0,94,0.08069,0.20686,0.43662
final,20,0,95,0.07814,0.20192,0.43028
final,20,0,96,0.07571,0.19721,0.4242
final,20,0,97,0.07342,0.19273,0.41838
final,20,0,98,0.07125,0.18847,0.41282
final,20,0,99,0.0692,0.18443,0.40752
final,20,0,100,0.06727,0.18061,0.40251
final,20,0,101,0.06545,0.177,0.39778
final,20,0,102,0.06373,0.17361,0.39333
final,20,0,103,0.06212,0.17042,0.38918
final,20,0,104,0.06061,0.16745,0.38533
final,20,0,105,0.0592,0.16467,0.38178
final,20,0,106,0.05788,0.16209,0.37853
final,20,0,107,0.05665,0.15971,0.37561
final,20,0,108,0.05551,0.15753,0.37299
final,20,0,109,0.05445,0.15552,0.37068
final,20,0,110,0.05346,0.15369,0.36866
final,20,0,111,0.05254,0.15202,0.36694
final,20,0,112,0.05168,0.15051,0.36549
final,20,0,113,0.05089,0.14915,0.36432
final,20,0,114,0.05015,0.14792,0.36341
final,20,0,115,0.04946,0.14684,0.36276
final,20,0,116,0.04882,0.14588,0.36236
final,20,0,117,0.04823,0.14504,0.36221
final,20,0,118,0.04768,0.14432,0.3623
final,20,0,119,0.04717,0.1437,0.36261
final,20,0,120,0.0467,0.1432,0.36316
final,20,0,121,0.04626,0.14279,0.36391
final,20,0,122,0.04585,0.14249,0.36488
final,20,0,123,0.04548,0.14227,0.36605
final,20,0,124,0.04513,0.14214,0.36742
final,20,0,125,0.04481,0.1421,0.36897
final,20,0,126,0.04452,0.14213,0.37071
final,20,0,127,0.04425,0.14224,0.37261
final,20,0,128,0.044,0.14242,0.37468
final,20,0,129,0.04377,0.14267,0.37691
final,20,0,130,0.04357,0.14298,0.37928
final,20,0,131,0.04338,0.14335,0.38179
final,20,0,132,0.0432,0.14378,0.38443
final,20,0,133,0.04305,0.14427,0.38719
final,20,0,134,0.04291,0.1448,0.39006
final,20,0,135,0.04278,0.14538,0.39303
final,20,0,136,0.04266,0.146,0.3961
final,20,0,137,0.04256,0.14666,0.39924
final,20,0,138,0.04246,0.14736,0.40246
final,20,0,139,0.04238,0.14809,0.40575
final,20,0,140,0.04231,0.14885,0.40909
final,20,0,141,0.04224,0.14963,0.41247
final,20,0,142,0.04218,0.15043,0.41589
final,20,0,143,0.04212,0.15125,0.41933
final,20,0,144,0.04207,0.15208,0.4228
final,20,0,145,0.04202,0.15292,0.42627
final,20,0,146,0.04197,0.15376,0.42975
final,20,0,147,0.04192,0.1546,0.43322
final,20,0,148,0.04187,0.15544,0.43668
final,20,0,149,0.04181,0.15627,0.44012
final,20,0,150,0.04175,0.15709,0.44354
final,20,0,151,0.04169,0.15789,0.44694
final,20,0,152,0.04161,0.15866,0.4503
final,20,0,153,0.04152,0.15941,0.45363
final,20,0,154,0.04142,0.16013,0.45693
final,20,0,155,0.0413,0.16081,0.46019
final,20,0,156,0.04116,0.16145,0.46341
final,20,0,157,0.041,0.16204,0.46658
final,20,0,158,0.04081,0.16257,0.46971
final,20,0,159,0.0406,0.16304,0.47278
final,20,0,160,0.04036,0.16344,0.47579
final,20,0,161,0.04009,0.16377,0.47873
final,20,0,162,0.03979,0.16401,0.48159
final,20,0,163,0.03945,0.16418,0.48437
final,20,0,164,0.03909,0.16425,0.48704
final,20,0,165,0.03869,0.16422,0.4896
final,20,0,166,0.03826,0.1641,0.49204
final,20,0,167,0.0378,0.16386,0.49434
final,20,0,168,0.03731,0.16351,0.49649
final,20,0,169,0.03678,0.16305,0.49847
final,20,0,170,0.03622,0.16246,0.50027
final,20,0,171,0.03563,0.16174,0.50188
final,20,0,172,0.03502,0.1609,0.50329
final,20,0,173,0.03437,0.15992,0.50449
final,20,0,174,0.03369,0.1588,0.50545
final,20,0,175,0.03299,0.15754,0.50618
final,20,0,176,0.03226,0.15613,0.50667
final,20,0,177,0.0315,0.15458,0.50691
final,20,0,178,0.03071,0.15289,0.5069
final,20,0,179,0.0299,0.15104,0.50664
final,20,0,180,0.02906,0.14905,0.50614
final,20,0,181,0.0282,0.14691,0.5054
final,20,0,182,0.02732,0.14462,0.50443
final,20,0,183,0.0264,0.14219,0.50325
final,20,0,184,0.02547,0.13961,0.50188
final,20,0,185,0.0245,0.13689,0.50035
final,20,0,186,0.02352,0.13404,0.49869
final,20,0,187,0.02251,0.13106,0.49692
final,20,0,188,0.02148,0.12795,0.4951
final,20,0,189,0.02043,0.12472,0.49327
final,20,0,190,0.01936,0.12137,0.49149
final,20,0,191,0.01828,0.11792,0.4898
final,20,0,192,0.01718,0.11438,0.48829
final,20,1,20,0.02593,0.41614,0.95021
final,20,1,21,0.02692,0.41573,0.94818
final,20,1,22,0.0279,0.41508,0.94608
final,20,1,23,0.02886,0.4142,0.9439
final,20,1,24,0.0298,0.4131,0.94163
final,20,1,25,0.03071,0.41177,0.93926
final,20,1,26,0.03161,0.41023,0.9368
final,20,1,27,0.03248,0.40848,0.93423
final,20,1,28,0.03333,0.40653,0.93155
final,20,1,29,0.03415,0.40438,0.92875
final,20,1,30,0.03495,0.40204,0.92582
final,20,1,31,0.03573,0.39951,0.92276
final,20,1,32,0.03647,0.39681,0.91956
final,20,1,33,0.0372,0.39393,0.91622
final,20,1,34,0.03789,0.39089,0.91272
final,20,1,35,0.03856,0.3877,0.90906
final,20,1,36,0.0392,0.38435,0.90524
final,20,1,37,0.03981,0.38085,0.90125
final,20,1,38,0.04039,0.37722,0.89708
final,20,1,39,0.04094,0.37346,0.89273
final,20,1,40,0.04147,0.36957,0.88819
final,20,1,41,0.04196,0.36557,0.88346
final,20,1,42,0.04242,0.36146,0.87854
final,20,1,43,0.04285,0.35724,0.87341
final,20,1,44,0.04325,0.35294,0.86809
final,20,1,45,0.04362,0.34854,0.86255
final,20,1,46,0.04396,0.34406,0.85681
final,20,1,47,0.04427,0.33952,0.85086
final,20,1,48,0.04454,0.3349,0.8447
final,20,1,49,0.04478,0.33023,0.83833
final,20,1,50,0.045,0.32551,0.83174
final,20,1,51,0.04518,0.32074,0.82494
final,20,1,52,0.04533,0.31594,0.81793
final,20,1,53,0.04546,0.31111,0.8107
final,20,1,54,0.04555,0.30626,0.80327
final,20,1,55,0.04563,0.30139,0.79563
final,20,1,56,0.04567,0.29651,0.78778
final,20,1,57,0.04569,0.29163,0.77973
final,20,1,58,0.04569,0.28675,0.77147
final,20,1,59,0.04567,0.28188,0.76302
final,20,1,60,0.04563,0.27704,0.75438
final,20,1,61,0.04557,0.27221,0.74554
final,20,1,62,0.04549,0.2674,0.73652
final,20,1,63,0.0454,0.26263,0.72731
final,20,1,64,0.0453,0.25789,0.71793
final,20,1,65,0.04517,0.25318,0.70838
final,20,1,66,0.04504,0.24851,0.69867
final,20,1,67,0.04489,0.24388,0.68881
final,20,1,68,0.04473,0.2393,0.6788
final,20,1,69,0.04456,0.23476,0.66866
final,20,1,70,0.04437,0.23027,0.6584
final,20,1,71,0.04418,0.22584,0.64803
final,20,1,72,0.04398,0.22146,0.63756
final,20,1,73,0.04376,0.21714,0.62701
final,20,1,74,0.04354,0.21288,0.61638
final,20,1,75,0.04331,0.20867,0.60569
final,20,1,76,0.04307,0.20453,0.59497
final,20,1,77,0.04282,0.20046,0.58421
final,20,1,78,0.04257,0.19645,0.57343
final,20,1,79,0.04231,0.1925,0.56266
final,20,1,80,0.04204,0.18863,0.55189
final,20,1,81,0.04177,0.18482,0.54116
final,20,1,82,0.04149,0.18109,0.53047
final,20,1,83,0.0412,0.17743,0.51983
final,20,1,84,0.04092,0.17383,0.50926
final,20,1,85,0.04062,0.17031,0.49878
final,20,1,86,0.04033,0.16687,0.48838
final,20,1,87,0.04003,0.1635,0.4781
final,20,1,88,0.03973,0.1602,0.46792
final,20,1,89,0.03943,0.15697,0.45788
final,20,1,90,0.03913,0.15382,0.44797
final,20,1,91,0.03882,0.15074,0.4382
final,20,1,92,0.03852,0.14773,0.42859
final,20,1,93,0.03821,0.1448,0.41914
final,20,1,94,0.03791,0.14194,0.40985
final,20,1,95,0.03761,0.13916,0.40073
final,20,1,96,0.03731,0.13644,0.39179
final,20,1,97,0.03701,0.1338,0.38302
final,20,1,98,0.03672,0.13123,0.37444
final,20,1,99,0.03643,0.12873,0.36604
final,20,1,100,0.03614,0.1263,0.35783
final,20,1,101,0.03587,0.12394,0.34981
final,20,1,102,0.03559,0.12165,0.34198
final,20,1,103,0.03532,0.11942,0.33434
final,20,1,104,0.03506,0.11726,0.32689
final,20,1,105,0.03481,0.11517,0.31963
final,20,1,106,0.03456,0.11315,0.31256
final,20,1,107,0.03433,0.11119,0.30568
final,20,1,108,0.0341,0.10929,0.29899
final,20,1,109,0.03388,0.10746,0.29248
final,20,1,110,0.03366,0.10569,0.28616
final,20,1,111,0.03346,0.10397,0.28003
final,20,1,112,0.03326,0.10231,0.27407
final,20,1,113,0.03307,0.10071,0.2683
final,20,1,114,0.03289,0.09916,0.2627
final,20,1,115,0.03271,0.09767,0.25729
final,20,1,116,0.03254,0.09622,0.25204
final,20,1,117,0.03238,0.09483,0.24698
final,20,1,118,0.03222,0.09348,0.24208
final,20,1,119,0.03207,0.09218,0.23735
final,20,1,120,0.03192,0.09093,0.23279
final,20,1,121,0.03178,0.08973,0.2284
final,20,1,122,0.03165,0.08857,0.22417
final,20,1,123,0.03151,0.08745,0.2201
final,20,1,124,0.03139,0.08637,0.21619
final,20,1,125,0.03126,0.08534,0.21243
final,20,1,126,0.03114,0.08434,0.20882
final,20,1,127,0.03103,0.08338,0.20537
final,20,1,128,0.03091,0.08247,0.20206
final,20,1,129,0.03081,0.08159,0.1989
final,20,1,130,0.0307,0.08074,0.19588
final,20,1,131,0.0306,0.07994,0.19299
final,20,1,132,0.0305,0.07917,0.19024
final,20,1,133,0.03041,0.07843,0.18762
final,20,1,134,0.03031,0.07773,0.18513
final,20,1,135,0.03023,0.07706,0.18277
final,20,1,136,0.03014,0.07642,0.18052
final,20,1,137,0.03006,0.07582,0.17839
final,20,1,138,0.02999,0.07524,0.17638
final,20,1,139,0.02992,0.0747,0.17448
final,20,1,140,0.02985,0.07419,0.17268
final,20,1,141,0.02979,0.07371,0.17099
final,20,1,142,0.02973,0.07326,0.1694
final,20,1,143,0.02968,0.07284,0.16791
final,20,1,144,0.02963,0.07245,0.16651
final,20,1,145,0.02959,0.07209,0.16521
final,20,1,146,0.02956,0.07175,0.16399
final,20,1,147,0.02953,0.07145,0.16286
final,20,1,148,0.02951,0.07117,0.16182
final,20,1,149,0.0295,0.07092,0.16086
final,20,1,150,0.02949,0.0707,0.15998
final,20,1,151,0.02949,0.0705,0.15918
final,20,1,152,0.0295,0.07034,0.15845
final,20,1,153,0.02952,0.0702,0.15781
final,20,1,154,0.02955,0.07009,0.15724
final,20,1,155,0.02958,0.07,0.15674
final,20,1,156,0.02962,0.06994,0.15632
final,20,1,157,0.02966,0.06991,0.15597
final,20,1,158,0.02971,0.06989,0.15569
final,20,1,159,0.02977,0.0699,0.15547
final,20,1,160,0.02983,0.06993,0.15531
final,20,1,161,0.0299,0.06998,0.1552
final,20,1,162,0.02997,0.07004,0.15515
final,20,1,163,0.03004,0.07013,0.15514
final,20,1,164,0.03012,0.07022,0.15517
final,20,1,165,0.03021,0.07033,0.15523
final,20,1,166,0.0303,0.07046,0.15531
final,20,1,167,0.0304,0.07059,0.15541
final,20,1,168,0.0305,0.07073,0.15551
final,20,1,169,0.03062,0.07089,0.15561
final,20,1,170,0.03075,0.07105,0.15569
final,20,1,171,0.03088,0.07122,0.15575
final,20,1,172,0.03104,0.07139,0.15577
final,20,1,173,0.0312,0.07156,0.15575
final,20,1,174,0.03138,0.07174,0.15568
final,20,1,175,0.03158,0.07192,0.15554
final,20,1,176,0.03179,0.0721,0.15533
final,20,1,177,0.03202,0.07228,0.15505
final,20,1,178,0.03227,0.07246,0.15467
final,20,1,179,0.03255,0.07263,0.15421
final,20,1,180,0.03284,0.07279,0.15365
final,20,1,181,0.03315,0.07295,0.15299
final,20,1,182,0.03348,0.0731,0.15224
final,20,1,183,0.03383,0.07324,0.15139
final,20,1,184,0.03419,0.07337,0.15047
final,20,1,185,0.03456,0.07349,0.14947
final,20,1,186,0.03494,0.07359,0.14842
final,20,1,187,0.03532,0.07368,0.14734
final,20,1,188,0.03569,0.07375,0.14624
final,20,1,189,0.03604,0.07381,0.14518
final,20,1,190,0.03636,0.07384,0.14418
final,20,1,191,0.03663,0.07385,0.14329
final,20,1,192,0.03682,0.07384,0.14258
final,20,2,20,0.4424,0.57967,0.70563
final,20,2,21,0.46753,0.60096,0.72092
final,20,2,22,0.49001,0.61997,0.73474
final,20,2,23,0.50987,0.63678,0.74713
final,20,2,24,0.52721,0.65152,0.75814
final,20,2,25,0.54216,0.66431,0.76783
final,20,2,26,0.55488,0.67528,0.77624
final,20,2,27,0.56551,0.68455,0.78346
final,20,2,28,0.5742,0.69222,0.78952
final,20,2,29,0.58109,0.69841,0.79449
final,20,2,30,0.58629,0.7032,0.79843
final,20,2,31,0.58991,0.70668,0.8014
final,20,2,32,0.59206,0.70892,0.80342
final,20,2,33,0.59282,0.70999,0.80456
final,20,2,34,0.59224,0.70993,0.80484
final,20,2,35,0.5904,0.7088,0.80431
final,20,2,36,0.58735,0.70662,0.80298
final,20,2,37,0.58313,0.70344,0.80089
final,20,2,38,0.57779,0.69929,0.79804
final,20,2,39,0.57137,0.69419,0.79447
final,20,2,40,0.5639,0.68815,0.79018
final,20,2,41,0.55542,0.68122,0.78519
final,20,2,42,0.54597,0.67339,0.7795
final,20,2,43,0.5356,0.66471,0.77314
final,20,2,44,0.52435,0.65519,0.7661
final,20,2,45,0.51227,0.64487,0.75841
final,20,2,46,0.49944,0.63376,0.75008
final,20,2,47,0.48591,0.62192,0.74113
final,20,2,48,0.47176,0.60939,0.73156
final,20,2,49,0.45708,0.59621,0.72141
final,20,2,50,0.44196,0.58243,0.71069
final,20,2,51,0.42649,0.56813,0.69944
final,20,2,52,0.41077,0.55336,0.68768
final,20,2,53,0.39492,0.53821,0.67545
final,20,2,54,0.37902,0.52274,0.66279
final,20,2,55,0.3632,0.50705,0.64975
final,20,2,56,0.34755,0.49122,0.63636
final,20,2,57,0.33216,0.47534,0.62269
final,20,2,58,0.31714,0.45949,0.60877
final,20,2,59,0.30256,0.44376,0.59468
final,20,2,60,0.28849,0.42825,0.58048
final,20,2,61,0.27499,0.41302,0.56621
final,20,2,62,0.2621,0.39813,0.55195
final,20,2,63,0.24981,0.38361,0.5377
final,20,2,64,0.23812,0.36947,0.52351
final,20,2,65,0.227,0.35574,0.50939
final,20,2,66,0.21644,0.34242,0.49539
final,20,2,67,0.20642,0.32953,0.48152
final,20,2,68,0.19692,0.31707,0.46782
final,20,2,69,0.18793,0.30505,0.45432
final,20,2,70,0.17942,0.29346,0.44104
final,20,2,71,0.17136,0.28231,0.42801
final,20,2,72,0.16374,0.2716,0.41525
final,20,2,73,0.15653,0.26133,0.40278
final,20,2,74,0.14971,0.25148,0.39063
final,20,2,75,0.14327,0.24205,0.37881
final,20,2,76,0.13718,0.23303,0.36734
final,20,2,77,0.13142,0.22441,0.35623
final,20,2,78,0.12597,0.21619,0.34548
final,20,2,79,0.12083,0.20835,0.33511
final,20,2,80,0.11596,0.20089,0.32513
final,20,2,81,0.11136,0.19378,0.31554
final,20,2,82,0.10701,0.18702,0.30633
final,20,2,83,0.1029,0.1806,0.29752
final,20,2,84,0.09901,0.1745,0.28909
final,20,2,85,0.09533,0.16872,0.28105
final,20,2,86,0.09186,0.16324,0.27339
final,20,2,87,0.08857,0.15805,0.26611
final,20,2,88,0.08547,0.15313,0.25919
final,20,2,89,0.08254,0.14849,0.25263
final,20,2,90,0.07977,0.1441,0.24643
final,20,2,91,0.07715,0.13996,0.24057
final,20,2,92,0.07469,0.13606,0.23504
final,20,2,93,0.07236,0.13238,0.22983
final,20,2,94,0.07018,0.12892,0.22495
final,20,2,95,0.06812,0.12567,0.22036
final,20,2,96,0.06618,0.12262,0.21607
final,20,2,97,0.06436,0.11977,0.21207
final,20,2,98,0.06266,0.1171,0.20834
final,20,2,99,0.06107,0.11462,0.20488
final,20,2,100,0.05958,0.1123,0.20168
final,20,2,101,0.05819,0.11016,0.19873
final,20,2,102,0.0569,0.10817,0.19602
final,20,2,103,0.05571,0.10634,0.19355
final,20,2,104,0.05461,0.10466,0.19132
final,20,2,105,0.05359,0.10313,0.18931
final,20,2,106,0.05267,0.10175,0.18752
final,20,2,107,0.05182,0.1005,0.18594
final,20,2,108,0.05106,0.09939,0.18458
final,20,2,109,0.05037,0.09841,0.18341
final,20,2,110,0.04975,0.09754,0.18244
final,20,2,111,0.04919,0.09678,0.18164
final,20,2,112,0.04869,0.09613,0.18101
final,20,2,113,0.04824,0.09557,0.18054
final,20,2,114,0.04784,0.09511,0.18022
final,20,2,115,0.04749,0.09472,0.18005
final,20,2,116,0.04718,0.09442,0.18002
final,20,2,117,0.04692,0.09419,0.18012
final,20,2,118,0.04668,0.09404,0.18034
final,20,2,119,0.04648,0.09394,0.18067
final,20,2,120,0.04631,0.0939,0.18112
final,20,2,121,0.04617,0.09392,0.18167
final,20,2,122,0.04604,0.09399,0.18231
final,20,2,123,0.04594,0.0941,0.18304
final,20,2,124,0.04586,0.09425,0.18385
final,20,2,125,0.0458,0.09444,0.18474
final,20,2,126,0.04575,0.09466,0.18569
final,20,2,127,0.04571,0.09491,0.18669
final,20,2,128,0.04568,0.09517,0.18775
final,20,2,129,0.04566,0.09546,0.18884
final,20,2,130,0.04564,0.09576,0.18996
final,20,2,131,0.04562,0.09607,0.19111
final,20,2,132,0.04561,0.09638,0.19226
final,20,2,133,0.0456,0.09669,0.19342
final,20,2,134,0.04558,0.09699,0.19457
final,20,2,135,0.04556,0.09728,0.1957
final,20,2,136,0.04553,0.09756,0.19681
final,20,2,137,0.04549,0.09782,0.19787
final,20,2,138,0.04543,0.09805,0.19889
final,20,2,139,0.04537,0.09825,0.19985
final,20,2,140,0.04529,0.09841,0.20075
final,20,2,141,0.04519,0.09854,0.20156
final,20,2,142,0.04507,0.09861,0.20229
final,20,2,143,0.04493,0.09864,0.20293
final,20,2,144,0.04476,0.09861,0.20346
final,20,2,145,0.04456,0.09852,0.20387
final,20,2,146,0.04433,0.09836,0.20417
final,20,2,147,0.04407,0.09814,0.20434
final,20,2,148,0.04378,0.09784,0.20439
final,20,2,149,0.04344,0.09746,0.20429
final,20,2,150,0.04307,0.097,0.20406
final,20,2,151,0.04265,0.09645,0.20369
final,20,2,152,0.04218,0.09582,0.20318
final,20,2,153,0.04167,0.09509,0.20252
final,20,2,154,0.0411,0.09427,0.20174
final,20,2,155,0.04049,0.09337,0.20085
final,20,2,156,0.03983,0.09239,0.19987
final,20,2,157,0.03914,0.09135,0.19882
final,20,2,158,0.03841,0.09026,0.19771
final,20,2,159,0.03765,0.08911,0.19656
final,20,2,160,0.03686,0.08792,0.19537
final,20,2,161,0.03605,0.0867,0.19415
final,20,2,162,0.03523,0.08545,0.19291
final,20,2,163,0.03441,0.08418,0.19165
final,20,2,164,0.03357,0.08289,0.19038
final,20,2,165,0.03274,0.0816,0.18909
final,20,2,166,0.03192,0.0803,0.18779
final,20,2,167,0.03111,0.07901,0.18647
final,20,2,168,0.03031,0.07773,0.18514
final,20,2,169,0.02954,0.07646,0.18379
final,20,2,170,0.02879,0.07521,0.18243
final,20,2,171,0.02806,0.07399,0.18105
final,20,2,172,0.02737,0.07279,0.17966
final,20,2,173,0.02671,0.07162,0.17826
final,20,2,174,0.02607,0.07049,0.17685
final,20,2,175,0.02547,0.0694,0.17545
final,20,2,176,0.02491,0.06836,0.17407
final,20,2,177,0.02437,0.06735,0.17271
final,20,2,178,0.02387,0.0664,0.17141
final,20,2,179,0.02339,0.0655,0.17017
final,20,2,180,0.02295,0.06465,0.16903
final,20,2,181,0.02252,0.06385,0.16801
final,20,2,182,0.02211,0.06312,0.16717
final,20,2,183,0.02172,0.06245,0.16653
final,20,2,184,0.02134,0.06184,0.16616
final,20,2,185,0.02095,0.06129,0.16611
final,20,2,186,0.02056,0.06081,0.16645
final,20,2,187,0.02016,0.06041,0.16727
final,20,2,188,0.01974,0.06007,0.16865
final,20,2,189,0.01929,0.05982,0.1707
final,20,2,190,0.0188,0.05964,0.17354
final,20,2,191,0.01826,0.05954,0.17729
final,20,2,192,0.01768,0.05953,0.18211
final,20,3,20,0.63777,0.78292,0.88077
final,20,3,21,0.63628,0.77898,0.87656
final,20,3,22,0.63353,0.77454,0.87224
final,20,3,23,0.62962,0.76959,0.86777
final,20,3,24,0.62465,0.76413,0.86313
final,20,3,25,0.61868,0.75815,0.85829
final,20,3,26,0.6118,0.75165,0.85321
final,20,3,27,0.60409,0.74463,0.84785
final,20,3,28,0.5956,0.73709,0.84219
final,20,3,29,0.58641,0.72901,0.83618
final,20,3,30,0.57657,0.72041,0.82981
final,20,3,31,0.56615,0.71128,0.82303
final,20,3,32,0.5552,0.70162,0.81583
final,20,3,33,0.54378,0.69145,0.80818
final,20,3,34,0.53193,0.68076,0.80005
final,20,3,35,0.51971,0.66956,0.79143
final,20,3,36,0.50715,0.65788,0.7823
final,20,3,37,0.49432,0.64573,0.77266
final,20,3,38,0.48124,0.63313,0.7625
final,20,3,39,0.46797,0.62011,0.75181
final,20,3,40,0.45455,0.60668,0.7406
final,20,3,41,0.44102,0.5929,0.72887
final,20,3,42,0.42743,0.57878,0.71665
final,20,3,43,0.4138,0.56437,0.70394
final,20,3,44,0.40019,0.54972,0.69078
final,20,3,45,0.38662,0.53487,0.67719
final,20,3,46,0.37315,0.51986,0.66321
final,20,3,47,0.35981,0.50474,0.64888
final,20,3,48,0.34663,0.48958,0.63425
final,20,3,49,0.33365,0.47441,0.61935
final,20,3,50,0.32091,0.45928,0.60424
final,20,3,51,0.30842,0.44426,0.58897
final,20,3,52,0.29624,0.42938,0.5736
final,20,3,53,0.28438,0.4147,0.55817
final,20,3,54,0.27286,0.40027,0.54275
final,20,3,55,0.26172,0.38611,0.52738
final,20,3,56,0.25097,0.37228,0.51212
final,20,3,57,0.24064,0.3588,0.49701
final,20,3,58,0.23072,0.34571,0.48209
final,20,3,59,0.22125,0.33304,0.46742
final,20,3,60,0.21222,0.32081,0.45302
final,20,3,61,0.20364,0.30904,0.43893
final,20,3,62,0.19551,0.29774,0.42519
final,20,3,63,0.1878,0.2869,0.41178
final,20,3,64,0.1805,0.27651,0.39874
final,20,3,65,0.17358,0.26655,0.38606
final,20,3,66,0.16704,0.25702,0.37374
final,20,3,67,0.16083,0.24791,0.3618
final,20,3,68,0.15496,0.23919,0.35024
final,20,3,69,0.14939,0.23086,0.33905
final,20,3,70,0.14411,0.2229,0.32824
final,20,3,71,0.13911,0.2153,0.31781
final,20,3,72,0.13436,0.20804,0.30775
final,20,3,73,0.12986,0.20111,0.29806
final,20,3,74,0.12558,0.19449,0.28873
final,20,3,75,0.12151,0.18817,0.27976
final,20,3,76,0.11765,0.18215,0.27115
final,20,3,77,0.11397,0.1764,0.26288
final,20,3,78,0.11047,0.17091,0.25494
final,20,3,79,0.10713,0.16567,0.24733
final,20,3,80,0.10395,0.16067,0.24004
final,20,3,81,0.10092,0.1559,0.23306
final,20,3,82,0.09803,0.15134,0.22637
final,20,3,83,0.09527,0.14699,0.21996
final,20,3,84,0.09263,0.14284,0.21383
final,20,3,85,0.09012,0.13887,0.20796
final,20,3,86,0.08771,0.13508,0.20235
final,20,3,87,0.08541,0.13145,0.19697
final,20,3,88,0.08321,0.12799,0.19182
final,20,3,89,0.08111,0.12468,0.18689
final,20,3,90,0.0791,0.12151,0.18216
final,20,3,91,0.07718,0.11848,0.17763
final,20,3,92,0.07534,0.11558,0.17328
final,20,3,93,0.07358,0.1128,0.16911
final,20,3,94,0.0719,0.11014,0.1651
final,20,3,95,0.0703,0.10759,0.16124
final,20,3,96,0.06876,0.10515,0.15753
final,20,3,97,0.0673,0.10281,0.15396
final,20,3,98,0.06589,0.10056,0.15052
final,20,3,99,0.06455,0.0984,0.14721
final,20,3,100,0.06327,0.09633,0.14401
final,20,3,101,0.06205,0.09434,0.14092
final,20,3,102,0.06088,0.09243,0.13793
final,20,3,103,0.05975,0.09059,0.13505
final,20,3,104,0.05868,0.08882,0.13227
final,20,3,105,0.05764,0.08711,0.12958
final,20,3,106,0.05664,0.08547,0.127
final,20,3,107,0.05568,0.08389,0.1245
final,20,3,108,0.05475,0.08236,0.1221
final,20,3,109,0.05385,0.08089,0.11981
final,20,3,110,0.05296,0.07947,0.11761
final,20,3,111,0.0521,0.07811,0.11552
final,20,3,112,0.05124,0.07679,0.11354
final,20,3,113,0.0504,0.07552,0.11168
final,20,3,114,0.04957,0.07429,0.10992
final,20,3,115,0.04874,0.07311,0.10828
final,20,3,116,0.04791,0.07197,0.10675
final,20,3,117,0.04708,0.07087,0.10534
final,20,3,118,0.04626,0.06981,0.10404
final,20,3,119,0.04543,0.06879,0.10285
final,20,3,120,0.04461,0.0678,0.10177
final,20,3,121,0.04379,0.06685,0.10079
final,20,3,122,0.04297,0.06594,0.09991
final,20,3,123,0.04215,0.06506,0.09912
final,20,3,124,0.04134,0.06421,0.09843
final,20,3,125,0.04054,0.06339,0.09781
final,20,3,126,0.03974,0.0626,0.09727
final,20,3,127,0.03896,0.06184,0.0968
final,20,3,128,0.0382,0.06111,0.0964
final,20,3,129,0.03745,0.06041,0.09604
final,20,3,130,0.03672,0.05973,0.09574
final,20,3,131,0.03601,0.05908,0.09547
final,20,3,132,0.03532,0.05845,0.09524
final,20,3,133,0.03466,0.05785,0.09503
final,20,3,134,0.03402,0.05727,0.09484
final,20,3,135,0.03342,0.05671,0.09465
final,20,3,136,0.03284,0.05618,0.09448
final,20,3,137,0.0323,0.05566,0.09429
final,20,3,138,0.03178,0.05517,0.0941
final,20,3,139,0.0313,0.0547,0.09389
final,20,3,140,0.03085,0.05425,0.09366
final,20,3,141,0.03044,0.05381,0.09339
final,20,3,142,0.03006,0.0534,0.0931
final,20,3,143,0.02972,0.053,0.09276
final,20,3,144,0.02942,0.05262,0.09237
final,20,3,145,0.02915,0.05226,0.09194
final,20,3,146,0.02892,0.05191,0.09145
final,20,3,147,0.02873,0.05158,0.0909
final,20,3,148,0.02858,0.05127,0.09029
final,20,3,149,0.02846,0.05097,0.08962
final,20,3,150,0.02839,0.05068,0.08889
final,20,3,151,0.02835,0.05041,0.08808
final,20,3,152,0.02836,0.05016,0.08722
final,20,3,153,0.02841,0.04992,0.08628
final,20,3,154,0.02849,0.04969,0.0853
final,20,3,155,0.02861,0.04949,0.08427
final,20,3,156,0.02876,0.04929,0.08322
final,20,3,157,0.02895,0.04912,0.08216
final,20,3,158,0.02916,0.04896,0.0811
final,20,3,159,0.0294,0.04883,0.08005
final,20,3,160,0.02966,0.04872,0.07903
final,20,3,161,0.02994,0.04863,0.07804
final,20,3,162,0.03024,0.04857,0.0771
final,20,3,163,0.03056,0.04853,0.07622
final,20,3,164,0.0309,0.04852,0.07539
final,20,3,165,0.03125,0.04853,0.07464
final,20,3,166,0.03162,0.04858,0.07395
final,20,3,167,0.03199,0.04866,0.07335
final,20,3,168,0.03238,0.04877,0.07283
final,20,3,169,0.03278,0.04892,0.0724
final,20,3,170,0.0332,0.0491,0.07206
final,20,3,171,0.03362,0.04932,0.07182
final,20,3,172,0.03405,0.04958,0.07167
final,20,3,173,0.03449,0.04989,0.07164
final,20,3,174,0.03494,0.05023,0.07172
final,20,3,175,0.0354,0.05063,0.07192
final,20,3,176,0.03585,0.05107,0.07227
final,20,3,177,0.0363,0.05156,0.07277
final,20,3,178,0.03673,0.05211,0.07345
final,20,3,179,0.03713,0.05272,0.07434
final,20,3,180,0.0375,0.05339,0.07548
final,20,3,181,0.03781,0.05412,0.0769
final,20,3,182,0.03805,0.05492,0.07866
final,20,3,183,0.03819,0.05579,0.08081
final,20,3,184,0.03823,0.05673,0.08341
final,20,3,185,0.03815,0.05776,0.08655
final,20,3,186,0.03794,0.05888,0.09029
final,20,3,187,0.03759,0.06009,0.09473
final,20,3,188,0.0371,0.0614,0.09996
final,20,3,189,0.03646,0.06281,0.10611
final,20,3,190,0.03568,0.06434,0.11329
final,20,3,191,0.03477,0.06598,0.12167
final,20,3,192,0.03374,0.06776,0.13141
final,20,4,20,0.58486,0.76592,0.88371
final,20,4,21,0.60303,0.76798,0.87823
final,20,4,22,0.61824,0.76907,0.87259
final,20,4,23,0.63064,0.76922,0.86679
final,20,4,24,0.64037,0.76846,0.86084
final,20,4,25,0.6476,0.76683,0.85476
final,20,4,26,0.65246,0.76433,0.84855
final,20,4,27,0.6551,0.76099,0.84221
final,20,4,28,0.65564,0.75681,0.83571
final,20,4,29,0.65423,0.7518,0.82904
final,20,4,30,0.65098,0.74596,0.82216
final,20,4,31,0.64601,0.73929,0.81503
final,20,4,32,0.63946,0.73179,0.80759
final,20,4,33,0.63144,0.72345,0.79978
final,20,4,34,0.62206,0.71428,0.79155
final,20,4,35,0.61144,0.70428,0.78282
final,20,4,36,0.59968,0.69345,0.77355
final,20,4,37,0.58689,0.6818,0.76369
final,20,4,38,0.57315,0.66934,0.75319
final,20,4,39,0.55857,0.6561,0.74203
final,20,4,40,0.54324,0.64209,0.73017
final,20,4,41,0.52724,0.62735,0.71761
final,20,4,42,0.51066,0.61192,0.70436
final,20,4,43,0.49359,0.59585,0.69041
final,20,4,44,0.47613,0.5792,0.67579
final,20,4,45,0.45837,0.56203,0.66055
final,20,4,46,0.4404,0.54442,0.64471
final,20,4,47,0.42231,0.52645,0.62834
final,20,4,48,0.40421,0.50821,0.6115
final,20,4,49,0.38619,0.48978,0.59426
final,20,4,50,0.36834,0.47127,0.57669
final,20,4,51,0.35077,0.45276,0.55888
final,20,4,52,0.33355,0.43435,0.5409
final,20,4,53,0.31677,0.41614,0.52283
final,20,4,54,0.30051,0.39821,0.50476
final,20,4,55,0.28484,0.38066,0.48677
final,20,4,56,0.26982,0.36354,0.46892
final,20,4,57,0.25549,0.34695,0.45129
final,20,4,58,0.24191,0.33092,0.43394
final,20,4,59,0.2291,0.31553,0.41694
final,20,4,60,0.21707,0.3008,0.40032
final,20,4,61,0.20583,0.28676,0.38412
final,20,4,62,0.19534,0.2734,0.36837
final,20,4,63,0.18556,0.2607,0.35308
final,20,4,64,0.17644,0.24864,0.33825
final,20,4,65,0.16796,0.23722,0.32391
final,20,4,66,0.16008,0.22641,0.31007
final,20,4,67,0.15275,0.21618,0.29673
final,20,4,68,0.14593,0.20652,0.28389
final,20,4,69,0.1396,0.1974,0.27157
final,20,4,70,0.13372,0.1888,0.25975
final,20,4,71,0.12825,0.18069,0.24845
final,20,4,72,0.12317,0.17305,0.23765
final,20,4,73,0.11845,0.16586,0.22736
final,20,4,74,0.11405,0.1591,0.21756
final,20,4,75,0.10997,0.15273,0.20824
final,20,4,76,0.10616,0.14675,0.1994
final,20,4,77,0.10262,0.14113,0.19103
final,20,4,78,0.09931,0.13585,0.1831
final,20,4,79,0.09623,0.13089,0.17562
final,20,4,80,0.09335,0.12624,0.16857
final,20,4,81,0.09066,0.12188,0.16193
final,20,4,82,0.08814,0.11778,0.15569
final,20,4,83,0.08578,0.11394,0.14984
final,20,4,84,0.08357,0.11035,0.14436
final,20,4,85,0.08149,0.10698,0.13924
final,20,4,86,0.07953,0.10383,0.13447
final,20,4,87,0.07769,0.10088,0.13002
final,20,4,88,0.07596,0.09813,0.1259
final,20,4,89,0.07432,0.09556,0.12208
final,20,4,90,0.07277,0.09316,0.11855
final,20,4,91,0.0713,0.09093,0.1153
final,20,4,92,0.06991,0.08886,0.11231
final,20,4,93,0.0686,0.08693,0.10958
final,20,4,94,0.06736,0.08515,0.10709
final,20,4,95,0.06619,0.0835,0.10482
final,20,4,96,0.06508,0.08197,0.10278
final,20,4,97,0.06403,0.08058,0.10093
final,20,4,98,0.06305,0.0793,0.09929
final,20,4,99,0.06214,0.07813,0.09782
final,20,4,100,0.06129,0.07708,0.09652
final,20,4,101,0.0605,0.07613,0.09539
final,20,4,102,0.05978,0.07528,0.09441
final,20,4,103,0.05912,0.07454,0.09357
final,20,4,104,0.05853,0.07389,0.09287
final,20,4,105,0.05801,0.07333,0.0923
final,20,4,106,0.05755,0.07287,0.09186
final,20,4,107,0.05716,0.07249,0.09154
final,20,4,108,0.05683,0.07221,0.09134
final,20,4,109,0.05657,0.072,0.09124
final,20,4,110,0.05636,0.07188,0.09126
final,20,4,111,0.0562,0.07183,0.09138
final,20,4,112,0.05609,0.07185,0.0916
final,20,4,113,0.05602,0.07193,0.09192
final,20,4,114,0.05598,0.07208,0.09234
final,20,4,115,0.05599,0.07228,0.09285
final,20,4,116,0.05602,0.07254,0.09346
final,20,4,117,0.05607,0.07285,0.09415
final,20,4,118,0.05615,0.07321,0.09493
final,20,4,119,0.05625,0.07362,0.0958
final,20,4,120,0.05637,0.07406,0.09675
final,20,4,121,0.0565,0.07455,0.09777
final,20,4,122,0.05664,0.07507,0.09887
final,20,4,123,0.05679,0.07562,0.10004
final,20,4,124,0.05695,0.0762,0.10127
final,20,4,125,0.05711,0.07681,0.10255
final,20,4,126,0.05728,0.07743,0.10388
final,20,4,127,0.05746,0.07807,0.10525
final,20,4,128,0.05764,0.07873,0.10666
final,20,4,129,0.05782,0.07939,0.10809
final,20,4,130,0.058,0.08006,0.10953
final,20,4,131,0.05818,0.08073,0.11098
final,20,4,132,0.05836,0.08139,0.11242
final,20,4,133,0.05855,0.08205,0.11384
final,20,4,134,0.05873,0.08269,0.11523
final,20,4,135,0.05891,0.08331,0.11657
final,20,4,136,0.05909,0.08392,0.11786
final,20,4,137,0.05927,0.08449,0.11908
final,20,4,138,0.05945,0.08503,0.12021
final,20,4,139,0.05963,0.08553,0.12124
final,20,4,140,0.0598,0.08599,0.12216
final,20,4,141,0.05997,0.0864,0.12296
final,20,4,142,0.06014,0.08675,0.12361
final,20,4,143,0.0603,0.08705,0.12411
final,20,4,144,0.06046,0.08728,0.12443
final,20,4,145,0.06061,0.08744,0.12458
final,20,4,146,0.06076,0.08753,0.12454
final,20,4,147,0.0609,0.08754,0.12429
final,20,4,148,0.06103,0.08746,0.12382
final,20,4,149,0.06116,0.08729,0.12314
final,20,4,150,0.06127,0.08703,0.12222
final,20,4,151,0.06138,0.08668,0.12106
final,20,4,152,0.06147,0.08622,0.11967
final,20,4,153,0.06155,0.08566,0.11804
final,20,4,154,0.06161,0.085,0.11617
final,20,4,155,0.06165,0.08423,0.11408
final,20,4,156,0.06167,0.08337,0.11181
final,20,4,157,0.06167,0.08244,0.1094
final,20,4,158,0.06164,0.08144,0.10688
final,20,4,159,0.06159,0.0804,0.10431
final,20,4,160,0.0615,0.0793,0.1017
final,20,4,161,0.06138,0.07818,0.09909
final,20,4,162,0.06123,0.07704,0.09652
final,20,4,163,0.06103,0.07589,0.09401
final,20,4,164,0.0608,0.07475,0.09158
final,20,4,165,0.06052,0.07361,0.08926
final,20,4,166,0.06019,0.07249,0.08706
final,20,4,167,0.05983,0.07139,0.085
final,20,4,168,0.05941,0.07034,0.08309
final,20,4,169,0.05897,0.06932,0.08133
final,20,4,170,0.05849,0.06835,0.07974
final,20,4,171,0.05799,0.06744,0.0783
final,20,4,172,0.05749,0.06659,0.07701
final,20,4,173,0.057,0.06581,0.07587
final,20,4,174,0.05653,0.0651,0.07486
final,20,4,175,0.0561,0.06447,0.07399
final,20,4,176,0.05573,0.06392,0.07323
final,20,4,177,0.05542,0.06347,0.0726
final,20,4,178,0.05518,0.06311,0.0721
final,20,4,179,0.05502,0.06286,0.07173
final,20,4,180,0.05492,0.06271,0.07152
final,20,4,181,0.05489,0.06268,0.0715
final,20,4,182,0.0549,0.06278,0.0717
final,20,4,183,0.05491,0.063,0.07219
final,20,4,184,0.0549,0.06337,0.07304
final,20,4,185,0.05484,0.06388,0.07431
final,20,4,186,0.05468,0.06456,0.07608
final,20,4,187,0.05443,0.06541,0.07843
final,20,4,188,0.05407,0.06645,0.08143
final,20,4,189,0.05361,0.0677,0.08516
final,20,4,190,0.05304,0.06916,0.08972
final,20,4,191,0.05239,0.07087,0.09523
final,20,4,192,0.05166,0.07285,0.10181
final,20,5,20,0.43489,0.57238,0.69954
final,20,5,21,0.45879,0.58864,0.70723
final,20,5,22,0.47973,0.60315,0.7147
final,20,5,23,0.49779,0.61597,0.72188
final,20,5,24,0.51312,0.62719,0.72866
final,20,5,25,0.52591,0.63688,0.73496
final,20,5,26,0.5364,0.64513,0.74069
final,20,5,27,0.54481,0.65201,0.74575
final,20,5,28,0.55136,0.65761,0.75009
final,20,5,29,0.55624,0.66197,0.75367
final,20,5,30,0.5596,0.66517,0.75645
final,20,5,31,0.56158,0.66726,0.75842
final,20,5,32,0.56231,0.66829,0.75959
final,20,5,33,0.56186,0.66831,0.75995
final,20,5,34,0.5603,0.66735,0.75953
final,20,5,35,0.5577,0.66546,0.75834
final,20,5,36,0.55409,0.66265,0.7564
final,20,5,37,0.54951,0.65897,0.75375
final,20,5,38,0.54399,0.65444,0.75041
final,20,5,39,0.53755,0.64908,0.7464
final,20,5,40,0.53023,0.64292,0.74175
final,20,5,41,0.52203,0.63599,0.7365
final,20,5,42,0.51299,0.62831,0.73066
final,20,5,43,0.50315,0.61991,0.72427
final,20,5,44,0.49255,0.61082,0.71735
final,20,5,45,0.48123,0.60107,0.70991
final,20,5,46,0.46925,0.5907,0.702
final,20,5,47,0.45668,0.57974,0.69362
final,20,5,48,0.4436,0.56824,0.68479
final,20,5,49,0.43009,0.55624,0.67553
final,20,5,50,0.41624,0.5438,0.66585
final,20,5,51,0.40216,0.53096,0.65577
final,20,5,52,0.38794,0.5178,0.6453
final,20,5,53,0.37368,0.50436,0.63445
final,20,5,54,0.35948,0.49071,0.62323
final,20,5,55,0.34546,0.47692,0.61166
final,20,5,56,0.33169,0.46305,0.59975
final,20,5,57,0.31823,0.44915,0.58752
final,20,5,58,0.30513,0.43527,0.57498
final,20,5,59,0.29241,0.42143,0.56216
final,20,5,60,0.28007,0.40768,0.54909
final,20,5,61,0.26812,0.39404,0.53579
final,20,5,62,0.25659,0.38054,0.52231
final,20,5,63,0.24546,0.36723,0.50867
final,20,5,64,0.23475,0.35412,0.49493
final,20,5,65,0.22445,0.34125,0.48113
final,20,5,66,0.21455,0.32864,0.4673
final,20,5,67,0.20505,0.31631,0.45349
final,20,5,68,0.19595,0.30428,0.43975
final,20,5,69,0.18722,0.29258,0.42613
final,20,5,70,0.17888,0.28121,0.41266
final,20,5,71,0.1709,0.27019,0.39938
final,20,5,72,0.16328,0.25954,0.38634
final,20,5,73,0.15601,0.24925,0.37356
final,20,5,74,0.14907,0.23934,0.36108
final,20,5,75,0.14246,0.22981,0.34893
final,20,5,76,0.13616,0.22066,0.33712
final,20,5,77,0.13017,0.21189,0.32569
final,20,5,78,0.12448,0.2035,0.31465
final,20,5,79,0.11907,0.19548,0.304
final,20,5,80,0.11394,0.18784,0.29377
final,20,5,81,0.10908,0.18056,0.28395
final,20,5,82,0.10448,0.17364,0.27455
final,20,5,83,0.10013,0.16707,0.26557
final,20,5,84,0.09602,0.16085,0.25701
final,20,5,85,0.09214,0.15496,0.24886
final,20,5,86,0.08849,0.14939,0.24112
final,20,5,87,0.08505,0.14414,0.23378
final,20,5,88,0.08183,0.13919,0.22684
final,20,5,89,0.07881,0.13454,0.22028
final,20,5,90,0.07598,0.13018,0.21409
final,20,5,91,0.07334,0.12609,0.20827
final,20,5,92,0.07088,0.12227,0.20281
final,20,5,93,0.06859,0.11871,0.19769
final,20,5,94,0.06647,0.1154,0.19292
final,20,5,95,0.06451,0.11233,0.18847
final,20,5,96,0.0627,0.1095,0.18436
final,20,5,97,0.06104,0.10689,0.18055
final,20,5,98,0.05951,0.10448,0.17704
final,20,5,99,0.05811,0.10227,0.17382
final,20,5,100,0.05681,0.10025,0.17087
final,20,5,101,0.05562,0.09839,0.16819
final,20,5,102,0.05453,0.0967,0.16575
final,20,5,103,0.05352,0.09515,0.16355
final,20,5,104,0.0526,0.09374,0.16159
final,20,5,105,0.05174,0.09247,0.15986
final,20,5,106,0.05096,0.09133,0.15834
final,20,5,107,0.05023,0.0903,0.15703
final,20,5,108,0.04957,0.08938,0.15593
final,20,5,109,0.04895,0.08857,0.15503
final,20,5,110,0.04839,0.08786,0.15432
final,20,5,111,0.04786,0.08725,0.1538
final,20,5,112,0.04738,0.08672,0.15346
final,20,5,113,0.04694,0.08628,0.1533
final,20,5,114,0.04653,0.08593,0.15331
final,20,5,115,0.04616,0.08565,0.15348
final,20,5,116,0.04581,0.08544,0.15381
final,20,5,117,0.0455,0.0853,0.1543
final,20,5,118,0.04521,0.08523,0.15494
final,20,5,119,0.04495,0.08523,0.15572
final,20,5,120,0.04471,0.08528,0.15663
final,20,5,121,0.0445,0.0854,0.15768
final,20,5,122,0.04431,0.08556,0.15886
final,20,5,123,0.04413,0.08578,0.16015
final,20,5,124,0.04398,0.08605,0.16156
final,20,5,125,0.04385,0.08637,0.16309
final,20,5,126,0.04373,0.08673,0.16471
final,20,5,127,0.04363,0.08713,0.16644
final,20,5,128,0.04355,0.08757,0.16826
final,20,5,129,0.04348,0.08805,0.17017
final,20,5,130,0.04342,0.08856,0.17216
final,20,5,131,0.04337,0.0891,0.17424
final,20,5,132,0.04333,0.08967,0.1764
final,20,5,133,0.0433,0.09026,0.17864
final,20,5,134,0.04327,0.09088,0.18096
final,20,5,135,0.04324,0.09151,0.18335
final,20,5,136,0.04321,0.09217,0.18582
final,20,5,137,0.04317,0.09283,0.18837
final,20,5,138,0.04314,0.09352,0.191
final,20,5,139,0.0431,0.09422,0.19371
final,20,5,140,0.04306,0.09495,0.1965
final,20,5,141,0.04303,0.09569,0.19935
final,20,5,142,0.04301,0.09645,0.20226
final,20,5,143,0.043,0.09724,0.20521
final,20,5,144,0.04301,0.09804,0.20818
final,20,5,145,0.04304,0.09887,0.21115
final,20,5,146,0.0431,0.09972,0.21409
final,20,5,147,0.0432,0.1006,0.21699
final,20,5,148,0.04334,0.10151,0.21981
final,20,5,149,0.04353,0.10244,0.22253
final,20,5,150,0.04378,0.1034,0.22511
final,20,5,151,0.04409,0.1044,0.22753
final,20,5,152,0.04448,0.10542,0.22976
final,20,5,153,0.04495,0.10647,0.23178
final,20,5,154,0.0455,0.10756,0.23356
final,20,5,155,0.04615,0.10869,0.23509
final,20,5,156,0.04689,0.10985,0.23636
final,20,5,157,0.04774,0.11105,0.23738
final,20,5,158,0.04869,0.11229,0.23815
final,20,5,159,0.04975,0.11357,0.23869
final,20,5,160,0.0509,0.11489,0.23906
final,20,5,161,0.05214,0.11625,0.23932
final,20,5,162,0.05344,0.11767,0.23956
final,20,5,163,0.05477,0.11913,0.2399
final,20,5,164,0.0561,0.12064,0.2405
final,20,5,165,0.05736,0.1222,0.24157
final,20,5,166,0.05846,0.12382,0.24335
final,20,5,167,0.05932,0.12549,0.24614
final,20,5,168,0.05983,0.12722,0.25028
final,20,5,169,0.05989,0.12901,0.25616
final,20,5,170,0.05939,0.13086,0.26418
final,20,5,171,0.05827,0.13278,0.27475
final,20,5,172,0.05651,0.13476,0.28828
final,20,5,173,0.05412,0.13682,0.30513
final,20,5,174,0.05116,0.13895,0.32565
final,20,5,175,0.04774,0.14115,0.35011
final,20,5,176,0.04397,0.14343,0.37873
final,20,5,177,0.03998,0.14579,0.41161
final,20,5,178,0.03589,0.14824,0.44868
final,20,5,179,0.03181,0.15078,0.4897
final,20,5,180,0.02784,0.15341,0.53415
final,20,5,181,0.02407,0.15613,0.58126
final,20,5,182,0.02055,0.15895,0.62997
final,20,5,183,0.01733,0.16187,0.679
final,20,5,184,0.01443,0.1649,0.72695
final,20,5,185,0.01188,0.16804,0.77245
final,20,5,186,0.00965,0.17129,0.8143
final,20,5,187,0.00774,0.17466,0.85162
final,20,5,188,0.00613,0.17815,0.88389
final,20,5,189,0.0048,0.18177,0.91098
final,20,5,190,0.00371,0.18553,0.93308
final,20,5,191,0.00283,0.18942,0.95065
final,20,5,192,0.00213,0.19345,0.96427
final,20,6,20,0.01388,0.37044,0.96094
final,20,6,21,0.0155,0.37361,0.95761
final,20,6,22,0.0172,0.37623,0.9541
final,20,6,23,0.01897,0.37832,0.95038
final,20,6,24,0.0208,0.37989,0.94644
final,20,6,25,0.02268,0.38094,0.94226
final,20,6,26,0.02459,0.3815,0.93784
final,20,6,27,0.02654,0.38156,0.93316
final,20,6,28,0.02851,0.38114,0.92819
final,20,6,29,0.03049,0.38027,0.92292
final,20,6,30,0.03247,0.37895,0.91732
final,20,6,31,0.03444,0.3772,0.91138
final,20,6,32,0.0364,0.37503,0.90507
final,20,6,33,0.03833,0.37247,0.89837
final,20,6,34,0.04023,0.36952,0.89126
final,20,6,35,0.04208,0.36621,0.88372
final,20,6,36,0.04389,0.36256,0.87572
final,20,6,37,0.04565,0.35858,0.86725
final,20,6,38,0.04735,0.35429,0.85829
final,20,6,39,0.04898,0.34971,0.84883
final,20,6,40,0.05054,0.34486,0.83885
final,20,6,41,0.05202,0.33976,0.82833
final,20,6,42,0.05343,0.33442,0.81729
final,20,6,43,0.05474,0.32888,0.8057
final,20,6,44,0.05597,0.32315,0.79359
final,20,6,45,0.0571,0.31725,0.78095
final,20,6,46,0.05814,0.3112,0.7678
final,20,6,47,0.05908,0.30501,0.75416
final,20,6,48,0.05992,0.29872,0.74004
final,20,6,49,0.06066,0.29234,0.72549
final,20,6,50,0.06129,0.28589,0.71054
final,20,6,51,0.06183,0.27939,0.69521
final,20,6,52,0.06227,0.27286,0.67956
final,20,6,53,0.0626,0.26631,0.66363
final,20,6,54,0.06285,0.25977,0.64745
final,20,6,55,0.063,0.25325,0.63109
final,20,6,56,0.06306,0.24677,0.61459
final,20,6,57,0.06305,0.24033,0.59798
final,20,6,58,0.06296,0.23397,0.58133
final,20,6,59,0.0628,0.22768,0.56466
final,20,6,60,0.06258,0.22149,0.54802
final,20,6,61,0.06231,0.2154,0.53144
final,20,6,62,0.062,0.20943,0.51496
final,20,6,63,0.06165,0.20357,0.49861
final,20,6,64,0.06126,0.19783,0.48241
final,20,6,65,0.06085,0.19222,0.46639
final,20,6,66,0.0604,0.18674,0.45058
final,20,6,67,0.05994,0.18138,0.435
final,20,6,68,0.05946,0.17615,0.41968
final,20,6,69,0.05896,0.17106,0.40464
final,20,6,70,0.05845,0.1661,0.3899
final,20,6,71,0.05793,0.16127,0.37549
final,20,6,72,0.0574,0.15658,0.36141
final,20,6,73,0.05686,0.15202,0.34769
final,20,6,74,0.05633,0.14759,0.33435
final,20,6,75,0.05579,0.1433,0.32139
final,20,6,76,0.05524,0.13915,0.30883
final,20,6,77,0.0547,0.13512,0.29667
final,20,6,78,0.05416,0.13123,0.28493
final,20,6,79,0.05362,0.12747,0.27361
final,20,6,80,0.05308,0.12383,0.2627
final,20,6,81,0.05255,0.12032,0.25222
final,20,6,82,0.05202,0.11693,0.24216
final,20,6,83,0.05149,0.11367,0.23253
final,20,6,84,0.05097,0.11053,0.2233
final,20,6,85,0.05045,0.1075,0.2145
final,20,6,86,0.04993,0.10459,0.20609
final,20,6,87,0.04942,0.10179,0.19809
final,20,6,88,0.04892,0.0991,0.19047
final,20,6,89,0.04842,0.09653,0.18323
final,20,6,90,0.04792,0.09405,0.17637
final,20,6,91,0.04743,0.09168,0.16986
final,20,6,92,0.04695,0.08941,0.1637
final,20,6,93,0.04647,0.08724,0.15788
final,20,6,94,0.046,0.08517,0.15238
final,20,6,95,0.04553,0.08319,0.14719
final,20,6,96,0.04508,0.0813,0.14231
final,20,6,97,0.04463,0.0795,0.13771
final,20,6,98,0.04419,0.07779,0.13338
final,20,6,99,0.04376,0.07616,0.12932
final,20,6,100,0.04334,0.07462,0.1255
final,20,6,101,0.04294,0.07316,0.12193
final,20,6,102,0.04255,0.07177,0.11859
final,20,6,103,0.04217,0.07047,0.11546
final,20,6,104,0.0418,0.06923,0.11255
final,20,6,105,0.04146,0.06808,0.10983
final,20,6,106,0.04113,0.06699,0.1073
final,20,6,107,0.04082,0.06598,0.10496
final,20,6,108,0.04052,0.06504,0.10279
final,20,6,109,0.04024,0.06416,0.10079
final,20,6,110,0.03998,0.06334,0.09895
final,20,6,111,0.03973,0.06259,0.09726
final,20,6,112,0.03949,0.06189,0.09572
final,20,6,113,0.03926,0.06124,0.09433
final,20,6,114,0.03904,0.06065,0.09307
final,20,6,115,0.03883,0.06011,0.09194
final,20,6,116,0.03863,0.05962,0.09095
final,20,6,117,0.03843,0.05918,0.09008
final,20,6,118,0.03823,0.05878,0.08934
final,20,6,119,0.03804,0.05842,0.08871
final,20,6,120,0.03786,0.05811,0.0882
final,20,6,121,0.03767,0.05783,0.0878
final,20,6,122,0.03749,0.0576,0.08751
final,20,6,123,0.03732,0.0574,0.08732
final,20,6,124,0.03715,0.05725,0.08723
final,20,6,125,0.03699,0.05712,0.08723
final,20,6,126,0.03683,0.05704,0.08731
final,20,6,127,0.03669,0.05698,0.08749
final,20,6,128,0.03655,0.05696,0.08773
final,20,6,129,0.03643,0.05697,0.08805
final,20,6,130,0.03632,0.05702,0.08843
final,20,6,131,0.03622,0.05709,0.08888
final,20,6,132,0.03614,0.0572,0.08937
final,20,6,133,0.03609,0.05733,0.08991
final,20,6,134,0.03605,0.0575,0.0905
final,20,6,135,0.03604,0.05769,0.09111
final,20,6,136,0.03605,0.05791,0.09175
final,20,6,137,0.0361,0.05816,0.09241
final,20,6,138,0.03617,0.05843,0.09309
final,20,6,139,0.03627,0.05874,0.09377
final,20,6,140,0.03641,0.05907,0.09445
final,20,6,141,0.03658,0.05942,0.09512
final,20,6,142,0.03679,0.0598,0.09578
final,20,6,143,0.03704,0.06021,0.09641
final,20,6,144,0.03733,0.06064,0.09702
final,20,6,145,0.03767,0.0611,0.0976
final,20,6,146,0.03806,0.06158,0.09814
final,20,6,147,0.03849,0.06208,0.09863
final,20,6,148,0.03898,0.06261,0.09908
final,20,6,149,0.03952,0.06316,0.09947
final,20,6,150,0.04011,0.06373,0.09981
final,20,6,151,0.04076,0.06433,0.1001
final,20,6,152,0.04147,0.06495,0.10032
final,20,6,153,0.04223,0.06559,0.1005
final,20,6,154,0.04306,0.06625,0.10063
final,20,6,155,0.04393,0.06694,0.10075
final,20,6,156,0.04485,0.06767,0.10087
final,20,6,157,0.04581,0.06843,0.10103
final,20,6,158,0.04681,0.06923,0.10126
final,20,6,159,0.04784,0.07008,0.10157
final,20,6,160,0.04889,0.07098,0.10199
final,20,6,161,0.04996,0.07194,0.10255
final,20,6,162,0.05103,0.07296,0.10328
final,20,6,163,0.05211,0.07405,0.10419
final,20,6,164,0.0532,0.07521,0.10531
final,20,6,165,0.05428,0.07645,0.10665
final,20,6,166,0.05537,0.07778,0.10823
final,20,6,167,0.05646,0.07921,0.11005
final,20,6,168,0.05756,0.08074,0.11214
final,20,6,169,0.05869,0.08238,0.11448
final,20,6,170,0.05986,0.08415,0.11707
final,20,6,171,0.06108,0.08605,0.11992
final,20,6,172,0.06237,0.08809,0.12303
final,20,6,173,0.06376,0.09029,0.12637
final,20,6,174,0.06526,0.09266,0.12995
final,20,6,175,0.0669,0.09521,0.13376
final,20,6,176,0.06872,0.09795,0.13779
final,20,6,177,0.07072,0.10092,0.14204
final,20,6,178,0.07295,0.10411,0.14649
final,20,6,179,0.07543,0.10756,0.15115
final,20,6,180,0.07819,0.11128,0.15601
final,20,6,181,0.08126,0.1153,0.16109
final,20,6,182,0.08469,0.11964,0.1664
final,20,6,183,0.08848,0.12433,0.17196
final,20,6,184,0.09268,0.1294,0.17782
final,20,6,185,0.0973,0.13489,0.18403
final,20,6,186,0.10235,0.14082,0.19069
final,20,6,187,0.10781,0.14724,0.1979
final,20,6,188,0.11364,0.15419,0.20585
final,20,6,189,0.11977,0.16171,0.21476
final,20,6,190,0.12608,0.16985,0.22492
final,20,6,191,0.13241,0.17867,0.23667
final,20,6,192,0.13859,0.18821,0.25043
final,20,7,20,0.5576,0.72895,0.85159
final,20,7,21,0.56608,0.73054,0.84926
final,20,7,22,0.57201,0.73126,0.8471
final,20,7,23,0.57564,0.73115,0.84501
final,20,7,24,0.57724,0.73023,0.84292
final,20,7,25,0.57704,0.72852,0.84073
final,20,7,26,0.57524,0.72605,0.83836
final,20,7,27,0.57206,0.72283,0.83574
final,20,7,28,0.56764,0.71887,0.83279
final,20,7,29,0.56213,0.71419,0.82946
final,20,7,30,0.55565,0.70879,0.8257
final,20,7,31,0.5483,0.70268,0.82148
final,20,7,32,0.54015,0.69587,0.81675
final,20,7,33,0.53128,0.68837,0.81149
final,20,7,34,0.52174,0.68018,0.80568
final,20,7,35,0.51158,0.67132,0.79932
final,20,7,36,0.50084,0.66181,0.79239
final,20,7,37,0.48956,0.65165,0.78488
final,20,7,38,0.47777,0.64086,0.77681
final,20,7,39,0.46551,0.62947,0.76818
final,20,7,40,0.45283,0.61751,0.759
final,20,7,41,0.43975,0.60499,0.74929
final,20,7,42,0.42633,0.59197,0.73906
final,20,7,43,0.41261,0.57848,0.72834
final,20,7,44,0.39866,0.56455,0.71715
final,20,7,45,0.38453,0.55025,0.70552
final,20,7,46,0.3703,0.53563,0.69348
final,20,7,47,0.35603,0.52073,0.68105
final,20,7,48,0.3418,0.50563,0.66826
final,20,7,49,0.32768,0.49038,0.65515
final,20,7,50,0.31375,0.47505,0.64173
final,20,7,51,0.30009,0.4597,0.62803
final,20,7,52,0.28676,0.4444,0.61409
final,20,7,53,0.27384,0.42921,0.59991
final,20,7,54,0.26137,0.41419,0.58554
final,20,7,55,0.24941,0.39941,0.57098
final,20,7,56,0.23797,0.38488,0.55628
final,20,7,57,0.22703,0.37064,0.54146
final,20,7,58,0.2166,0.35671,0.52654
final,20,7,59,0.20665,0.34311,0.51157
final,20,7,60,0.19719,0.32986,0.49658
final,20,7,61,0.18818,0.31697,0.48162
final,20,7,62,0.17961,0.30446,0.46672
final,20,7,63,0.17146,0.29233,0.45193
final,20,7,64,0.16371,0.2806,0.43729
final,20,7,65,0.15635,0.26926,0.42284
final,20,7,66,0.14936,0.25833,0.40861
final,20,7,67,0.1427,0.24779,0.39465
final,20,7,68,0.13638,0.23767,0.38098
final,20,7,69,0.13037,0.22794,0.36765
final,20,7,70,0.12466,0.2186,0.35466
final,20,7,71,0.11922,0.20966,0.34206
final,20,7,72,0.11406,0.2011,0.32984
final,20,7,73,0.10914,0.19292,0.31804
final,20,7,74,0.10447,0.1851,0.30666
final,20,7,75,0.10003,0.17765,0.29571
final,20,7,76,0.09581,0.17054,0.28519
final,20,7,77,0.09179,0.16377,0.2751
final,20,7,78,0.08798,0.15733,0.26544
final,20,7,79,0.08436,0.15121,0.2562
final,20,7,80,0.08093,0.14539,0.24737
final,20,7,81,0.07768,0.13987,0.23895
final,20,7,82,0.0746,0.13463,0.23093
final,20,7,83,0.07168,0.12967,0.22328
final,20,7,84,0.06892,0.12496,0.21601
final,20,7,85,0.06632,0.12051,0.20908
final,20,7,86,0.06386,0.1163,0.2025
final,20,7,87,0.06155,0.11233,0.19623
final,20,7,88,0.05937,0.10857,0.19028
final,20,7,89,0.05733,0.10502,0.18462
final,20,7,90,0.05542,0.10168,0.17925
final,20,7,91,0.05362,0.09853,0.17414
final,20,7,92,0.05195,0.09557,0.16929
final,20,7,93,0.05038,0.09279,0.16469
final,20,7,94,0.04893,0.09018,0.16033
final,20,7,95,0.04758,0.08773,0.1562
final,20,7,96,0.04632,0.08543,0.1523
final,20,7,97,0.04515,0.08328,0.14862
final,20,7,98,0.04406,0.08127,0.14515
final,20,7,99,0.04304,0.07939,0.14189
final,20,7,100,0.0421,0.07764,0.13883
final,20,7,101,0.04121,0.07599,0.13598
final,20,7,102,0.04038,0.07446,0.13333
final,20,7,103,0.0396,0.07304,0.13087
final,20,7,104,0.03886,0.07171,0.12861
final,20,7,105,0.03817,0.07048,0.12654
final,20,7,106,0.03751,0.06933,0.12466
final,20,7,107,0.03688,0.06828,0.12297
final,20,7,108,0.03629,0.0673,0.12146
final,20,7,109,0.03572,0.0664,0.12014
final,20,7,110,0.03518,0.06557,0.11898
final,20,7,111,0.03466,0.06482,0.11801
final,20,7,112,0.03416,0.06413,0.1172
final,20,7,113,0.03369,0.06351,0.11655
final,20,7,114,0.03323,0.06295,0.11607
final,20,7,115,0.03279,0.06246,0.11574
final,20,7,116,0.03238,0.06202,0.11556
final,20,7,117,0.03198,0.06164,0.11552
final,20,7,118,0.0316,0.06131,0.11563
final,20,7,119,0.03124,0.06104,0.11586
final,20,7,120,0.0309,0.06082,0.11623
final,20,7,121,0.03058,0.06065,0.11672
final,20,7,122,0.03029,0.06053,0.11732
final,20,7,123,0.03002,0.06046,0.11803
final,20,7,124,0.02977,0.06044,0.11885
final,20,7,125,0.02954,0.06046,0.11976
final,20,7,126,0.02934,0.06054,0.12077
final,20,7,127,0.02916,0.06065,0.12187
final,20,7,128,0.02901,0.06081,0.12305
final,20,7,129,0.02889,0.06102,0.12431
final,20,7,130,0.02879,0.06127,0.12564
final,20,7,131,0.02873,0.06157,0.12705
final,20,7,132,0.02868,0.06191,0.12852
final,20,7,133,0.02867,0.06229,0.13007
final,20,7,134,0.02868,0.06272,0.13168
final,20,7,135,0.02872,0.06319,0.13335
final,20,7,136,0.02878,0.0637,0.1351
final,20,7,137,0.02887,0.06426,0.13691
final,20,7,138,0.02898,0.06485,0.13879
final,20,7,139,0.0291,0.06547,0.14071
final,20,7,140,0.02924,0.06612,0.14269
final,20,7,141,0.0294,0.0668,0.14469
final,20,7,142,0.02957,0.0675,0.14672
final,20,7,143,0.02976,0.06821,0.14874
final,20,7,144,0.02996,0.06894,0.15074
final,20,7,145,0.03018,0.06967,0.15269
final,20,7,146,0.03042,0.07041,0.15458
final,20,7,147,0.03068,0.07114,0.15636
final,20,7,148,0.03096,0.07186,0.15801
final,20,7,149,0.03126,0.07257,0.15949
final,20,7,150,0.03159,0.07326,0.16078
final,20,7,151,0.03195,0.07393,0.16184
final,20,7,152,0.03234,0.07457,0.16264
final,20,7,153,0.03277,0.07517,0.16316
final,20,7,154,0.03323,0.07572,0.16337
final,20,7,155,0.03373,0.07623,0.16324
final,20,7,156,0.03425,0.07668,0.16278
final,20,7,157,0.03482,0.07707,0.16198
final,20,7,158,0.0354,0.07739,0.16085
final,20,7,159,0.03601,0.07763,0.15942
final,20,7,160,0.03662,0.0778,0.15771
final,20,7,161,0.03721,0.07788,0.1558
final,20,7,162,0.03776,0.07787,0.15377
final,20,7,163,0.03822,0.07776,0.15173
final,20,7,164,0.03856,0.07754,0.1498
final,20,7,165,0.03871,0.07723,0.14817
final,20,7,166,0.0386,0.0768,0.14701
final,20,7,167,0.03817,0.07625,0.14655
final,20,7,168,0.03735,0.07559,0.147
final,20,7,169,0.0361,0.07481,0.1486
final,20,7,170,0.03442,0.0739,0.15155
final,20,7,171,0.03233,0.07288,0.15605
final,20,7,172,0.0299,0.07173,0.16227
final,20,7,173,0.02721,0.07046,0.17038
final,20,7,174,0.02437,0.06907,0.18054
final,20,7,175,0.02149,0.06756,0.19293
final,20,7,176,0.01865,0.06594,0.20776
final,20,7,177,0.01594,0.06421,0.22524
final,20,7,178,0.01341,0.06238,0.24561
final,20,7,179,0.01112,0.06045,0.26913
final,20,7,180,0.00907,0.05843,0.29602
final,20,7,181,0.0073,0.05633,0.32647
final,20,7,182,0.00578,0.05416,0.36062
final,20,7,183,0.00451,0.05193,0.39846
final,20,7,184,0.00346,0.04964,0.43983
final,20,7,185,0.00262,0.04731,0.48437
final,20,7,186,0.00195,0.04496,0.53148
final,20,7,187,0.00143,0.04259,0.58033
final,20,7,188,0.00103,0.04021,0.62986
final,20,7,189,0.00073,0.03784,0.67889
final,20,7,190,0.00051,0.03549,0.7262
final,20,7,191,0.00035,0.03317,0.77065
final,20,7,192,0.00024,0.03089,0.81131
final,20,8,20,0.60019,0.77183,0.88402
final,20,8,21,0.61564,0.77103,0.87623
final,20,8,22,0.62836,0.76964,0.86845
final,20,8,23,0.63851,0.76766,0.86074
final,20,8,24,0.64621,0.76512,0.85315
final,20,8,25,0.65159,0.762,0.84571
final,20,8,26,0.65478,0.75832,0.83847
final,20,8,27,0.6559,0.75408,0.83145
final,20,8,28,0.65508,0.74928,0.82464
final,20,8,29,0.65244,0.74392,0.81803
final,20,8,30,0.64812,0.73799,0.81159
final,20,8,31,0.64223,0.73151,0.80527
final,20,8,32,0.6349,0.72446,0.79901
final,20,8,33,0.62625,0.71685,0.79276
final,20,8,34,0.61639,0.70868,0.78647
final,20,8,35,0.6054,0.69996,0.78009
final,20,8,36,0.59337,0.69068,0.77358
final,20,8,37,0.58038,0.68085,0.76692
final,20,8,38,0.56648,0.67048,0.7601
final,20,8,39,0.55175,0.65959,0.75309
final,20,8,40,0.53625,0.64818,0.7459
final,20,8,41,0.52003,0.63628,0.73853
final,20,8,42,0.50319,0.62392,0.73099
final,20,8,43,0.48578,0.6111,0.72328
final,20,8,44,0.4679,0.59787,0.7154
final,20,8,45,0.44966,0.58426,0.70736
final,20,8,46,0.43115,0.5703,0.69916
final,20,8,47,0.41248,0.55604,0.69081
final,20,8,48,0.39378,0.54152,0.68229
final,20,8,49,0.37516,0.52678,0.67361
final,20,8,50,0.35674,0.51188,0.66476
final,20,8,51,0.33864,0.49687,0.65573
final,20,8,52,0.32096,0.4818,0.6465
final,20,8,53,0.3038,0.46672,0.63706
final,20,8,54,0.28724,0.45168,0.6274
final,20,8,55,0.27137,0.43675,0.6175
final,20,8,56,0.25624,0.42196,0.60735
final,20,8,57,0.2419,0.40738,0.59692
final,20,8,58,0.22838,0.39304,0.58622
final,20,8,59,0.2157,0.37898,0.57521
final,20,8,60,0.20388,0.36526,0.5639
final,20,8,61,0.19286,0.35187,0.55229
final,20,8,62,0.18261,0.33886,0.5404
final,20,8,63,0.17308,0.32621,0.52827
final,20,8,64,0.16422,0.31394,0.51591
final,20,8,65,0.15599,0.30207,0.50336
final,20,8,66,0.14835,0.29059,0.49065
final,20,8,67,0.14124,0.27951,0.47783
final,20,8,68,0.13463,0.26883,0.46493
final,20,8,69,0.12847,0.25854,0.452
final,20,8,70,0.12274,0.24866,0.43908
final,20,8,71,0.1174,0.23916,0.42621
final,20,8,72,0.11242,0.23005,0.41343
final,20,8,73,0.10776,0.22132,0.40079
final,20,8,74,0.1034,0.21296,0.38833
final,20,8,75,0.09931,0.20497,0.37609
final,20,8,76,0.09548,0.19733,0.3641
final,20,8,77,0.09187,0.19004,0.35241
final,20,8,78,0.08847,0.18309,0.34103
final,20,8,79,0.08527,0.17646,0.33001
final,20,8,80,0.08224,0.17015,0.31936
final,20,8,81,0.07936,0.16415,0.3091
final,20,8,82,0.07664,0.15844,0.29927
final,20,8,83,0.07405,0.15302,0.28986
final,20,8,84,0.07158,0.14787,0.28089
final,20,8,85,0.06922,0.14299,0.27237
final,20,8,86,0.06697,0.13836,0.2643
final,20,8,87,0.06481,0.13397,0.25669
final,20,8,88,0.06274,0.12982,0.24953
final,20,8,89,0.06076,0.1259,0.24281
final,20,8,90,0.05885,0.12219,0.23654
final,20,8,91,0.05703,0.11869,0.23071
final,20,8,92,0.05527,0.11538,0.22529
final,20,8,93,0.05358,0.11227,0.2203
final,20,8,94,0.05196,0.10935,0.2157
final,20,8,95,0.0504,0.1066,0.21149
final,20,8,96,0.04891,0.10402,0.20766
final,20,8,97,0.04748,0.1016,0.2042
final,20,8,98,0.04611,0.09934,0.20108
final,20,8,99,0.0448,0.09724,0.1983
final,20,8,100,0.04355,0.09528,0.19585
final,20,8,101,0.04236,0.09346,0.19371
final,20,8,102,0.04123,0.09178,0.19187
final,20,8,103,0.04016,0.09023,0.19033
final,20,8,104,0.03915,0.08881,0.18907
final,20,8,105,0.03819,0.08751,0.18809
final,20,8,106,0.03728,0.08634,0.18738
final,20,8,107,0.03643,0.08529,0.18694
final,20,8,108,0.03563,0.08434,0.18675
final,20,8,109,0.03488,0.08351,0.18681
final,20,8,110,0.03417,0.08277,0.18712
final,20,8,111,0.0335,0.08213,0.18766
final,20,8,112,0.03287,0.08159,0.18844
final,20,8,113,0.03227,0.08113,0.18944
final,20,8,114,0.03171,0.08075,0.19067
final,20,8,115,0.03118,0.08045,0.19213
final,20,8,116,0.03068,0.08023,0.1938
final,20,8,117,0.03021,0.08009,0.19568
final,20,8,118,0.02977,0.08001,0.19778
final,20,8,119,0.02935,0.08,0.20008
final,20,8,120,0.02895,0.08006,0.20259
final,20,8,121,0.02858,0.08018,0.2053
final,20,8,122,0.02822,0.08037,0.2082
final,20,8,123,0.02789,0.08061,0.21129
final,20,8,124,0.02759,0.08091,0.21456
final,20,8,125,0.0273,0.08126,0.21801
final,20,8,126,0.02703,0.08167,0.22163
final,20,8,127,0.02678,0.08213,0.2254
final,20,8,128,0.02655,0.08264,0.22933
final,20,8,129,0.02633,0.0832,0.2334
final,20,8,130,0.02614,0.0838,0.2376
final,20,8,131,0.02597,0.08445,0.24192
final,20,8,132,0.02581,0.08513,0.24635
final,20,8,133,0.02567,0.08587,0.25088
final,20,8,134,0.02555,0.08664,0.25549
final,20,8,135,0.02544,0.08744,0.26017
final,20,8,136,0.02536,0.08828,0.26491
final,20,8,137,0.02529,0.08916,0.26969
final,20,8,138,0.02524,0.09007,0.27451
final,20,8,139,0.02521,0.091,0.27933
final,20,8,140,0.02519,0.09197,0.28416
final,20,8,141,0.02519,0.09296,0.28897
final,20,8,142,0.02521,0.09397,0.29376
final,20,8,143,0.02524,0.095,0.29851
final,20,8,144,0.02529,0.09605,0.30322
final,20,8,145,0.02535,0.09711,0.30786
final,20,8,146,0.02542,0.09819,0.31244
final,20,8,147,0.02551,0.09927,0.31694
final,20,8,148,0.02561,0.10036,0.32136
final,20,8,149,0.02572,0.10146,0.3257
final,20,8,150,0.02583,0.10255,0.32996
final,20,8,151,0.02595,0.10364,0.33414
final,20,8,152,0.02607,0.10472,0.33824
final,20,8,153,0.02619,0.1058,0.34229
final,20,8,154,0.02631,0.10687,0.34633
final,20,8,155,0.02643,0.10794,0.35041
final,20,8,156,0.02653,0.10902,0.35458
final,20,8,157,0.02663,0.11012,0.35889
final,20,8,158,0.02671,0.11123,0.36339
final,20,8,159,0.02678,0.11238,0.36811
final,20,8,160,0.02683,0.11356,0.3731
final,20,8,161,0.02688,0.11478,0.37839
final,20,8,162,0.02691,0.11605,0.384
final,20,8,163,0.02692,0.11738,0.38997
final,20,8,164,0.02693,0.11878,0.3963
final,20,8,165,0.02693,0.12026,0.40302
final,20,8,166,0.02693,0.12182,0.41013
final,20,8,167,0.02693,0.12347,0.41763
final,20,8,168,0.02692,0.12523,0.42553
final,20,8,169,0.02693,0.12711,0.43382
final,20,8,170,0.02694,0.12911,0.44249
final,20,8,171,0.02697,0.13124,0.45154
final,20,8,172,0.02702,0.13353,0.46096
final,20,8,173,0.0271,0.13599,0.47072
final,20,8,174,0.0272,0.13862,0.48081
final,20,8,175,0.02734,0.14145,0.49122
final,20,8,176,0.02752,0.14448,0.50194
final,20,8,177,0.02774,0.14775,0.51296
final,20,8,178,0.02801,0.15125,0.52426
final,20,8,179,0.02833,0.15503,0.53584
final,20,8,180,0.02871,0.15909,0.5477
final,20,8,181,0.02914,0.16346,0.55984
final,20,8,182,0.02964,0.16817,0.57228
final,20,8,183,0.0302,0.17324,0.58502
final,20,8,184,0.03083,0.17869,0.59809
final,20,8,185,0.03152,0.18457,0.61152
final,20,8,186,0.03228,0.1909,0.62533
final,20,8,187,0.0331,0.19772,0.63957
final,20,8,188,0.03397,0.20507,0.65428
final,20,8,189,0.03489,0.21297,0.66949
final,20,8,190,0.03585,0.22149,0.68524
final,20,8,191,0.03682,0.23065,0.70157
final,20,8,192,0.0378,0.24051,0.71849
final,20,9,20,0.4062,0.53629,0.66161
final,20,9,21,0.43953,0.55755,0.6694
final,20,9,22,0.47027,0.57674,0.67653
final,20,9,23,0.49811,0.59391,0.68306
final,20,9,24,0.52286,0.60914,0.6891
final,20,9,25,0.5444,0.62251,0.69473
final,20,9,26,0.56275,0.6341,0.70001
final,20,9,27,0.57798,0.64402,0.705
final,20,9,28,0.59021,0.65235,0.7097
final,20,9,29,0.59964,0.65918,0.71409
final,20,9,30,0.60652,0.6646,0.71808
final,20,9,31,0.6111,0.66867,0.72159
final,20,9,32,0.61364,0.67146,0.72451
final,20,9,33,0.61438,0.67303,0.72673
final,20,9,34,0.61352,0.67343,0.72817
final,20,9,35,0.61123,0.67271,0.72878
final,20,9,36,0.60765,0.6709,0.72851
final,20,9,37,0.60288,0.66804,0.72734
final,20,9,38,0.59702,0.66416,0.72526
final,20,9,39,0.59013,0.65928,0.72226
final,20,9,40,0.58226,0.65343,0.71835
final,20,9,41,0.57345,0.64663,0.71353
final,20,9,42,0.56375,0.63891,0.70783
final,20,9,43,0.55319,0.63028,0.70125
final,20,9,44,0.54181,0.62078,0.69383
final,20,9,45,0.52963,0.61042,0.68557
final,20,9,46,0.51671,0.59925,0.67652
final,20,9,47,0.50307,0.58729,0.6667
final,20,9,48,0.48878,0.5746,0.65615
final,20,9,49,0.47388,0.56122,0.64491
final,20,9,50,0.45845,0.54719,0.63303
final,20,9,51,0.44256,0.53259,0.62055
final,20,9,52,0.42628,0.51747,0.60752
final,20,9,53,0.40969,0.50192,0.59401
final,20,9,54,0.3929,0.486,0.58007
final,20,9,55,0.37601,0.46979,0.56577
final,20,9,56,0.3591,0.45339,0.55116
final,20,9,57,0.34227,0.43688,0.53631
final,20,9,58,0.32564,0.42034,0.52129
final,20,9,59,0.3093,0.40386,0.50616
final,20,9,60,0.29332,0.38753,0.49098
final,20,9,61,0.2778,0.37143,0.47583
final,20,9,62,0.2628,0.35563,0.46075
final,20,9,63,0.2484,0.34021,0.44582
final,20,9,64,0.23463,0.32522,0.43108
final,20,9,65,0.22154,0.31073,0.4166
final,20,9,66,0.20914,0.29676,0.4024
final,20,9,67,0.19742,0.28332,0.38851
final,20,9,68,0.18635,0.27043,0.37496
final,20,9,69,0.17593,0.25808,0.36175
final,20,9,70,0.16612,0.24626,0.3489
final,20,9,71,0.15689,0.23499,0.33644
final,20,9,72,0.14823,0.22424,0.32437
final,20,9,73,0.14011,0.21401,0.31271
final,20,9,74,0.13249,0.20428,0.30146
final,20,9,75,0.12535,0.19506,0.29064
final,20,9,76,0.11867,0.18631,0.28024
final,20,9,77,0.11242,0.17803,0.27027
final,20,9,78,0.10656,0.17019,0.26073
final,20,9,79,0.10109,0.16279,0.25162
final,20,9,80,0.09597,0.15581,0.24293
final,20,9,81,0.09118,0.14923,0.23467
final,20,9,82,0.08671,0.14302,0.22682
final,20,9,83,0.08253,0.13719,0.21938
final,20,9,84,0.07862,0.1317,0.21234
final,20,9,85,0.07497,0.12654,0.2057
final,20,9,86,0.07156,0.1217,0.19943
final,20,9,87,0.06837,0.11717,0.19354
final,20,9,88,0.0654,0.11292,0.18802
final,20,9,89,0.06262,0.10894,0.18285
final,20,9,90,0.06003,0.10523,0.17802
final,20,9,91,0.05761,0.10176,0.17352
final,20,9,92,0.05535,0.09853,0.16935
final,20,9,93,0.05325,0.09553,0.16549
final,20,9,94,0.05129,0.09273,0.16194
final,20,9,95,0.04947,0.09015,0.15869
final,20,9,96,0.04777,0.08776,0.15572
final,20,9,97,0.0462,0.08555,0.15304
final,20,9,98,0.04474,0.08352,0.15063
final,20,9,99,0.04338,0.08167,0.1485
final,20,9,100,0.04213,0.07998,0.14663
final,20,9,101,0.04098,0.07845,0.14502
final,20,9,102,0.03991,0.07708,0.14368
final,20,9,103,0.03893,0.07585,0.14259
final,20,9,104,0.03804,0.07477,0.14175
final,20,9,105,0.03722,0.07384,0.14118
final,20,9,106,0.03649,0.07304,0.14086
final,20,9,107,0.03582,0.07238,0.14081
final,20,9,108,0.03522,0.07186,0.14102
final,20,9,109,0.0347,0.07147,0.14151
final,20,9,110,0.03423,0.07122,0.14228
final,20,9,111,0.03383,0.0711,0.14332
final,20,9,112,0.03348,0.07109,0.14463
final,20,9,113,0.03319,0.07121,0.14621
final,20,9,114,0.03294,0.07144,0.14806
final,20,9,115,0.03273,0.07178,0.15017
final,20,9,116,0.03257,0.07222,0.15254
final,20,9,117,0.03244,0.07276,0.15518
final,20,9,118,0.03234,0.0734,0.15808
final,20,9,119,0.03228,0.07414,0.16125
final,20,9,120,0.03224,0.07496,0.16467
final,20,9,121,0.03223,0.07588,0.16835
final,20,9,122,0.03224,0.07687,0.17229
final,20,9,123,0.03228,0.07796,0.17648
final,20,9,124,0.03233,0.07911,0.18092
final,20,9,125,0.03241,0.08035,0.18561
final,20,9,126,0.0325,0.08166,0.19054
final,20,9,127,0.0326,0.08304,0.19571
final,20,9,128,0.03272,0.08448,0.2011
final,20,9,129,0.03284,0.08598,0.20672
final,20,9,130,0.03298,0.08754,0.21254
final,20,9,131,0.03312,0.08916,0.21857
final,20,9,132,0.03327,0.09082,0.22478
final,20,9,133,0.03342,0.09252,0.23117
final,20,9,134,0.03357,0.09426,0.23772
final,20,9,135,0.03371,0.09603,0.24441
final,20,9,136,0.03386,0.09782,0.25123
final,20,9,137,0.03399,0.09963,0.25816
final,20,9,138,0.03412,0.10145,0.26518
final,20,9,139,0.03423,0.10327,0.27228
final,20,9,140,0.03433,0.10508,0.27943
final,20,9,141,0.03442,0.10688,0.28661
final,20,9,142,0.03448,0.10864,0.29381
final,20,9,143,0.03451,0.11037,0.301
final,20,9,144,0.03452,0.11206,0.30818
final,20,9,145,0.03449,0.11368,0.31531
final,20,9,146,0.03443,0.11524,0.32238
final,20,9,147,0.03433,0.11672,0.32938
final,20,9,148,0.03419,0.11811,0.3363
final,20,9,149,0.03399,0.11939,0.34312
final,20,9,150,0.03375,0.12056,0.34983
final,20,9,151,0.03345,0.1216,0.35642
final,20,9,152,0.03309,0.1225,0.36288
final,20,9,153,0.03266,0.12326,0.36922
final,20,9,154,0.03217,0.12385,0.37543
final,20,9,155,0.03162,0.12428,0.38152
final,20,9,156,0.03099,0.12454,0.38751
final,20,9,157,0.03031,0.12464,0.39343
final,20,9,158,0.02957,0.12458,0.39929
final,20,9,159,0.02877,0.12436,0.40509
final,20,9,160,0.02792,0.12398,0.41085
final,20,9,161,0.02703,0.12346,0.41656
final,20,9,162,0.02611,0.12279,0.42223
final,20,9,163,0.02516,0.12197,0.42785
final,20,9,164,0.02418,0.12102,0.4334
final,20,9,165,0.02319,0.11994,0.43888
final,20,9,166,0.0222,0.11873,0.44428
final,20,9,167,0.0212,0.1174,0.44956
final,20,9,168,0.02022,0.11596,0.45472
final,20,9,169,0.01924,0.11441,0.45974
final,20,9,170,0.01828,0.11276,0.4646
final,20,9,171,0.01733,0.11102,0.46928
final,20,9,172,0.01641,0.10919,0.47378
final,20,9,173,0.01552,0.10729,0.47808
final,20,9,174,0.01466,0.10531,0.48218
final,20,9,175,0.01382,0.10326,0.48608
final,20,9,176,0.01302,0.10115,0.48977
final,20,9,177,0.01225,0.099,0.49327
final,20,9,178,0.01151,0.09679,0.4966
final,20,9,179,0.0108,0.09455,0.49978
final,20,9,180,0.01012,0.09228,0.50283
final,20,9,181,0.00946,0.08998,0.50581
final,20,9,182,0.00884,0.08766,0.50876
final,20,9,183,0.00824,0.08533,0.51173
final,20,9,184,0.00766,0.08299,0.51481
final,20,9,185,0.00711,0.08065,0.51808
final,20,9,186,0.00658,0.07832,0.52162
final,20,9,187,0.00607,0.07599,0.52553
final,20,9,188,0.00558,0.07367,0.52994
final,20,9,189,0.00511,0.07138,0.53497
final,20,9,190,0.00466,0.0691,0.54074
final,20,9,191,0.00423,0.06685,0.5474
final,20,9,192,0.00381,0.06463,0.5551
final,40,0,20,0.03096,0.46844,0.96048
final,40,0,21,0.03364,0.47663,0.95972
final,40,0,22,0.03633,0.48383,0.95886
final,40,0,23,0.03902,0.49006,0.95788
final,40,0,24,0.0417,0.49535,0.95679
final,40,0,25,0.04433,0.49971,0.95557
final,40,0,26,0.0469,0.50318,0.95422
final,40,0,27,0.04941,0.50579,0.95272
final,40,0,28,0.05182,0.50755,0.95107
final,40,0,29,0.05412,0.5085,0.94925
final,40,0,30,0.05631,0.50866,0.94726
final,40,0,31,0.05837,0.50806,0.94508
final,40,0,32,0.06029,0.50673,0.94269
final,40,0,33,0.06207,0.5047,0.94009
final,40,0,34,0.06369,0.50198,0.93725
final,40,0,35,0.06515,0.49861,0.93417
final,40,0,36,0.06646,0.49462,0.93082
final,40,0,37,0.0676,0.49003,0.9272
final,40,0,38,0.06857,0.48487,0.92328
final,40,0,39,0.06939,0.47916,0.91904
final,40,0,40,0.07004,0.47295,0.91447
final,40,0,41,0.07054,0.46626,0.90955
final,40,0,42,0.07088,0.45912,0.90426
final,40,0,43,0.07108,0.45156,0.89858
final,40,0,44,0.07113,0.44362,0.89249
final,40,0,45,0.07105,0.43533,0.88598
final,40,0,46,0.07084,0.42672,0.87904
final,40,0,47,0.07052,0.41785,0.87164
final,40,0,48,0.07008,0.40873,0.86378
final,40,0,49,0.06954,0.39941,0.85544
final,40,0,50,0.06891,0.38992,0.84662
final,40,0,51,0.06819,0.38031,0.83731
final,40,0,52,0.0674,0.37061,0.82751
final,40,0,53,0.06655,0.36086,0.81723
final,40,0,54,0.06564,0.35109,0.80645
final,40,0,55,0.06469,0.34134,0.7952
final,40,0,56,0.06371,0.33165,0.78349
final,40,0,57,0.0627,0.32204,0.77134
final,40,0,58,0.06167,0.31256,0.75876
final,40,0,59,0.06064,0.30322,0.74578
final,40,0,60,0.05961,0.29406,0.73244
final,40,0,61,0.05858,0.28509,0.71875
final,40,0,62,0.05757,0.27632,0.70474
final,40,0,63,0.05656,0.26776,0.69044
final,40,0,64,0.05557,0.2594,0.67587
final,40,0,65,0.05458,0.25126,0.66106
final,40,0,66,0.05362,0.24333,0.64604
final,40,0,67,0.05267,0.23562,0.63086
final,40,0,68,0.05174,0.22813,0.61553
final,40,0,69,0.05082,0.22086,0.60011
final,40,0,70,0.04993,0.21381,0.58462
final,40,0,71,0.04905,0.20699,0.56911
final,40,0,72,0.04819,0.20038,0.55362
final,40,0,73,0.04735,0.19399,0.53818
final,40,0,74,0.04654,0.18782,0.52283
final,40,0,75,0.04574,0.18186,0.5076
final,40,0,76,0.04496,0.17611,0.49254
final,40,0,77,0.0442,0.17058,0.47767
final,40,0,78,0.04347,0.16524,0.46303
final,40,0,79,0.04275,0.16011,0.44865
final,40,0,80,0.04205,0.15518,0.43455
final,40,0,81,0.04138,0.15043,0.42076
final,40,0,82,0.04072,0.14588,0.40729
final,40,0,83,0.04009,0.14151,0.39418
final,40,0,84,0.03947,0.13732,0.38143
final,40,0,85,0.03888,0.13331,0.36906
final,40,0,86,0.0383,0.12947,0.35708
final,40,0,87,0.03774,0.12579,0.3455
final,40,0,88,0.03721,0.12228,0.33431
final,40,0,89,0.03669,0.11892,0.32354
final,40,0,90,0.0362,0.11572,0.31317
final,40,0,91,0.03572,0.11267,0.30321
final,40,0,92,0.03527,0.10975,0.29365
final,40,0,93,0.03484,0.10698,0.2845
final,40,0,94,0.03442,0.10435,0.27573
final,40,0,95,0.03403,0.10184,0.26736
final,40,0,96,0.03366,0.09946,0.25937
final,40,0,97,0.03332,0.09721,0.25174
final,40,0,98,0.03299,0.09508,0.24448
final,40,0,99,0.03269,0.09306,0.23758
final,40,0,100,0.03241,0.09116,0.23101
final,40,0,101,0.03215,0.08937,0.22477
final,40,0,102,0.03192,0.08769,0.21886
final,40,0,103,0.03171,0.08611,0.21326
final,40,0,104,0.03153,0.08463,0.20795
final,40,0,105,0.03137,0.08325,0.20294
final,40,0,106,0.03124,0.08197,0.1982
final,40,0,107,0.03114,0.08079,0.19373
final,40,0,108,0.03107,0.07969,0.18952
final,40,0,109,0.03102,0.07869,0.18555
final,40,0,110,0.031,0.07776,0.18181
final,40,0,111,0.03101,0.07691,0.17828
final,40,0,112,0.03103,0.07614,0.17496
final,40,0,113,0.03109,0.07543,0.17182
final,40,0,114,0.03116,0.07479,0.16887
final,40,0,115,0.03125,0.07421,0.16608
final,40,0,116,0.03137,0.07369,0.16346
final,40,0,117,0.0315,0.07322,0.16099
final,40,0,118,0.03166,0.0728,0.15866
final,40,0,119,0.03183,0.07244,0.15647
final,40,0,120,0.03202,0.07212,0.15441
final,40,0,121,0.03223,0.07184,0.15246
final,40,0,122,0.03245,0.0716,0.15064
final,40,0,123,0.03269,0.0714,0.14892
final,40,0,124,0.03294,0.07124,0.1473
final,40,0,125,0.0332,0.07111,0.14578
final,40,0,126,0.03348,0.07102,0.14435
final,40,0,127,0.03377,0.07095,0.143
final,40,0,128,0.03407,0.07091,0.14174
final,40,0,129,0.03438,0.07089,0.14054
final,40,0,130,0.0347,0.0709,0.13942
final,40,0,131,0.03503,0.07093,0.13836
final,40,0,132,0.03536,0.07098,0.13735
final,40,0,133,0.03571,0.07104,0.1364
final,40,0,134,0.03606,0.07112,0.1355
final,40,0,135,0.03641,0.07121,0.13463
final,40,0,136,0.03677,0.07132,0.13381
final,40,0,137,0.03713,0.07143,0.13302
final,40,0,138,0.0375,0.07155,0.13226
final,40,0,139,0.03787,0.07167,0.13151
final,40,0,140,0.03824,0.0718,0.13079
final,40,0,141,0.03862,0.07193,0.13008
final,40,0,142,0.03899,0.07205,0.12937
final,40,0,143,0.03936,0.07217,0.12867
final,40,0,144,0.03973,0.07229,0.12797
final,40,0,145,0.0401,0.0724,0.12726
final,40,0,146,0.04046,0.07249,0.12654
final,40,0,147,0.04082,0.07258,0.12581
final,40,0,148,0.04117,0.07265,0.12506
final,40,0,149,0.04152,0.07271,0.12428
final,40,0,150,0.04186,0.07274,0.12349
final,40,0,151,0.04218,0.07276,0.12267
final,40,0,152,0.04249,0.07275,0.12182
final,40,0,153,0.04279,0.07272,0.12095
final,40,0,154,0.04307,0.07266,0.12004
final,40,0,155,0.04333,0.07258,0.11912
final,40,0,156,0.04356,0.07247,0.11818
final,40,0,157,0.04377,0.07233,0.11723
final,40,0,158,0.04396,0.07217,0.11629
final,40,0,159,0.04412,0.07199,0.11535
final,40,0,160,0.04425,0.07179,0.11443
final,40,0,161,0.04435,0.07157,0.11353
final,40,0,162,0.04442,0.07134,0.11265
final,40,0,163,0.04447,0.07109,0.11179
final,40,0,164,0.04449,0.07083,0.11096
final,40,0,165,0.04448,0.07056,0.11016
final,40,0,166,0.04445,0.07027,0.10937
final,40,0,167,0.04441,0.06998,0.10861
final,40,0,168,0.04435,0.06968,0.10786
final,40,0,169,0.04427,0.06938,0.10712
final,40,0,170,0.04419,0.06907,0.10639
final,40,0,171,0.04411,0.06876,0.10566
final,40,0,172,0.04403,0.06845,0.10492
final,40,0,173,0.04396,0.06814,0.10416
final,40,0,174,0.0439,0.06783,0.10338
final,40,0,175,0.04386,0.06752,0.10258
final,40,0,176,0.04383,0.06722,0.10175
final,40,0,177,0.04384,0.06692,0.10088
final,40,0,178,0.04387,0.06663,0.09998
final,40,0,179,0.04392,0.06635,0.09904
final,40,0,180,0.04401,0.06608,0.09807
final,40,0,181,0.04414,0.06582,0.09707
final,40,0,182,0.04429,0.06557,0.09605
final,40,0,183,0.04447,0.06533,0.09502
final,40,0,184,0.04466,0.06511,0.09401
final,40,0,185,0.04487,0.06491,0.09303
final,40,0,186,0.04507,0.06472,0.09211
final,40,0,187,0.04524,0.06455,0.09131
final,40,0,188,0.04536,0.0644,0.09066
final,40,0,189,0.0454,0.06426,0.09022
final,40,0,190,0.04532,0.06415,0.09007
final,40,0,191,0.04509,0.06407,0.09028
final,40,0,192,0.04466,0.064,0.09092
final,40,1,20,0.08967,0.59656,0.95689
final,40,1,21,0.09796,0.60563,0.95598
final,40,1,22,0.10612,0.61332,0.95494
final,40,1,23,0.11407,0.61971,0.95376
final,40,1,24,0.12171,0.62485,0.95243
final,40,1,25,0.12897,0.62879,0.95093
final,40,1,26,0.13579,0.63159,0.94925
final,40,1,27,0.14212,0.6333,0.94738
final,40,1,28,0.14793,0.63395,0.94529
final,40,1,29,0.15317,0.6336,0.94296
final,40,1,30,0.15783,0.63227,0.94038
final,40,1,31,0.16191,0.63,0.93753
final,40,1,32,0.16539,0.62681,0.93437
final,40,1,33,0.16829,0.62275,0.93088
final,40,1,34,0.1706,0.61783,0.92704
final,40,1,35,0.17236,0.61209,0.92281
final,40,1,36,0.17356,0.60554,0.91817
final,40,1,37,0.17425,0.59821,0.91308
final,40,1,38,0.17443,0.59015,0.90752
final,40,1,39,0.17414,0.58136,0.90143
final,40,1,40,0.17341,0.57189,0.8948
final,40,1,41,0.17227,0.56177,0.88759
final,40,1,42,0.17073,0.55105,0.87977
final,40,1,43,0.16885,0.53975,0.8713
final,40,1,44,0.16665,0.52793,0.86215
final,40,1,45,0.16415,0.51564,0.8523
final,40,1,46,0.1614,0.50292,0.84174
final,40,1,47,0.15842,0.48983,0.83043
final,40,1,48,0.15524,0.47644,0.81839
final,40,1,49,0.1519,0.4628,0.8056
final,40,1,50,0.14842,0.44898,0.79207
final,40,1,51,0.14484,0.43503,0.77782
final,40,1,52,0.14117,0.42103,0.76288
final,40,1,53,0.13745,0.40704,0.74729
final,40,1,54,0.13371,0.39312,0.73108
final,40,1,55,0.12997,0.37934,0.71432
final,40,1,56,0.12625,0.36574,0.69708
final,40,1,57,0.12258,0.35239,0.67943
final,40,1,58,0.11897,0.33934,0.66144
final,40,1,59,0.11545,0.32664,0.64321
final,40,1,60,0.11204,0.31432,0.62483
final,40,1,61,0.10873,0.30241,0.60636
final,40,1,62,0.10554,0.29091,0.58788
final,40,1,63,0.10247,0.27983,0.56942
final,40,1,64,0.0995,0.26916,0.55107
final,40,1,65,0.09665,0.25889,0.53286
final,40,1,66,0.0939,0.24904,0.51484
final,40,1,67,0.09127,0.23958,0.49708
final,40,1,68,0.08874,0.23051,0.4796
final,40,1,69,0.08631,0.22183,0.46245
final,40,1,70,0.08399,0.21353,0.44568
final,40,1,71,0.08176,0.2056,0.4293
final,40,1,72,0.07963,0.19802,0.41335
final,40,1,73,0.0776,0.19079,0.39786
final,40,1,74,0.07566,0.18389,0.38284
final,40,1,75,0.0738,0.17732,0.36831
final,40,1,76,0.07203,0.17107,0.35428
final,40,1,77,0.07035,0.16512,0.34076
final,40,1,78,0.06874,0.15946,0.32776
final,40,1,79,0.06721,0.15408,0.31527
final,40,1,80,0.06576,0.14898,0.3033
final,40,1,81,0.06438,0.14413,0.29185
final,40,1,82,0.06307,0.13954,0.2809
final,40,1,83,0.06183,0.13518,0.27045
final,40,1,84,0.06066,0.13105,0.2605
final,40,1,85,0.05954,0.12715,0.25102
final,40,1,86,0.05849,0.12346,0.24202
final,40,1,87,0.0575,0.11997,0.23347
final,40,1,88,0.05657,0.11667,0.22537
final,40,1,89,0.0557,0.11356,0.21769
final,40,1,90,0.05487,0.11063,0.21043
final,40,1,91,0.05411,0.10787,0.20357
final,40,1,92,0.05339,0.10528,0.1971
final,40,1,93,0.05273,0.10285,0.191
final,40,1,94,0.05211,0.10056,0.18526
final,40,1,95,0.05155,0.09843,0.17986
final,40,1,96,0.05103,0.09644,0.17479
final,40,1,97,0.05057,0.09458,0.17003
final,40,1,98,0.05015,0.09285,0.16558
final,40,1,99,0.04978,0.09125,0.16142
final,40,1,100,0.04945,0.08978,0.15754
final,40,1,101,0.04918,0.08842,0.15392
final,40,1,102,0.04895,0.08718,0.15056
final,40,1,103,0.04877,0.08606,0.14745
final,40,1,104,0.04863,0.08504,0.14457
final,40,1,105,0.04855,0.08414,0.14192
final,40,1,106,0.04852,0.08334,0.13948
final,40,1,107,0.04854,0.08264,0.13726
final,40,1,108,0.0486,0.08205,0.13524
final,40,1,109,0.04872,0.08155,0.1334
final,40,1,110,0.04888,0.08114,0.13173
final,40,1,111,0.04908,0.08081,0.13023
final,40,1,112,0.04933,0.08055,0.12887
final,40,1,113,0.04961,0.08037,0.12764
final,40,1,114,0.04993,0.08025,0.12655
final,40,1,115,0.05028,0.0802,0.12557
final,40,1,116,0.05066,0.0802,0.12469
final,40,1,117,0.05107,0.08025,0.12392
final,40,1,118,0.05151,0.08035,0.12324
final,40,1,119,0.05197,0.08049,0.12264
final,40,1,120,0.05245,0.08067,0.12212
final,40,1,121,0.05295,0.08088,0.12167
final,40,1,122,0.05346,0.08112,0.12127
final,40,1,123,0.05399,0.08139,0.12093
final,40,1,124,0.05452,0.08168,0.12063
final,40,1,125,0.05506,0.08198,0.12038
final,40,1,126,0.05561,0.08229,0.12015
final,40,1,127,0.05615,0.08261,0.11995
final,40,1,128,0.05669,0.08293,0.11977
final,40,1,129,0.05723,0.08325,0.11959
final,40,1,130,0.05776,0.08356,0.11942
final,40,1,131,0.05827,0.08385,0.11924
final,40,1,132,0.05876,0.08413,0.11905
final,40,1,133,0.05924,0.08438,0.11884
final,40,1,134,0.05969,0.0846,0.1186
final,40,1,135,0.06012,0.08479,0.11832
final,40,1,136,0.06052,0.08495,0.118
final,40,1,137,0.06088,0.08506,0.11762
final,40,1,138,0.06121,0.08511,0.11719
final,40,1,139,0.0615,0.08512,0.11669
final,40,1,140,0.06174,0.08507,0.11611
final,40,1,141,0.06194,0.08495,0.11545
final,40,1,142,0.06209,0.08476,0.11471
final,40,1,143,0.06219,0.08451,0.11386
final,40,1,144,0.06223,0.08417,0.11292
final,40,1,145,0.06221,0.08375,0.11187
final,40,1,146,0.06213,0.08325,0.11071
final,40,1,147,0.06199,0.08266,0.10943
final,40,1,148,0.06178,0.08198,0.10803
final,40,1,149,0.0615,0.08121,0.10651
final,40,1,150,0.06114,0.08033,0.10487
final,40,1,151,0.06072,0.07937,0.10311
final,40,1,152,0.06021,0.0783,0.10123
final,40,1,153,0.05962,0.07713,0.09924
final,40,1,154,0.05895,0.07587,0.09713
final,40,1,155,0.0582,0.07451,0.09493
final,40,1,156,0.05738,0.07309,0.09266
final,40,1,157,0.0565,0.07161,0.09037
final,40,1,158,0.05557,0.0701,0.08807
final,40,1,159,0.05459,0.06857,0.08579
final,40,1,160,0.05359,0.06703,0.08355
final,40,1,161,0.05256,0.06551,0.08138
final,40,1,162,0.05153,0.06402,0.07928
final,40,1,163,0.05049,0.06256,0.07727
final,40,1,164,0.04946,0.06115,0.07537
final,40,1,165,0.04845,0.05979,0.07358
final,40,1,166,0.04748,0.05851,0.07191
final,40,1,167,0.04654,0.0573,0.07036
final,40,1,168,0.04566,0.05617,0.06893
final,40,1,169,0.04483,0.05513,0.06763
final,40,1,170,0.04408,0.05419,0.06646
final,40,1,171,0.04342,0.05336,0.06542
final,40,1,172,0.04284,0.05263,0.06451
final,40,1,173,0.04236,0.05202,0.06373
final,40,1,174,0.042,0.05153,0.06309
final,40,1,175,0.04176,0.05118,0.06258
final,40,1,176,0.04165,0.05096,0.06221
final,40,1,177,0.04168,0.05088,0.06198
final,40,1,178,0.04186,0.05096,0.0619
final,40,1,179,0.04221,0.0512,0.06199
final,40,1,180,0.04274,0.05163,0.06224
final,40,1,181,0.04346,0.05224,0.06268
final,40,1,182,0.0444,0.05307,0.06333
final,40,1,183,0.04555,0.05413,0.0642
final,40,1,184,0.04695,0.05543,0.06534
final,40,1,185,0.0486,0.05702,0.06679
final,40,1,186,0.05052,0.05892,0.06862
final,40,1,187,0.0527,0.06117,0.0709
final,40,1,188,0.05514,0.06381,0.07375
final,40,1,189,0.05781,0.06691,0.07731
final,40,1,190,0.0607,0.07051,0.08176
final,40,1,191,0.06379,0.0747,0.0873
final,40,1,192,0.06708,0.07957,0.09414
final,40,2,20,0.07742,0.6406,0.97427
final,40,2,21,0.08004,0.63871,0.97292
final,40,2,22,0.08243,0.63622,0.97147
final,40,2,23,0.0846,0.63316,0.96991
final,40,2,24,0.08653,0.62952,0.96823
final,40,2,25,0.08823,0.62533,0.96643
final,40,2,26,0.08969,0.62058,0.96448
final,40,2,27,0.09091,0.6153,0.96238
final,40,2,28,0.0919,0.60948,0.96011
final,40,2,29,0.09266,0.60315,0.95766
final,40,2,30,0.09321,0.5963,0.95501
final,40,2,31,0.09354,0.58895,0.95214
final,40,2,32,0.09367,0.58111,0.94904
final,40,2,33,0.0936,0.5728,0.94568
final,40,2,34,0.09334,0.56402,0.94205
final,40,2,35,0.09291,0.5548,0.93812
final,40,2,36,0.09232,0.54515,0.93388
final,40,2,37,0.09156,0.5351,0.9293
final,40,2,38,0.09067,0.52466,0.92435
final,40,2,39,0.08963,0.51386,0.91901
final,40,2,40,0.08848,0.50272,0.91326
final,40,2,41,0.08721,0.49127,0.90707
final,40,2,42,0.08583,0.47955,0.90042
final,40,2,43,0.08437,0.46757,0.89327
final,40,2,44,0.08282,0.45538,0.88562
final,40,2,45,0.0812,0.44301,0.87742
final,40,2,46,0.07952,0.43049,0.86867
final,40,2,47,0.07778,0.41787,0.85934
final,40,2,48,0.076,0.40517,0.84941
final,40,2,49,0.07419,0.39243,0.83888
final,40,2,50,0.07234,0.3797,0.82772
final,40,2,51,0.07048,0.367,0.81595
final,40,2,52,0.06861,0.35438,0.80354
final,40,2,53,0.06673,0.34187,0.79051
final,40,2,54,0.06486,0.3295,0.77687
final,40,2,55,0.063,0.3173,0.76263
final,40,2,56,0.06116,0.30531,0.74781
final,40,2,57,0.05934,0.29356,0.73244
final,40,2,58,0.05754,0.28205,0.71654
final,40,2,59,0.05578,0.27083,0.70017
final,40,2,60,0.05406,0.25991,0.68335
final,40,2,61,0.05238,0.24931,0.66614
final,40,2,62,0.05075,0.23904,0.64859
final,40,2,63,0.04916,0.2291,0.63076
final,40,2,64,0.04762,0.21951,0.61268
final,40,2,65,0.04613,0.21026,0.59443
final,40,2,66,0.04469,0.20135,0.57605
final,40,2,67,0.04329,0.19277,0.5576
final,40,2,68,0.04194,0.18454,0.53914
final,40,2,69,0.04064,0.17664,0.52073
final,40,2,70,0.03938,0.16907,0.50243
final,40,2,71,0.03818,0.16182,0.48428
final,40,2,72,0.03701,0.15488,0.46636
final,40,2,73,0.03589,0.14826,0.44869
final,40,2,74,0.03482,0.14194,0.43134
final,40,2,75,0.03378,0.1359,0.41434
final,40,2,76,0.03279,0.13016,0.39773
final,40,2,77,0.03184,0.12468,0.38155
final,40,2,78,0.03093,0.11948,0.36582
final,40,2,79,0.03006,0.11453,0.35058
final,40,2,80,0.02922,0.10983,0.33583
final,40,2,81,0.02843,0.10536,0.3216
final,40,2,82,0.02766,0.10113,0.3079
final,40,2,83,0.02694,0.09711,0.29473
final,40,2,84,0.02624,0.0933,0.2821
final,40,2,85,0.02558,0.0897,0.27002
final,40,2,86,0.02495,0.08629,0.25847
final,40,2,87,0.02435,0.08306,0.24745
final,40,2,88,0.02378,0.08001,0.23696
final,40,2,89,0.02324,0.07713,0.22698
final,40,2,90,0.02272,0.07441,0.2175
final,40,2,91,0.02224,0.07185,0.20852
final,40,2,92,0.02178,0.06943,0.20001
final,40,2,93,0.02135,0.06715,0.19196
final,40,2,94,0.02094,0.06501,0.18435
final,40,2,95,0.02056,0.06299,0.17717
final,40,2,96,0.0202,0.0611,0.17041
final,40,2,97,0.01986,0.05932,0.16404
final,40,2,98,0.01955,0.05765,0.15805
final,40,2,99,0.01926,0.0561,0.15243
final,40,2,100,0.01899,0.05464,0.14715
final,40,2,101,0.01875,0.05329,0.14221
final,40,2,102,0.01853,0.05202,0.13758
final,40,2,103,0.01833,0.05085,0.13326
final,40,2,104,0.01815,0.04977,0.12923
final,40,2,105,0.01799,0.04877,0.12548
final,40,2,106,0.01786,0.04786,0.12199
final,40,2,107,0.01774,0.04702,0.11876
final,40,2,108,0.01765,0.04626,0.11577
final,40,2,109,0.01758,0.04557,0.11301
final,40,2,110,0.01753,0.04495,0.11046
final,40,2,111,0.0175,0.0444,0.10812
final,40,2,112,0.01749,0.04391,0.10596
final,40,2,113,0.01749,0.04348,0.10398
final,40,2,114,0.01752,0.0431,0.10217
final,40,2,115,0.01756,0.04278,0.10051
final,40,2,116,0.01762,0.04251,0.09899
final,40,2,117,0.0177,0.04228,0.09761
final,40,2,118,0.01779,0.0421,0.09637
final,40,2,119,0.0179,0.04196,0.09524
final,40,2,120,0.01802,0.04186,0.09422
final,40,2,121,0.01816,0.04181,0.09332
final,40,2,122,0.01831,0.04179,0.09251
final,40,2,123,0.01848,0.04181,0.0918
final,40,2,124,0.01867,0.04186,0.09118
final,40,2,125,0.01887,0.04194,0.09065
final,40,2,126,0.01908,0.04206,0.09019
final,40,2,127,0.01931,0.04221,0.08982
final,40,2,128,0.01955,0.04239,0.08951
final,40,2,129,0.0198,0.0426,0.08927
final,40,2,130,0.02007,0.04284,0.08909
final,40,2,131,0.02035,0.0431,0.08897
final,40,2,132,0.02065,0.04339,0.0889
final,40,2,133,0.02096,0.0437,0.08889
final,40,2,134,0.02128,0.04404,0.08892
final,40,2,135,0.02162,0.0444,0.08899
final,40,2,136,0.02197,0.04478,0.0891
final,40,2,137,0.02234,0.04518,0.08925
final,40,2,138,0.02272,0.0456,0.08943
final,40,2,139,0.02311,0.04604,0.08964
final,40,2,140,0.02351,0.04649,0.08986
final,40,2,141,0.02393,0.04696,0.09011
final,40,2,142,0.02436,0.04745,0.09038
final,40,2,143,0.02481,0.04794,0.09066
final,40,2,144,0.02526,0.04845,0.09094
final,40,2,145,0.02573,0.04897,0.09124
final,40,2,146,0.02621,0.0495,0.09153
final,40,2,147,0.0267,0.05003,0.09183
final,40,2,148,0.0272,0.05057,0.09212
final,40,2,149,0.0277,0.05111,0.0924
final,40,2,150,0.02822,0.05165,0.09267
final,40,2,151,0.02874,0.05219,0.09293
final,40,2,152,0.02927,0.05273,0.09318
final,40,2,153,0.0298,0.05326,0.09341
final,40,2,154,0.03034,0.05379,0.09363
final,40,2,155,0.03087,0.05431,0.09383
final,40,2,156,0.0314,0.05482,0.09402
final,40,2,157,0.03192,0.05531,0.09419
final,40,2,158,0.03243,0.05579,0.09436
final,40,2,159,0.03292,0.05626,0.09451
final,40,2,160,0.0334,0.0567,0.09466
final,40,2,161,0.03385,0.05712,0.0948
final,40,2,162,0.03429,0.05751,0.09492
final,40,2,163,0.03469,0.05788,0.09504
final,40,2,164,0.03507,0.05822,0.09514
final,40,2,165,0.03542,0.05852,0.09522
final,40,2,166,0.03573,0.05879,0.09528
final,40,2,167,0.03601,0.05903,0.0953
final,40,2,168,0.03626,0.05922,0.09529
final,40,2,169,0.03647,0.05938,0.09524
final,40,2,170,0.03666,0.05948,0.09513
final,40,2,171,0.03681,0.05955,0.09495
final,40,2,172,0.03693,0.05956,0.09471
final,40,2,173,0.03702,0.05953,0.09439
final,40,2,174,0.03708,0.05944,0.09397
final,40,2,175,0.03711,0.0593,0.09346
final,40,2,176,0.03712,0.0591,0.09285
final,40,2,177,0.0371,0.05885,0.09212
final,40,2,178,0.03706,0.05854,0.09128
final,40,2,179,0.03699,0.05817,0.09033
final,40,2,180,0.0369,0.05774,0.08926
final,40,2,181,0.03677,0.05725,0.08809
final,40,2,182,0.03661,0.0567,0.08681
final,40,2,183,0.03642,0.05608,0.08543
final,40,2,184,0.03617,0.05541,0.08398
final,40,2,185,0.03588,0.05468,0.08248
final,40,2,186,0.03552,0.05388,0.08094
final,40,2,187,0.03509,0.05303,0.0794
final,40,2,188,0.03456,0.05212,0.07789
final,40,2,189,0.03393,0.05116,0.07645
final,40,2,190,0.03317,0.05014,0.07511
final,40,2,191,0.03227,0.04907,0.07393
final,40,2,192,0.03123,0.04794,0.07294
final,40,3,20,0.03846,0.40856,0.92267
final,40,3,21,0.04049,0.41209,0.9209
final,40,3,22,0.04246,0.41506,0.91905
final,40,3,23,0.04436,0.4175,0.91712
final,40,3,24,0.04618,0.41941,0.9151
final,40,3,25,0.04792,0.4208,0.91295
final,40,3,26,0.04956,0.42169,0.91069
final,40,3,27,0.05111,0.42209,0.90829
final,40,3,28,0.05256,0.42201,0.90574
final,40,3,29,0.05392,0.42146,0.90302
final,40,3,30,0.05517,0.42046,0.90014
final,40,3,31,0.05633,0.41903,0.89707
final,40,3,32,0.05738,0.41717,0.8938
final,40,3,33,0.05833,0.4149,0.89032
final,40,3,34,0.05918,0.41223,0.88662
final,40,3,35,0.05994,0.4092,0.88268
final,40,3,36,0.06059,0.40579,0.87851
final,40,3,37,0.06115,0.40205,0.87407
final,40,3,38,0.06161,0.39797,0.86938
final,40,3,39,0.06198,0.39359,0.86441
final,40,3,40,0.06226,0.38891,0.85915
final,40,3,41,0.06246,0.38395,0.85361
final,40,3,42,0.06256,0.37873,0.84776
final,40,3,43,0.06259,0.37328,0.84161
final,40,3,44,0.06253,0.3676,0.83514
final,40,3,45,0.0624,0.36172,0.82835
final,40,3,46,0.06219,0.35565,0.82125
final,40,3,47,0.06191,0.34943,0.81382
final,40,3,48,0.06157,0.34305,0.80606
final,40,3,49,0.06116,0.33655,0.79798
final,40,3,50,0.06069,0.32994,0.78957
final,40,3,51,0.06017,0.32324,0.78085
final,40,3,52,0.0596,0.31647,0.7718
final,40,3,53,0.05899,0.30965,0.76245
final,40,3,54,0.05833,0.3028,0.75279
final,40,3,55,0.05763,0.29593,0.74283
final,40,3,56,0.05691,0.28906,0.7326
final,40,3,57,0.05615,0.28221,0.72208
final,40,3,58,0.05538,0.2754,0.71131
final,40,3,59,0.05459,0.26863,0.70029
final,40,3,60,0.05378,0.26193,0.68903
final,40,3,61,0.05297,0.2553,0.67756
final,40,3,62,0.05215,0.24877,0.66589
final,40,3,63,0.05133,0.24233,0.65403
final,40,3,64,0.05052,0.236,0.642
final,40,3,65,0.04971,0.22977,0.62981
final,40,3,66,0.0489,0.22366,0.61749
final,40,3,67,0.0481,0.21766,0.60505
final,40,3,68,0.0473,0.21179,0.5925
final,40,3,69,0.04652,0.20604,0.57988
final,40,3,70,0.04575,0.20042,0.56721
final,40,3,71,0.04498,0.19493,0.55449
final,40,3,72,0.04423,0.18957,0.54177
final,40,3,73,0.0435,0.18435,0.52906
final,40,3,74,0.04277,0.17927,0.51638
final,40,3,75,0.04206,0.17432,0.50376
final,40,3,76,0.04137,0.16951,0.49122
final,40,3,77,0.04068,0.16484,0.47878
final,40,3,78,0.04002,0.16031,0.46647
final,40,3,79,0.03937,0.15592,0.45431
final,40,3,80,0.03874,0.15166,0.44231
final,40,3,81,0.03812,0.14754,0.4305
final,40,3,82,0.03752,0.14356,0.41889
final,40,3,83,0.03693,0.13971,0.4075
final,40,3,84,0.03636,0.136,0.39634
final,40,3,85,0.03581,0.13241,0.38543
final,40,3,86,0.03528,0.12896,0.37478
final,40,3,87,0.03476,0.12563,0.36439
final,40,3,88,0.03426,0.12243,0.35429
final,40,3,89,0.03378,0.11936,0.34448
final,40,3,90,0.03331,0.1164,0.33495
final,40,3,91,0.03286,0.11357,0.32573
final,40,3,92,0.03243,0.11085,0.3168
final,40,3,93,0.03202,0.10825,0.30818
final,40,3,94,0.03163,0.10576,0.29986
final,40,3,95,0.03125,0.10339,0.29184
final,40,3,96,0.0309,0.10112,0.28413
final,40,3,97,0.03056,0.09895,0.27672
final,40,3,98,0.03024,0.09689,0.2696
final,40,3,99,0.02994,0.09494,0.26278
final,40,3,100,0.02966,0.09308,0.25625
final,40,3,101,0.02941,0.09132,0.25001
final,40,3,102,0.02917,0.08965,0.24404
final,40,3,103,0.02895,0.08808,0.23836
final,40,3,104,0.02875,0.0866,0.23294
final,40,3,105,0.02858,0.08522,0.22779
final,40,3,106,0.02842,0.08392,0.2229
final,40,3,107,0.02829,0.08271,0.21827
final,40,3,108,0.02819,0.08159,0.21388
final,40,3,109,0.0281,0.08055,0.20974
final,40,3,110,0.02804,0.07959,0.20583
final,40,3,111,0.028,0.0787,0.20213
final,40,3,112,0.02798,0.07789,0.19864
final,40,3,113,0.02797,0.07714,0.19535
final,40,3,114,0.02799,0.07646,0.19225
final,40,3,115,0.02802,0.07583,0.18933
final,40,3,116,0.02807,0.07527,0.18658
final,40,3,117,0.02814,0.07476,0.18399
final,40,3,118,0.02822,0.0743,0.18155
final,40,3,119,0.02832,0.07389,0.17927
final,40,3,120,0.02843,0.07352,0.17712
final,40,3,121,0.02855,0.0732,0.17511
final,40,3,122,0.02868,0.07292,0.17323
final,40,3,123,0.02883,0.07269,0.17147
final,40,3,124,0.02899,0.07248,0.16982
final,40,3,125,0.02916,0.07232,0.16829
final,40,3,126,0.02934,0.07218,0.16685
final,40,3,127,0.02953,0.07208,0.16551
final,40,3,128,0.02972,0.07201,0.16427
final,40,3,129,0.02993,0.07196,0.16311
final,40,3,130,0.03014,0.07194,0.16202
final,40,3,131,0.03037,0.07195,0.16102
final,40,3,132,0.0306,0.07197,0.16008
final,40,3,133,0.03083,0.07202,0.1592
final,40,3,134,0.03107,0.07209,0.15838
final,40,3,135,0.03132,0.07217,0.15761
final,40,3,136,0.03158,0.07227,0.15688
final,40,3,137,0.03184,0.07238,0.1562
final,40,3,138,0.03211,0.0725,0.15554
final,40,3,139,0.03238,0.07263,0.15492
final,40,3,140,0.03266,0.07277,0.15431
final,40,3,141,0.03294,0.07292,0.15372
final,40,3,142,0.03322,0.07307,0.15315
final,40,3,143,0.03351,0.07323,0.15257
final,40,3,144,0.03381,0.07338,0.152
final,40,3,145,0.0341,0.07354,0.15142
final,40,3,146,0.0344,0.07369,0.15083
final,40,3,147,0.03471,0.07384,0.15022
final,40,3,148,0.03501,0.07398,0.14959
final,40,3,149,0.03532,0.07411,0.14894
final,40,3,150,0.03563,0.07424,0.14826
final,40,3,151,0.03593,0.07435,0.14755
final,40,3,152,0.03624,0.07445,0.1468
final,40,3,153,0.03654,0.07453,0.14602
final,40,3,154,0.03684,0.07459,0.1452
final,40,3,155,0.03713,0.07464,0.14435
final,40,3,156,0.03742,0.07467,0.14347
final,40,3,157,0.0377,0.07468,0.14257
final,40,3,158,0.03797,0.07468,0.14167
final,40,3,159,0.03823,0.07467,0.14076
final,40,3,160,0.03848,0.07465,0.13987
final,40,3,161,0.03872,0.07462,0.139
final,40,3,162,0.03895,0.07459,0.13814
final,40,3,163,0.03917,0.07455,0.13732
final,40,3,164,0.03938,0.07451,0.13652
final,40,3,165,0.03958,0.07447,0.13577
final,40,3,166,0.03977,0.07443,0.13504
final,40,3,167,0.03996,0.0744,0.13436
final,40,3,168,0.04015,0.07437,0.1337
final,40,3,169,0.04033,0.07435,0.13309
final,40,3,170,0.04052,0.07434,0.1325
final,40,3,171,0.04071,0.07434,0.13194
final,40,3,172,0.04091,0.07435,0.13141
final,40,3,173,0.04112,0.07438,0.1309
final,40,3,174,0.04134,0.07443,0.1304
final,40,3,175,0.04159,0.0745,0.12992
final,40,3,176,0.04186,0.07459,0.12945
final,40,3,177,0.04216,0.0747,0.12899
final,40,3,178,0.04248,0.07484,0.12853
final,40,3,179,0.04284,0.075,0.12808
final,40,3,180,0.04323,0.0752,0.12764
final,40,3,181,0.04366,0.07542,0.12722
final,40,3,182,0.04413,0.07569,0.12682
final,40,3,183,0.04462,0.07598,0.12646
final,40,3,184,0.04515,0.07632,0.12616
final,40,3,185,0.04571,0.0767,0.12593
final,40,3,186,0.04627,0.07712,0.1258
final,40,3,187,0.04685,0.07758,0.12583
final,40,3,188,0.04741,0.0781,0.12604
final,40,3,189,0.04793,0.07867,0.1265
final,40,3,190,0.0484,0.07929,0.12728
final,40,3,191,0.04877,0.07998,0.12845
final,40,3,192,0.04902,0.08072,0.13011
final,40,4,20,0.055,0.55071,0.96271
final,40,4,21,0.05765,0.55049,0.96081
final,40,4,22,0.06021,0.54985,0.95883
final,40,4,23,0.06269,0.54881,0.95675
final,40,4,24,0.06506,0.54738,0.95458
final,40,4,25,0.06733,0.54555,0.9523
final,40,4,26,0.06949,0.54335,0.9499
final,40,4,27,0.07153,0.54078,0.94737
final,40,4,28,0.07346,0.53784,0.9447
final,40,4,29,0.07526,0.53454,0.94188
final,40,4,30,0.07695,0.53089,0.93889
final,40,4,31,0.07851,0.5269,0.93573
final,40,4,32,0.07994,0.52257,0.93238
final,40,4,33,0.08126,0.51791,0.92882
final,40,4,34,0.08244,0.51294,0.92506
final,40,4,35,0.08351,0.50765,0.92106
final,40,4,36,0.08445,0.50206,0.91682
final,40,4,37,0.08526,0.49618,0.91232
final,40,4,38,0.08596,0.49002,0.90756
final,40,4,39,0.08653,0.48358,0.9025
final,40,4,40,0.08698,0.47688,0.89715
final,40,4,41,0.08731,0.46993,0.89149
final,40,4,42,0.08753,0.46275,0.88551
final,40,4,43,0.08762,0.45533,0.87918
final,40,4,44,0.08761,0.44771,0.87251
final,40,4,45,0.08748,0.43988,0.86547
final,40,4,46,0.08724,0.43187,0.85807
final,40,4,47,0.0869,0.42369,0.85028
final,40,4,48,0.08645,0.41535,0.8421
final,40,4,49,0.08591,0.40688,0.83353
final,40,4,50,0.08527,0.39828,0.82455
final,40,4,51,0.08455,0.38957,0.81516
final,40,4,52,0.08374,0.38078,0.80536
final,40,4,53,0.08285,0.3719,0.79514
final,40,4,54,0.08188,0.36298,0.7845
final,40,4,55,0.08085,0.35401,0.77345
final,40,4,56,0.07976,0.34502,0.76198
final,40,4,57,0.07862,0.33603,0.7501
final,40,4,58,0.07743,0.32704,0.73781
final,40,4,59,0.0762,0.31808,0.72512
final,40,4,60,0.07493,0.30917,0.71204
final,40,4,61,0.07364,0.30031,0.69857
final,40,4,62,0.07233,0.29153,0.68473
final,40,4,63,0.071,0.28284,0.67055
final,40,4,64,0.06966,0.27426,0.65604
final,40,4,65,0.06831,0.26579,0.64123
final,40,4,66,0.06696,0.25745,0.62616
final,40,4,67,0.06562,0.24925,0.61084
final,40,4,68,0.06427,0.2412,0.59531
final,40,4,69,0.06294,0.23332,0.57962
final,40,4,70,0.06162,0.22561,0.5638
final,40,4,71,0.06032,0.21808,0.54789
final,40,4,72,0.05903,0.21073,0.53194
final,40,4,73,0.05775,0.20358,0.51597
final,40,4,74,0.0565,0.19662,0.50005
final,40,4,75,0.05527,0.18986,0.48421
final,40,4,76,0.05407,0.18331,0.46849
final,40,4,77,0.05289,0.17696,0.45293
final,40,4,78,0.05173,0.17082,0.43757
final,40,4,79,0.0506,0.16489,0.42245
final,40,4,80,0.0495,0.15917,0.40761
final,40,4,81,0.04843,0.15365,0.39306
final,40,4,82,0.04738,0.14834,0.37886
final,40,4,83,0.04636,0.14323,0.36501
final,40,4,84,0.04538,0.13832,0.35154
final,40,4,85,0.04442,0.13362,0.33848
final,40,4,86,0.04349,0.12911,0.32583
final,40,4,87,0.0426,0.12479,0.31361
final,40,4,88,0.04173,0.12065,0.30183
final,40,4,89,0.0409,0.11671,0.2905
final,40,4,90,0.04009,0.11294,0.27962
final,40,4,91,0.03932,0.10935,0.26918
final,40,4,92,0.03857,0.10593,0.2592
final,40,4,93,0.03786,0.10268,0.24966
final,40,4,94,0.03718,0.09959,0.24057
final,40,4,95,0.03653,0.09666,0.23191
final,40,4,96,0.03591,0.09388,0.22368
final,40,4,97,0.03533,0.09125,0.21586
final,40,4,98,0.03478,0.08876,0.20845
final,40,4,99,0.03425,0.08642,0.20144
final,40,4,100,0.03376,0.08421,0.19481
final,40,4,101,0.03331,0.08213,0.18856
final,40,4,102,0.03289,0.08018,0.18266
final,40,4,103,0.0325,0.07836,0.17711
final,40,4,104,0.03214,0.07666,0.1719
final,40,4,105,0.03182,0.07508,0.16701
final,40,4,106,0.03153,0.07361,0.16244
final,40,4,107,0.03128,0.07226,0.15816
final,40,4,108,0.03107,0.07102,0.15417
final,40,4,109,0.03088,0.06988,0.15045
final,40,4,110,0.03073,0.06883,0.14699
final,40,4,111,0.03062,0.06788,0.14377
final,40,4,112,0.03053,0.06701,0.14077
final,40,4,113,0.03047,0.06623,0.13798
final,40,4,114,0.03044,0.06552,0.13539
final,40,4,115,0.03043,0.06489,0.133
final,40,4,116,0.03046,0.06433,0.13078
final,40,4,117,0.03051,0.06383,0.12873
final,40,4,118,0.03058,0.0634,0.12685
final,40,4,119,0.03068,0.06304,0.12512
final,40,4,120,0.0308,0.06273,0.12354
final,40,4,121,0.03095,0.06248,0.12209
final,40,4,122,0.03111,0.06228,0.12078
final,40,4,123,0.0313,0.06214,0.11959
final,40,4,124,0.03151,0.06204,0.11852
final,40,4,125,0.03175,0.062,0.11757
final,40,4,126,0.032,0.062,0.11673
final,40,4,127,0.03227,0.06205,0.11599
final,40,4,128,0.03257,0.06214,0.11535
final,40,4,129,0.03289,0.06227,0.1148
final,40,4,130,0.03322,0.06245,0.11435
final,40,4,131,0.03358,0.06266,0.11397
final,40,4,132,0.03395,0.06292,0.11368
final,40,4,133,0.03435,0.06321,0.11347
final,40,4,134,0.03476,0.06354,0.11333
final,40,4,135,0.0352,0.0639,0.11325
final,40,4,136,0.03565,0.0643,0.11324
final,40,4,137,0.03613,0.06473,0.1133
final,40,4,138,0.03663,0.06519,0.1134
final,40,4,139,0.03714,0.06568,0.11356
final,40,4,140,0.03768,0.06621,0.11377
final,40,4,141,0.03824,0.06676,0.11403
final,40,4,142,0.03881,0.06734,0.11433
final,40,4,143,0.03941,0.06794,0.11466
final,40,4,144,0.04003,0.06858,0.11504
final,40,4,145,0.04067,0.06923,0.11544
final,40,4,146,0.04132,0.06991,0.11588
final,40,4,147,0.042,0.07061,0.11635
final,40,4,148,0.04269,0.07133,0.11684
final,40,4,149,0.0434,0.07207,0.11736
final,40,4,150,0.04412,0.07283,0.1179
final,40,4,151,0.04486,0.0736,0.11847
final,40,4,152,0.0456,0.07439,0.11907
final,40,4,153,0.04636,0.07519,0.1197
final,40,4,154,0.04711,0.076,0.12036
final,40,4,155,0.04787,0.07682,0.12106
final,40,4,156,0.04861,0.07764,0.1218
final,40,4,157,0.04934,0.07847,0.12258
final,40,4,158,0.05005,0.07929,0.1234
final,40,4,159,0.05073,0.08011,0.12427
final,40,4,160,0.05139,0.08092,0.12519
final,40,4,161,0.052,0.08171,0.12614
final,40,4,162,0.05258,0.08249,0.12712
final,40,4,163,0.05312,0.08324,0.12813
final,40,4,164,0.05362,0.08396,0.12915
final,40,4,165,0.05407,0.08466,0.13016
final,40,4,166,0.05448,0.08531,0.13117
final,40,4,167,0.05486,0.08592,0.13213
final,40,4,168,0.05519,0.08649,0.13304
final,40,4,169,0.0555,0.08701,0.13388
final,40,4,170,0.05577,0.08747,0.13461
final,40,4,171,0.05602,0.08787,0.13523
final,40,4,172,0.05625,0.0882,0.13569
final,40,4,173,0.05646,0.08847,0.13599
final,40,4,174,0.05667,0.08865,0.13609
final,40,4,175,0.05686,0.08876,0.13598
final,40,4,176,0.05706,0.08879,0.13563
final,40,4,177,0.05725,0.08873,0.13503
final,40,4,178,0.05745,0.08858,0.13417
final,40,4,179,0.05765,0.08833,0.13302
final,40,4,180,0.05786,0.08798,0.1316
final,40,4,181,0.05807,0.08753,0.12989
final,40,4,182,0.05828,0.08698,0.1279
final,40,4,183,0.05848,0.08633,0.12566
final,40,4,184,0.05866,0.08556,0.12319
final,40,4,185,0.0588,0.08469,0.12051
final,40,4,186,0.05888,0.08371,0.11769
final,40,4,187,0.05886,0.08262,0.11479
final,40,4,188,0.05869,0.08142,0.1119
final,40,4,189,0.0583,0.08011,0.10913
final,40,4,190,0.05763,0.07869,0.10659
final,40,4,191,0.05659,0.07718,0.10442
final,40,4,192,0.05511,0.07556,0.10276
final,40,5,20,0.41187,0.54631,0.67432
final,40,5,21,0.43562,0.56792,0.69119
final,40,5,22,0.45711,0.5873,0.70633
final,40,5,23,0.47634,0.60454,0.71981
final,40,5,24,0.49333,0.61971,0.73171
final,40,5,25,0.50816,0.63293,0.7421
final,40,5,26,0.52091,0.64429,0.75108
final,40,5,27,0.53169,0.65391,0.75871
final,40,5,28,0.54059,0.66189,0.76508
final,40,5,29,0.54773,0.66833,0.77026
final,40,5,30,0.55319,0.67332,0.77432
final,40,5,31,0.55707,0.67693,0.77731
final,40,5,32,0.55945,0.67923,0.7793
final,40,5,33,0.56041,0.6803,0.78032
final,40,5,34,0.56,0.68019,0.78042
final,40,5,35,0.55829,0.67893,0.77963
final,40,5,36,0.55534,0.67658,0.77798
final,40,5,37,0.55119,0.67317,0.7755
final,40,5,38,0.54589,0.66873,0.77222
final,40,5,39,0.53949,0.6633,0.76813
final,40,5,40,0.53203,0.6569,0.76327
final,40,5,41,0.52357,0.64955,0.75764
final,40,5,42,0.51414,0.64129,0.75126
final,40,5,43,0.50382,0.63214,0.74414
final,40,5,44,0.49264,0.62215,0.73629
final,40,5,45,0.48068,0.61133,0.72773
final,40,5,46,0.468,0.59974,0.71847
final,40,5,47,0.45469,0.58741,0.70853
final,40,5,48,0.44082,0.5744,0.69794
final,40,5,49,0.42648,0.56077,0.68672
final,40,5,50,0.41176,0.54658,0.6749
final,40,5,51,0.39676,0.5319,0.66252
final,40,5,52,0.38158,0.51681,0.64961
final,40,5,53,0.36632,0.50137,0.63622
final,40,5,54,0.35108,0.48569,0.6224
final,40,5,55,0.33595,0.46984,0.6082
final,40,5,56,0.32104,0.45391,0.59369
final,40,5,57,0.30642,0.43799,0.57891
final,40,5,58,0.29217,0.42218,0.56394
final,40,5,59,0.27837,0.40655,0.54885
final,40,5,60,0.26508,0.39118,0.53371
final,40,5,61,0.25235,0.37616,0.51858
final,40,5,62,0.24021,0.36153,0.50352
final,40,5,63,0.22865,0.34732,0.48857
final,40,5,64,0.21765,0.33353,0.47374
final,40,5,65,0.2072,0.32018,0.45909
final,40,5,66,0.19729,0.30728,0.44462
final,40,5,67,0.1879,0.29484,0.43038
final,40,5,68,0.17901,0.28285,0.41638
final,40,5,69,0.1706,0.27133,0.40266
final,40,5,70,0.16264,0.26026,0.38924
final,40,5,71,0.15511,0.24965,0.37614
final,40,5,72,0.14801,0.23948,0.36337
final,40,5,73,0.1413,0.22976,0.35096
final,40,5,74,0.13496,0.22047,0.33892
final,40,5,75,0.12897,0.2116,0.32727
final,40,5,76,0.12333,0.20314,0.316
final,40,5,77,0.118,0.19509,0.30513
final,40,5,78,0.11297,0.18743,0.29466
final,40,5,79,0.10822,0.18014,0.2846
final,40,5,80,0.10375,0.17322,0.27495
final,40,5,81,0.09952,0.16665,0.2657
final,40,5,82,0.09554,0.16042,0.25685
final,40,5,83,0.09178,0.15451,0.2484
final,40,5,84,0.08823,0.14891,0.24034
final,40,5,85,0.08488,0.14362,0.23266
final,40,5,86,0.08173,0.13861,0.22537
final,40,5,87,0.07875,0.13388,0.21844
final,40,5,88,0.07595,0.12941,0.21186
final,40,5,89,0.07331,0.12519,0.20564
final,40,5,90,0.07082,0.12121,0.19976
final,40,5,91,0.06848,0.11747,0.1942
final,40,5,92,0.06627,0.11394,0.18896
final,40,5,93,0.0642,0.11062,0.18402
final,40,5,94,0.06225,0.10751,0.17939
final,40,5,95,0.06042,0.10459,0.17503
final,40,5,96,0.05871,0.10185,0.17095
final,40,5,97,0.0571,0.09929,0.16713
final,40,5,98,0.0556,0.0969,0.16357
final,40,5,99,0.0542,0.09467,0.16025
final,40,5,100,0.0529,0.0926,0.15717
final,40,5,101,0.05168,0.09068,0.15432
final,40,5,102,0.05056,0.08891,0.15169
final,40,5,103,0.04952,0.08727,0.14927
final,40,5,104,0.04857,0.08577,0.14706
final,40,5,105,0.0477,0.0844,0.14505
final,40,5,106,0.0469,0.08316,0.14324
final,40,5,107,0.04618,0.08204,0.14162
final,40,5,108,0.04554,0.08105,0.14018
final,40,5,109,0.04496,0.08016,0.13892
final,40,5,110,0.04444,0.07938,0.13782
final,40,5,111,0.04398,0.0787,0.13689
final,40,5,112,0.04358,0.07811,0.1361
final,40,5,113,0.04323,0.07761,0.13546
final,40,5,114,0.04293,0.0772,0.13496
final,40,5,115,0.04268,0.07687,0.13459
final,40,5,116,0.04246,0.07661,0.13435
final,40,5,117,0.04229,0.07642,0.13423
final,40,5,118,0.04216,0.0763,0.13422
final,40,5,119,0.04206,0.07625,0.13433
final,40,5,120,0.04199,0.07625,0.13454
final,40,5,121,0.04196,0.07632,0.13486
final,40,5,122,0.04195,0.07644,0.13527
final,40,5,123,0.04197,0.07661,0.13578
final,40,5,124,0.04202,0.07683,0.13637
final,40,5,125,0.04208,0.07709,0.13705
final,40,5,126,0.04218,0.0774,0.1378
final,40,5,127,0.04229,0.07775,0.13863
final,40,5,128,0.04242,0.07813,0.13953
final,40,5,129,0.04257,0.07855,0.14049
final,40,5,130,0.04273,0.07901,0.14151
final,40,5,131,0.04291,0.07949,0.14259
final,40,5,132,0.04311,0.08,0.1437
final,40,5,133,0.04331,0.08053,0.14486
final,40,5,134,0.04353,0.08108,0.14606
final,40,5,135,0.04376,0.08164,0.14728
final,40,5,136,0.04399,0.08222,0.14852
final,40,5,137,0.04424,0.08282,0.14977
final,40,5,138,0.04448,0.08342,0.15104
final,40,5,139,0.04473,0.08402,0.1523
final,40,5,140,0.04499,0.08462,0.15356
final,40,5,141,0.04524,0.08522,0.15481
final,40,5,142,0.04549,0.08581,0.15603
final,40,5,143,0.04574,0.08639,0.15723
final,40,5,144,0.04598,0.08696,0.1584
final,40,5,145,0.04621,0.08751,0.15952
final,40,5,146,0.04643,0.08803,0.16061
final,40,5,147,0.04664,0.08853,0.16164
final,40,5,148,0.04684,0.08899,0.16262
final,40,5,149,0.04701,0.08942,0.16353
final,40,5,150,0.04716,0.08982,0.16439
final,40,5,151,0.04729,0.09016,0.16517
final,40,5,152,0.04738,0.09046,0.16589
final,40,5,153,0.04744,0.09071,0.16654
final,40,5,154,0.04746,0.09091,0.16713
final,40,5,155,0.04745,0.09105,0.16767
final,40,5,156,0.0474,0.09116,0.16818
final,40,5,157,0.04732,0.09123,0.16867
final,40,5,158,0.0472,0.09126,0.16914
final,40,5,159,0.04706,0.09127,0.16962
final,40,5,160,0.04688,0.09125,0.17011
final,40,5,161,0.04668,0.09121,0.17061
final,40,5,162,0.04646,0.09115,0.17113
final,40,5,163,0.04622,0.09109,0.17167
final,40,5,164,0.04597,0.09102,0.17224
final,40,5,165,0.04571,0.09094,0.17284
final,40,5,166,0.04544,0.09087,0.17347
final,40,5,167,0.04518,0.09081,0.17413
final,40,5,168,0.04493,0.09076,0.17481
final,40,5,169,0.04468,0.09073,0.17552
final,40,5,170,0.04446,0.09072,0.17626
final,40,5,171,0.04425,0.09074,0.17702
final,40,5,172,0.04407,0.09079,0.17781
final,40,5,173,0.04392,0.09087,0.17862
final,40,5,174,0.04381,0.09099,0.17946
final,40,5,175,0.04373,0.09116,0.18033
final,40,5,176,0.0437,0.09138,0.18124
final,40,5,177,0.0437,0.09165,0.1822
final,40,5,178,0.04375,0.09199,0.18321
final,40,5,179,0.04385,0.09239,0.1843
final,40,5,180,0.04399,0.09286,0.18549
final,40,5,181,0.04417,0.0934,0.18679
final,40,5,182,0.04439,0.09403,0.18825
final,40,5,183,0.04465,0.09475,0.1899
final,40,5,184,0.04493,0.09556,0.19179
final,40,5,185,0.04523,0.09648,0.19398
final,40,5,186,0.04554,0.0975,0.19654
final,40,5,187,0.04585,0.09865,0.19955
final,40,5,188,0.04612,0.09992,0.20309
final,40,5,189,0.04636,0.10132,0.20729
final,40,5,190,0.04653,0.10287,0.21226
final,40,5,191,0.04661,0.10457,0.21814
final,40,5,192,0.04658,0.10645,0.22508
final,40,6,20,0.12035,0.55687,0.92027
final,40,6,21,0.12741,0.56703,0.92154
final,40,6,22,0.13397,0.5758,0.92254
final,40,6,23,0.13996,0.58323,0.92328
final,40,6,24,0.14535,0.58939,0.92375
final,40,6,25,0.15012,0.59431,0.92395
final,40,6,26,0.15425,0.59806,0.92389
final,40,6,27,0.15774,0.60067,0.92355
final,40,6,28,0.16059,0.60219,0.92294
final,40,6,29,0.16281,0.60266,0.92206
final,40,6,30,0.16441,0.60212,0.92088
final,40,6,31,0.16542,0.60061,0.91941
final,40,6,32,0.16587,0.59815,0.91764
final,40,6,33,0.16576,0.59478,0.91556
final,40,6,34,0.16515,0.59052,0.91314
final,40,6,35,0.16405,0.58542,0.91039
final,40,6,36,0.16251,0.57949,0.90729
final,40,6,37,0.16055,0.57276,0.90382
final,40,6,38,0.15821,0.56527,0.89996
final,40,6,39,0.15553,0.55705,0.89569
final,40,6,40,0.15254,0.54813,0.89101
final,40,6,41,0.14927,0.53854,0.88588
final,40,6,42,0.14576,0.52834,0.88029
final,40,6,43,0.14205,0.51755,0.87422
final,40,6,44,0.13816,0.50622,0.86766
final,40,6,45,0.13413,0.4944,0.86058
final,40,6,46,0.12999,0.48214,0.85298
final,40,6,47,0.12576,0.4695,0.84483
final,40,6,48,0.12149,0.45653,0.83614
final,40,6,49,0.11719,0.4433,0.82689
final,40,6,50,0.1129,0.42986,0.81707
final,40,6,51,0.10862,0.41627,0.8067
final,40,6,52,0.1044,0.4026,0.79577
final,40,6,53,0.10023,0.38892,0.7843
final,40,6,54,0.09616,0.37527,0.7723
final,40,6,55,0.09218,0.36173,0.7598
final,40,6,56,0.08832,0.34834,0.74681
final,40,6,57,0.08458,0.33517,0.73339
final,40,6,58,0.08098,0.32226,0.71956
final,40,6,59,0.07753,0.30966,0.70537
final,40,6,60,0.07423,0.29742,0.69087
final,40,6,61,0.07109,0.28556,0.67611
final,40,6,62,0.0681,0.2741,0.66114
final,40,6,63,0.06527,0.26306,0.646
final,40,6,64,0.06258,0.25243,0.63071
final,40,6,65,0.06003,0.2422,0.61531
final,40,6,66,0.05761,0.23237,0.59984
final,40,6,67,0.05531,0.22294,0.58434
final,40,6,68,0.05314,0.2139,0.56883
final,40,6,69,0.05108,0.20524,0.55336
final,40,6,70,0.04912,0.19695,0.53796
final,40,6,71,0.04727,0.18903,0.52267
final,40,6,72,0.04552,0.18146,0.50753
final,40,6,73,0.04386,0.17424,0.49255
final,40,6,74,0.04228,0.16734,0.47779
final,40,6,75,0.04079,0.16077,0.46325
final,40,6,76,0.03938,0.15451,0.44897
final,40,6,77,0.03804,0.14855,0.43498
final,40,6,78,0.03677,0.14288,0.4213
final,40,6,79,0.03557,0.13749,0.40794
final,40,6,80,0.03443,0.13236,0.39492
final,40,6,81,0.03335,0.12748,0.38225
final,40,6,82,0.03233,0.12285,0.36996
final,40,6,83,0.03136,0.11846,0.35804
final,40,6,84,0.03044,0.11428,0.34651
final,40,6,85,0.02958,0.11033,0.33536
final,40,6,86,0.02875,0.10658,0.32461
final,40,6,87,0.02798,0.10302,0.31426
final,40,6,88,0.02724,0.09965,0.30429
final,40,6,89,0.02655,0.09646,0.29472
final,40,6,90,0.0259,0.09344,0.28553
final,40,6,91,0.02528,0.09058,0.27672
final,40,6,92,0.02469,0.08788,0.26829
final,40,6,93,0.02414,0.08533,0.26023
final,40,6,94,0.02363,0.08292,0.25253
final,40,6,95,0.02314,0.08065,0.24518
final,40,6,96,0.02269,0.0785,0.23818
final,40,6,97,0.02226,0.07648,0.23151
final,40,6,98,0.02186,0.07458,0.22517
final,40,6,99,0.02149,0.07279,0.21915
final,40,6,100,0.02114,0.07111,0.21343
final,40,6,101,0.02082,0.06954,0.20802
final,40,6,102,0.02053,0.06806,0.20289
final,40,6,103,0.02026,0.06669,0.19804
final,40,6,104,0.02001,0.0654,0.19346
final,40,6,105,0.01978,0.06421,0.18915
final,40,6,106,0.01958,0.0631,0.18509
final,40,6,107,0.0194,0.06208,0.18128
final,40,6,108,0.01924,0.06114,0.17771
final,40,6,109,0.0191,0.06027,0.17436
final,40,6,110,0.01898,0.05947,0.17123
final,40,6,111,0.01888,0.05874,0.1683
final,40,6,112,0.0188,0.05807,0.16557
final,40,6,113,0.01873,0.05747,0.16303
final,40,6,114,0.01868,0.05692,0.16066
final,40,6,115,0.01864,0.05642,0.15846
final,40,6,116,0.01861,0.05598,0.15642
final,40,6,117,0.0186,0.05558,0.15453
final,40,6,118,0.0186,0.05523,0.15279
final,40,6,119,0.01861,0.05492,0.15119
final,40,6,120,0.01863,0.05466,0.14972
final,40,6,121,0.01866,0.05443,0.14837
final,40,6,122,0.01871,0.05424,0.14714
final,40,6,123,0.01876,0.05408,0.14602
final,40,6,124,0.01882,0.05396,0.14501
final,40,6,125,0.01889,0.05387,0.1441
final,40,6,126,0.01897,0.05381,0.14329
final,40,6,127,0.01906,0.05378,0.14256
final,40,6,128,0.01915,0.05377,0.14191
final,40,6,129,0.01926,0.05379,0.14133
final,40,6,130,0.01937,0.05383,0.14083
final,40,6,131,0.01948,0.0539,0.14039
final,40,6,132,0.01961,0.05398,0.14
final,40,6,133,0.01974,0.05409,0.13966
final,40,6,134,0.01988,0.05421,0.13937
final,40,6,135,0.02003,0.05435,0.13911
final,40,6,136,0.02019,0.0545,0.13888
final,40,6,137,0.02035,0.05467,0.13868
final,40,6,138,0.02052,0.05485,0.13849
final,40,6,139,0.0207,0.05504,0.13832
final,40,6,140,0.02088,0.05524,0.13815
final,40,6,141,0.02107,0.05545,0.13798
final,40,6,142,0.02127,0.05566,0.13781
final,40,6,143,0.02148,0.05588,0.13762
final,40,6,144,0.02169,0.0561,0.13741
final,40,6,145,0.02191,0.05632,0.13719
final,40,6,146,0.02213,0.05654,0.13693
final,40,6,147,0.02237,0.05676,0.13664
final,40,6,148,0.0226,0.05697,0.13632
final,40,6,149,0.02285,0.05719,0.13597
final,40,6,150,0.02309,0.05739,0.13557
final,40,6,151,0.02334,0.05759,0.13513
final,40,6,152,0.02359,0.05777,0.13466
final,40,6,153,0.02384,0.05795,0.13414
final,40,6,154,0.02409,0.05811,0.1336
final,40,6,155,0.02434,0.05827,0.13305
final,40,6,156,0.02458,0.05842,0.13251
final,40,6,157,0.02483,0.05858,0.132
final,40,6,158,0.02507,0.05874,0.13153
final,40,6,159,0.02531,0.05891,0.13112
final,40,6,160,0.02555,0.0591,0.13078
final,40,6,161,0.0258,0.05931,0.13053
final,40,6,162,0.02604,0.05954,0.13038
final,40,6,163,0.02628,0.0598,0.13033
final,40,6,164,0.02653,0.06009,0.1304
final,40,6,165,0.02679,0.06041,0.1306
final,40,6,166,0.02705,0.06078,0.13093
final,40,6,167,0.02733,0.0612,0.13139
final,40,6,168,0.02762,0.06167,0.13199
final,40,6,169,0.02794,0.0622,0.13273
final,40,6,170,0.02828,0.06279,0.13362
final,40,6,171,0.02865,0.06345,0.13465
final,40,6,172,0.02906,0.06419,0.13583
final,40,6,173,0.02951,0.06501,0.13715
final,40,6,174,0.03001,0.06592,0.13862
final,40,6,175,0.03057,0.06692,0.14025
final,40,6,176,0.0312,0.06804,0.14202
final,40,6,177,0.03189,0.06927,0.14395
final,40,6,178,0.03267,0.07063,0.14603
final,40,6,179,0.03354,0.07213,0.14829
final,40,6,180,0.03452,0.07377,0.15072
final,40,6,181,0.0356,0.07558,0.15334
final,40,6,182,0.03681,0.07757,0.15617
final,40,6,183,0.03814,0.07975,0.15923
final,40,6,184,0.03963,0.08214,0.16256
final,40,6,185,0.04126,0.08477,0.1662
final,40,6,186,0.04306,0.08764,0.1702
final,40,6,187,0.04502,0.0908,0.17462
final,40,6,188,0.04715,0.09426,0.17957
final,40,6,189,0.04944,0.09805,0.18513
final,40,6,190,0.05189,0.10221,0.19146
final,40,6,191,0.05448,0.10677,0.19871
final,40,6,192,0.05716,0.11177,0.20709
final,40,7,20,0.12318,0.57437,0.92838
final,40,7,21,0.12807,0.57834,0.92757
final,40,7,22,0.1326,0.58161,0.92669
final,40,7,23,0.13675,0.58421,0.92572
final,40,7,24,0.14052,0.58617,0.92465
final,40,7,25,0.14391,0.58749,0.92346
final,40,7,26,0.14692,0.58819,0.92215
final,40,7,27,0.14956,0.5883,0.92071
final,40,7,28,0.15184,0.58784,0.91911
final,40,7,29,0.15375,0.58681,0.91736
final,40,7,30,0.15533,0.58523,0.91544
final,40,7,31,0.15657,0.58311,0.91334
final,40,7,32,0.15748,0.58048,0.91106
final,40,7,33,0.15809,0.57735,0.90857
final,40,7,34,0.1584,0.57372,0.90588
final,40,7,35,0.15843,0.56962,0.90296
final,40,7,36,0.15818,0.56506,0.89982
final,40,7,37,0.15767,0.56004,0.89645
final,40,7,38,0.15692,0.5546,0.89282
final,40,7,39,0.15593,0.54873,0.88894
final,40,7,40,0.15472,0.54246,0.88479
final,40,7,41,0.15331,0.53581,0.88036
final,40,7,42,0.15169,0.52878,0.87565
final,40,7,43,0.1499,0.5214,0.87065
final,40,7,44,0.14794,0.51369,0.86535
final,40,7,45,0.14582,0.50567,0.85974
final,40,7,46,0.14355,0.49735,0.85382
final,40,7,47,0.14116,0.48876,0.84757
final,40,7,48,0.13866,0.47992,0.84101
final,40,7,49,0.13605,0.47086,0.83411
final,40,7,50,0.13336,0.46159,0.82689
final,40,7,51,0.13059,0.45215,0.81933
final,40,7,52,0.12776,0.44256,0.81143
final,40,7,53,0.12489,0.43284,0.8032
final,40,7,54,0.12198,0.42303,0.79463
final,40,7,55,0.11906,0.41314,0.78573
final,40,7,56,0.11613,0.40321,0.7765
final,40,7,57,0.11321,0.39326,0.76694
final,40,7,58,0.1103,0.38331,0.75706
final,40,7,59,0.10743,0.3734,0.74686
final,40,7,60,0.1046,0.36355,0.73636
final,40,7,61,0.10182,0.35377,0.72556
final,40,7,62,0.09908,0.34408,0.71446
final,40,7,63,0.0964,0.33449,0.70309
final,40,7,64,0.09377,0.32502,0.69144
final,40,7,65,0.09121,0.31568,0.67953
final,40,7,66,0.08871,0.30649,0.66738
final,40,7,67,0.08626,0.29744,0.65501
final,40,7,68,0.08389,0.28856,0.64244
final,40,7,69,0.08157,0.27986,0.62968
final,40,7,70,0.07932,0.27134,0.61678
final,40,7,71,0.07714,0.263,0.60374
final,40,7,72,0.07502,0.25487,0.59059
final,40,7,73,0.07296,0.24694,0.57737
final,40,7,74,0.07097,0.23921,0.56411
final,40,7,75,0.06905,0.2317,0.55082
final,40,7,76,0.06718,0.22441,0.53755
final,40,7,77,0.06538,0.21733,0.52432
final,40,7,78,0.06364,0.21048,0.51116
final,40,7,79,0.06196,0.20384,0.4981
final,40,7,80,0.06034,0.19743,0.48517
final,40,7,81,0.05877,0.19123,0.47239
final,40,7,82,0.05727,0.18526,0.45979
final,40,7,83,0.05582,0.17951,0.44739
final,40,7,84,0.05443,0.17397,0.43522
final,40,7,85,0.05309,0.16864,0.42329
final,40,7,86,0.0518,0.16353,0.41163
final,40,7,87,0.05057,0.15863,0.40025
final,40,7,88,0.04939,0.15393,0.38917
final,40,7,89,0.04825,0.14943,0.37839
final,40,7,90,0.04717,0.14513,0.36794
final,40,7,91,0.04614,0.14102,0.35781
final,40,7,92,0.04516,0.1371,0.34802
final,40,7,93,0.04422,0.13336,0.33857
final,40,7,94,0.04333,0.12981,0.32946
final,40,7,95,0.04248,0.12643,0.3207
final,40,7,96,0.04168,0.12323,0.31229
final,40,7,97,0.04093,0.12019,0.30423
final,40,7,98,0.04022,0.11731,0.29652
final,40,7,99,0.03956,0.1146,0.28914
final,40,7,100,0.03893,0.11204,0.28212
final,40,7,101,0.03836,0.10963,0.27542
final,40,7,102,0.03782,0.10737,0.26907
final,40,7,103,0.03733,0.10526,0.26304
final,40,7,104,0.03688,0.10329,0.25733
final,40,7,105,0.03647,0.10146,0.25195
final,40,7,106,0.03611,0.09976,0.24688
final,40,7,107,0.03579,0.0982,0.24212
final,40,7,108,0.0355,0.09676,0.23765
final,40,7,109,0.03526,0.09543,0.23346
final,40,7,110,0.03505,0.09422,0.22953
final,40,7,111,0.03487,0.0931,0.22584
final,40,7,112,0.03472,0.09209,0.2224
final,40,7,113,0.0346,0.09116,0.21918
final,40,7,114,0.03451,0.09032,0.21618
final,40,7,115,0.03445,0.08957,0.21337
final,40,7,116,0.03441,0.08888,0.21077
final,40,7,117,0.0344,0.08828,0.20835
final,40,7,118,0.0344,0.08774,0.2061
final,40,7,119,0.03443,0.08726,0.20402
final,40,7,120,0.03448,0.08685,0.2021
final,40,7,121,0.03454,0.08649,0.20033
final,40,7,122,0.03463,0.08618,0.1987
final,40,7,123,0.03473,0.08593,0.1972
final,40,7,124,0.03484,0.08572,0.19583
final,40,7,125,0.03497,0.08556,0.19458
final,40,7,126,0.03511,0.08544,0.19344
final,40,7,127,0.03527,0.08536,0.1924
final,40,7,128,0.03543,0.08531,0.19145
final,40,7,129,0.03561,0.08529,0.19059
final,40,7,130,0.0358,0.08531,0.18982
final,40,7,131,0.03599,0.08535,0.18911
final,40,7,132,0.0362,0.08541,0.18847
final,40,7,133,0.03641,0.0855,0.18788
final,40,7,134,0.03663,0.08561,0.18735
final,40,7,135,0.03685,0.08573,0.18685
final,40,7,136,0.03708,0.08586,0.18639
final,40,7,137,0.03732,0.08601,0.18596
final,40,7,138,0.03756,0.08616,0.18554
final,40,7,139,0.0378,0.08632,0.18513
final,40,7,140,0.03805,0.08648,0.18473
final,40,7,141,0.0383,0.08665,0.18433
final,40,7,142,0.03855,0.0868,0.18391
final,40,7,143,0.0388,0.08696,0.18348
final,40,7,144,0.03905,0.0871,0.18303
final,40,7,145,0.03929,0.08723,0.18254
final,40,7,146,0.03953,0.08735,0.18203
final,40,7,147,0.03977,0.08745,0.18147
final,40,7,148,0.04,0.08752,0.18087
final,40,7,149,0.04022,0.08758,0.18023
final,40,7,150,0.04043,0.08761,0.17953
final,40,7,151,0.04063,0.08761,0.17879
final,40,7,152,0.04081,0.08758,0.17799
final,40,7,153,0.04097,0.08751,0.17715
final,40,7,154,0.04111,0.08741,0.17627
final,40,7,155,0.04123,0.08728,0.17535
final,40,7,156,0.04133,0.08712,0.17442
final,40,7,157,0.0414,0.08693,0.17346
final,40,7,158,0.04144,0.0867,0.17249
final,40,7,159,0.04147,0.08645,0.17152
final,40,7,160,0.04146,0.08618,0.17053
final,40,7,161,0.04143,0.08587,0.16954
final,40,7,162,0.04138,0.08555,0.16855
final,40,7,163,0.04131,0.08519,0.16754
final,40,7,164,0.04123,0.08482,0.16652
final,40,7,165,0.04112,0.08443,0.16547
final,40,7,166,0.041,0.08401,0.1644
final,40,7,167,0.04088,0.08358,0.1633
final,40,7,168,0.04075,0.08313,0.16214
final,40,7,169,0.04062,0.08266,0.16094
final,40,7,170,0.04049,0.08218,0.15968
final,40,7,171,0.04036,0.08169,0.15834
final,40,7,172,0.04025,0.08118,0.15692
final,40,7,173,0.04015,0.08066,0.15542
final,40,7,174,0.04007,0.08013,0.15382
final,40,7,175,0.04001,0.07959,0.15212
final,40,7,176,0.03997,0.07904,0.15032
final,40,7,177,0.03996,0.07849,0.14842
final,40,7,178,0.03997,0.07792,0.14642
final,40,7,179,0.04001,0.07736,0.14433
final,40,7,180,0.04007,0.07678,0.14215
final,40,7,181,0.04016,0.07621,0.13991
final,40,7,182,0.04026,0.07563,0.13763
final,40,7,183,0.04037,0.07505,0.13533
final,40,7,184,0.04049,0.07447,0.13304
final,40,7,185,0.04058,0.0739,0.13082
final,40,7,186,0.04065,0.07332,0.12872
final,40,7,187,0.04066,0.07274,0.1268
final,40,7,188,0.04058,0.07217,0.12513
final,40,7,189,0.04039,0.0716,0.12381
final,40,7,190,0.04005,0.07104,0.12292
final,40,7,191,0.03953,0.07048,0.12257
final,40,7,192,0.03878,0.06992,0.12287
final,40,8,20,0.1351,0.66153,0.96071
final,40,8,21,0.14231,0.66445,0.9594
final,40,8,22,0.14907,0.66666,0.95804
final,40,8,23,0.15535,0.6682,0.95662
final,40,8,24,0.16113,0.66909,0.95513
final,40,8,25,0.16639,0.66933,0.95355
final,40,8,26,0.17112,0.66896,0.95188
final,40,8,27,0.17532,0.66799,0.9501
final,40,8,28,0.17899,0.66643,0.94821
final,40,8,29,0.18214,0.6643,0.94619
final,40,8,30,0.18478,0.66161,0.94402
final,40,8,31,0.18693,0.65836,0.9417
final,40,8,32,0.18861,0.65458,0.93921
final,40,8,33,0.18983,0.65027,0.93653
final,40,8,34,0.19061,0.64543,0.93365
final,40,8,35,0.19097,0.64008,0.93055
final,40,8,36,0.19094,0.63423,0.92722
final,40,8,37,0.19053,0.62789,0.92364
final,40,8,38,0.18977,0.62107,0.9198
final,40,8,39,0.18868,0.61378,0.91568
final,40,8,40,0.18727,0.60603,0.91126
final,40,8,41,0.18558,0.59783,0.90652
final,40,8,42,0.18361,0.5892,0.90145
final,40,8,43,0.1814,0.58017,0.89602
final,40,8,44,0.17895,0.57073,0.89023
final,40,8,45,0.1763,0.56092,0.88406
final,40,8,46,0.17345,0.55076,0.87749
final,40,8,47,0.17043,0.54027,0.87051
final,40,8,48,0.16725,0.52947,0.8631
final,40,8,49,0.16395,0.51839,0.85525
final,40,8,50,0.16052,0.50707,0.84695
final,40,8,51,0.157,0.49552,0.83819
final,40,8,52,0.15341,0.48379,0.82897
final,40,8,53,0.14975,0.4719,0.81929
final,40,8,54,0.14605,0.45989,0.80913
final,40,8,55,0.14232,0.44779,0.7985
final,40,8,56,0.13858,0.43564,0.78741
final,40,8,57,0.13485,0.42348,0.77586
final,40,8,58,0.13114,0.41133,0.76385
final,40,8,59,0.12747,0.39923,0.75141
final,40,8,60,0.12385,0.38722,0.73855
final,40,8,61,0.12029,0.37532,0.72528
final,40,8,62,0.11679,0.36355,0.71161
final,40,8,63,0.11336,0.35193,0.69757
final,40,8,64,0.11,0.34048,0.68317
final,40,8,65,0.10672,0.32921,0.66845
final,40,8,66,0.10351,0.31815,0.65344
final,40,8,67,0.10039,0.30731,0.63816
final,40,8,68,0.09736,0.2967,0.62265
final,40,8,69,0.0944,0.28633,0.60695
final,40,8,70,0.09154,0.27623,0.59109
final,40,8,71,0.08876,0.26639,0.57513
final,40,8,72,0.08607,0.25682,0.5591
final,40,8,73,0.08346,0.24753,0.54305
final,40,8,74,0.08094,0.23853,0.52701
final,40,8,75,0.07851,0.22982,0.51104
final,40,8,76,0.07616,0.2214,0.49518
final,40,8,77,0.07389,0.21328,0.47946
final,40,8,78,0.07171,0.20544,0.46393
final,40,8,79,0.06961,0.1979,0.44863
final,40,8,80,0.06758,0.19065,0.43359
final,40,8,81,0.06564,0.18368,0.41885
final,40,8,82,0.06377,0.177,0.40443
final,40,8,83,0.06198,0.1706,0.39037
final,40,8,84,0.06026,0.16448,0.37668
final,40,8,85,0.05861,0.15862,0.36338
final,40,8,86,0.05704,0.15302,0.3505
final,40,8,87,0.05553,0.14769,0.33805
final,40,8,88,0.05409,0.1426,0.32603
final,40,8,89,0.05271,0.13776,0.31446
final,40,8,90,0.0514,0.13315,0.30334
final,40,8,91,0.05015,0.12877,0.29267
final,40,8,92,0.04897,0.12462,0.28245
final,40,8,93,0.04784,0.12068,0.27269
final,40,8,94,0.04677,0.11696,0.26337
final,40,8,95,0.04576,0.11343,0.25449
final,40,8,96,0.0448,0.1101,0.24605
final,40,8,97,0.0439,0.10696,0.23803
final,40,8,98,0.04306,0.104,0.23043
final,40,8,99,0.04227,0.10122,0.22324
final,40,8,100,0.04153,0.09861,0.21644
final,40,8,101,0.04084,0.09617,0.21003
final,40,8,102,0.04021,0.09388,0.20399
final,40,8,103,0.03962,0.09176,0.19832
final,40,8,104,0.03909,0.08978,0.193
final,40,8,105,0.03861,0.08795,0.18802
final,40,8,106,0.03817,0.08626,0.18338
final,40,8,107,0.03779,0.08471,0.17905
final,40,8,108,0.03745,0.08328,0.17503
final,40,8,109,0.03715,0.08198,0.17128
final,40,8,110,0.0369,0.08079,0.1678
final,40,8,111,0.03668,0.0797,0.16457
final,40,8,112,0.0365,0.07872,0.16158
final,40,8,113,0.03635,0.07783,0.15881
final,40,8,114,0.03624,0.07702,0.15625
final,40,8,115,0.03616,0.0763,0.15389
final,40,8,116,0.03611,0.07566,0.15171
final,40,8,117,0.03609,0.0751,0.14971
final,40,8,118,0.0361,0.0746,0.14788
final,40,8,119,0.03613,0.07418,0.14621
final,40,8,120,0.03619,0.07381,0.14468
final,40,8,121,0.03627,0.07351,0.14329
final,40,8,122,0.03638,0.07326,0.14204
final,40,8,123,0.0365,0.07307,0.14091
final,40,8,124,0.03665,0.07293,0.13989
final,40,8,125,0.03682,0.07283,0.13898
final,40,8,126,0.03701,0.07278,0.13818
final,40,8,127,0.03722,0.07278,0.13746
final,40,8,128,0.03745,0.07281,0.13684
final,40,8,129,0.03769,0.07289,0.13629
final,40,8,130,0.03795,0.07299,0.13582
final,40,8,131,0.03823,0.07314,0.13541
final,40,8,132,0.03853,0.07331,0.13507
final,40,8,133,0.03884,0.07351,0.13477
final,40,8,134,0.03917,0.07373,0.13452
final,40,8,135,0.03951,0.07398,0.13432
final,40,8,136,0.03987,0.07426,0.13414
final,40,8,137,0.04025,0.07455,0.134
final,40,8,138,0.04063,0.07485,0.13388
final,40,8,139,0.04103,0.07517,0.13377
final,40,8,140,0.04144,0.07551,0.13367
final,40,8,141,0.04186,0.07585,0.13358
final,40,8,142,0.04229,0.0762,0.1335
final,40,8,143,0.04273,0.07655,0.13341
final,40,8,144,0.04318,0.07691,0.13331
final,40,8,145,0.04363,0.07726,0.1332
final,40,8,146,0.04409,0.07761,0.13309
final,40,8,147,0.04454,0.07796,0.13296
final,40,8,148,0.04499,0.07829,0.13281
final,40,8,149,0.04544,0.07862,0.13266
final,40,8,150,0.04587,0.07892,0.13249
final,40,8,151,0.04628,0.07921,0.13232
final,40,8,152,0.04668,0.07948,0.13215
final,40,8,153,0.04704,0.07973,0.13198
final,40,8,154,0.04738,0.07995,0.13183
final,40,8,155,0.04767,0.08015,0.13171
final,40,8,156,0.04792,0.08032,0.13161
final,40,8,157,0.04812,0.08047,0.13156
final,40,8,158,0.04827,0.08059,0.13154
final,40,8,159,0.04838,0.08068,0.13157
final,40,8,160,0.04843,0.08075,0.13164
final,40,8,161,0.04844,0.08078,0.13174
final,40,8,162,0.0484,0.08079,0.13187
final,40,8,163,0.04831,0.08077,0.13201
final,40,8,164,0.04819,0.08072,0.13215
final,40,8,165,0.04804,0.08064,0.13228
final,40,8,166,0.04786,0.08053,0.13238
final,40,8,167,0.04767,0.08039,0.13243
final,40,8,168,0.04747,0.08021,0.1324
final,40,8,169,0.04727,0.08001,0.13228
final,40,8,170,0.04707,0.07977,0.13205
final,40,8,171,0.04689,0.07951,0.13169
final,40,8,172,0.04672,0.07921,0.13117
final,40,8,173,0.04659,0.07888,0.13048
final,40,8,174,0.04649,0.07851,0.1296
final,40,8,175,0.04643,0.07812,0.12852
final,40,8,176,0.04642,0.07769,0.12722
final,40,8,177,0.04646,0.07723,0.12569
final,40,8,178,0.04656,0.07674,0.12394
final,40,8,179,0.04672,0.07622,0.12197
final,40,8,180,0.04694,0.07567,0.11977
final,40,8,181,0.04722,0.07508,0.11736
final,40,8,182,0.04756,0.07447,0.11477
final,40,8,183,0.04794,0.07382,0.11203
final,40,8,184,0.04836,0.07315,0.10918
final,40,8,185,0.04879,0.07244,0.10628
final,40,8,186,0.04919,0.07171,0.10341
final,40,8,187,0.0495,0.07094,0.10069
final,40,8,188,0.04966,0.07015,0.09823
final,40,8,189,0.04955,0.06933,0.09622
final,40,8,190,0.04906,0.06849,0.09483
final,40,8,191,0.04811,0.06762,0.09425
final,40,8,192,0.04662,0.06672,0.09462
final,40,9,20,0.15789,0.63985,0.94393
final,40,9,21,0.1657,0.64546,0.94347
final,40,9,22,0.17281,0.64992,0.94285
final,40,9,23,0.17917,0.65326,0.94207
final,40,9,24,0.18476,0.65555,0.94112
final,40,9,25,0.18957,0.65682,0.93998
final,40,9,26,0.19359,0.65712,0.93865
final,40,9,27,0.19684,0.65647,0.9371
final,40,9,28,0.19934,0.6549,0.93534
final,40,9,29,0.2011,0.65245,0.93333
final,40,9,30,0.20216,0.64914,0.93108
final,40,9,31,0.20255,0.64498,0.92855
final,40,9,32,0.2023,0.64001,0.92572
final,40,9,33,0.20146,0.63424,0.92259
final,40,9,34,0.20005,0.62769,0.91913
final,40,9,35,0.19813,0.62039,0.91532
final,40,9,36,0.19573,0.61234,0.91113
final,40,9,37,0.1929,0.60358,0.90654
final,40,9,38,0.18967,0.59414,0.90153
final,40,9,39,0.18609,0.58403,0.89607
final,40,9,40,0.1822,0.57329,0.89013
final,40,9,41,0.17803,0.56195,0.88369
final,40,9,42,0.17363,0.55005,0.87673
final,40,9,43,0.16903,0.53763,0.86923
final,40,9,44,0.16427,0.52475,0.86116
final,40,9,45,0.15938,0.51144,0.8525
final,40,9,46,0.1544,0.49776,0.84324
final,40,9,47,0.14936,0.48376,0.83336
final,40,9,48,0.14429,0.46951,0.82287
final,40,9,49,0.13922,0.45508,0.81175
final,40,9,50,0.13417,0.44051,0.80001
final,40,9,51,0.12917,0.42587,0.78766
final,40,9,52,0.12424,0.41124,0.77472
final,40,9,53,0.11941,0.39666,0.7612
final,40,9,54,0.11468,0.38221,0.74715
final,40,9,55,0.11009,0.36795,0.73259
final,40,9,56,0.10563,0.35392,0.71757
final,40,9,57,0.10133,0.34018,0.70214
final,40,9,58,0.0972,0.32678,0.68636
final,40,9,59,0.09324,0.31376,0.67029
final,40,9,60,0.08946,0.30116,0.654
final,40,9,61,0.08587,0.28902,0.63756
final,40,9,62,0.08247,0.27735,0.62103
final,40,9,63,0.07925,0.26615,0.60446
final,40,9,64,0.07621,0.25543,0.58789
final,40,9,65,0.07333,0.24516,0.57137
final,40,9,66,0.07061,0.23535,0.55494
final,40,9,67,0.06804,0.22597,0.53863
final,40,9,68,0.06561,0.21702,0.52248
final,40,9,69,0.06331,0.20848,0.50653
final,40,9,70,0.06113,0.20034,0.49081
final,40,9,71,0.05908,0.19259,0.47536
final,40,9,72,0.05714,0.1852,0.46019
final,40,9,73,0.05531,0.17818,0.44534
final,40,9,74,0.05357,0.1715,0.43082
final,40,9,75,0.05193,0.16514,0.41667
final,40,9,76,0.05039,0.1591,0.40288
final,40,9,77,0.04892,0.15337,0.38949
final,40,9,78,0.04754,0.14792,0.3765
final,40,9,79,0.04623,0.14275,0.36391
final,40,9,80,0.04499,0.13784,0.35174
final,40,9,81,0.04382,0.13318,0.33999
final,40,9,82,0.04271,0.12876,0.32866
final,40,9,83,0.04166,0.12457,0.31775
final,40,9,84,0.04067,0.12059,0.30726
final,40,9,85,0.03973,0.11682,0.29719
final,40,9,86,0.03885,0.11325,0.28753
final,40,9,87,0.03801,0.10987,0.27827
final,40,9,88,0.03722,0.10666,0.26941
final,40,9,89,0.03648,0.10363,0.26093
final,40,9,90,0.03577,0.10075,0.25284
final,40,9,91,0.03511,0.09804,0.24511
final,40,9,92,0.03448,0.09546,0.23774
final,40,9,93,0.03389,0.09303,0.23072
final,40,9,94,0.03334,0.09073,0.22404
final,40,9,95,0.03282,0.08856,0.21768
final,40,9,96,0.03233,0.08651,0.21164
final,40,9,97,0.03187,0.08458,0.2059
final,40,9,98,0.03145,0.08276,0.20045
final,40,9,99,0.03105,0.08104,0.19529
final,40,9,100,0.03068,0.07943,0.19039
final,40,9,101,0.03034,0.07791,0.18575
final,40,9,102,0.03003,0.07649,0.18136
final,40,9,103,0.02975,0.07515,0.17721
final,40,9,104,0.02949,0.0739,0.17328
final,40,9,105,0.02925,0.07274,0.16958
final,40,9,106,0.02905,0.07166,0.16609
final,40,9,107,0.02886,0.07065,0.1628
final,40,9,108,0.0287,0.06972,0.1597
final,40,9,109,0.02857,0.06886,0.1568
final,40,9,110,0.02845,0.06806,0.15406
final,40,9,111,0.02836,0.06733,0.1515
final,40,9,112,0.02829,0.06667,0.1491
final,40,9,113,0.02824,0.06606,0.14684
final,40,9,114,0.02821,0.0655,0.14473
final,40,9,115,0.0282,0.065,0.14276
final,40,9,116,0.02821,0.06455,0.14092
final,40,9,117,0.02823,0.06414,0.1392
final,40,9,118,0.02827,0.06379,0.1376
final,40,9,119,0.02832,0.06347,0.13612
final,40,9,120,0.02839,0.0632,0.13474
final,40,9,121,0.02848,0.06296,0.13346
final,40,9,122,0.02858,0.06277,0.13228
final,40,9,123,0.02869,0.0626,0.1312
final,40,9,124,0.02881,0.06248,0.1302
final,40,9,125,0.02895,0.06238,0.12928
final,40,9,126,0.0291,0.06232,0.12845
final,40,9,127,0.02926,0.06229,0.12768
final,40,9,128,0.02943,0.06228,0.12699
final,40,9,129,0.02962,0.0623,0.12636
final,40,9,130,0.02981,0.06235,0.12579
final,40,9,131,0.03001,0.06242,0.12529
final,40,9,132,0.03023,0.06251,0.12483
final,40,9,133,0.03045,0.06262,0.12442
final,40,9,134,0.03069,0.06276,0.12406
final,40,9,135,0.03093,0.06291,0.12373
final,40,9,136,0.03118,0.06308,0.12345
final,40,9,137,0.03144,0.06327,0.12319
final,40,9,138,0.03172,0.06347,0.12297
final,40,9,139,0.03199,0.06368,0.12276
final,40,9,140,0.03228,0.06391,0.12259
final,40,9,141,0.03258,0.06414,0.12243
final,40,9,142,0.03288,0.06439,0.12228
final,40,9,143,0.03319,0.06464,0.12215
final,40,9,144,0.0335,0.06491,0.12203
final,40,9,145,0.03382,0.06517,0.12191
final,40,9,146,0.03415,0.06544,0.1218
final,40,9,147,0.03447,0.06571,0.1217
final,40,9,148,0.0348,0.06599,0.12161
final,40,9,149,0.03513,0.06626,0.12151
final,40,9,150,0.03545,0.06653,0.12143
final,40,9,151,0.03577,0.0668,0.12135
final,40,9,152,0.03609,0.06706,0.12129
final,40,9,153,0.03639,0.06732,0.12123
final,40,9,154,0.03667,0.06757,0.1212
final,40,9,155,0.03694,0.0678,0.1212
final,40,9,156,0.03719,0.06803,0.12123
final,40,9,157,0.03741,0.06825,0.12131
final,40,9,158,0.03761,0.06847,0.12145
final,40,9,159,0.03778,0.06867,0.12164
final,40,9,160,0.03792,0.06888,0.1219
final,40,9,161,0.03804,0.06907,0.12222
final,40,9,162,0.03812,0.06927,0.12261
final,40,9,163,0.03819,0.06946,0.12305
final,40,9,164,0.03823,0.06965,0.12355
final,40,9,165,0.03826,0.06984,0.1241
final,40,9,166,0.03828,0.07002,0.12468
final,40,9,167,0.03829,0.07021,0.12529
final,40,9,168,0.0383,0.0704,0.1259
final,40,9,169,0.03831,0.0706,0.12651
final,40,9,170,0.03834,0.0708,0.12709
final,40,9,171,0.03839,0.071,0.12763
final,40,9,172,0.03847,0.07121,0.12811
final,40,9,173,0.03858,0.07143,0.12852
final,40,9,174,0.03873,0.07165,0.12883
final,40,9,175,0.03892,0.07189,0.12903
final,40,9,176,0.03917,0.07213,0.1291
final,40,9,177,0.03949,0.07239,0.12903
final,40,9,178,0.03986,0.07266,0.12881
final,40,9,179,0.04032,0.07294,0.12843
final,40,9,180,0.04085,0.07324,0.12789
final,40,9,181,0.04146,0.07355,0.12719
final,40,9,182,0.04216,0.07388,0.12633
final,40,9,183,0.04294,0.07423,0.12534
final,40,9,184,0.04381,0.0746,0.12423
final,40,9,185,0.04475,0.07499,0.12304
final,40,9,186,0.04575,0.0754,0.12183
final,40,9,187,0.04678,0.07584,0.12066
final,40,9,188,0.04781,0.0763,0.11964
final,40,9,189,0.04878,0.07679,0.11888
final,40,9,190,0.04961,0.0773,0.11854
final,40,9,191,0.05021,0.07785,0.11881
final,40,9,192,0.05048,0.07843,0.1199
final,80,0,20,0.12278,0.60913,0.94551
final,80,0,21,0.12848,0.61474,0.94527
final,80,0,22,0.13374,0.6193,0.94488
final,80,0,23,0.13853,0.62287,0.94433
final,80,0,24,0.14282,0.62547,0.94363
final,80,0,25,0.14662,0.62716,0.94276
final,80,0,26,0.1499,0.62795,0.94171
final,80,0,27,0.15268,0.62788,0.94048
final,80,0,28,0.15496,0.62698,0.93905
final,80,0,29,0.15673,0.62527,0.93742
final,80,0,30,0.15803,0.62278,0.93558
final,80,0,31,0.15886,0.61953,0.93351
final,80,0,32,0.15924,0.61554,0.9312
final,80,0,33,0.15918,0.61083,0.92863
final,80,0,34,0.15873,0.60542,0.9258
final,80,0,35,0.15788,0.59933,0.92269
final,80,0,36,0.15667,0.59258,0.91927
final,80,0,37,0.15513,0.58519,0.91553
final,80,0,38,0.15328,0.57719,0.91146
final,80,0,39,0.15114,0.5686,0.90704
final,80,0,40,0.14874,0.55945,0.90224
final,80,0,41,0.1461,0.54975,0.89705
final,80,0,42,0.14326,0.53956,0.89145
final,80,0,43,0.14023,0.52889,0.88542
final,80,0,44,0.13704,0.51778,0.87894
final,80,0,45,0.13372,0.50628,0.872
final,80,0,46,0.13028,0.49442,0.86458
final,80,0,47,0.12676,0.48224,0.85666
final,80,0,48,0.12317,0.4698,0.84824
final,80,0,49,0.11954,0.45714,0.8393
final,80,0,50,0.11589,0.4443,0.82985
final,80,0,51,0.11223,0.43134,0.81987
final,80,0,52,0.10858,0.41831,0.80937
final,80,0,53,0.10496,0.40525,0.79835
final,80,0,54,0.10139,0.39223,0.78683
final,80,0,55,0.09789,0.37928,0.77481
final,80,0,56,0.09445,0.36645,0.76233
final,80,0,57,0.0911,0.35379,0.74939
final,80,0,58,0.08785,0.34134,0.73604
final,80,0,59,0.0847,0.32914,0.7223
final,80,0,60,0.08167,0.31722,0.70822
final,80,0,61,0.07875,0.30561,0.69383
final,80,0,62,0.07594,0.29433,0.67915
final,80,0,63,0.07325,0.28336,0.66421
final,80,0,64,0.07067,0.27273,0.64906
final,80,0,65,0.06819,0.26244,0.63372
final,80,0,66,0.06582,0.25249,0.61823
final,80,0,67,0.06354,0.24288,0.60263
final,80,0,68,0.06137,0.23361,0.58696
final,80,0,69,0.05929,0.22468,0.57125
final,80,0,70,0.0573,0.21609,0.55556
final,80,0,71,0.05541,0.20783,0.53991
final,80,0,72,0.05359,0.1999,0.52434
final,80,0,73,0.05187,0.1923,0.5089
final,80,0,74,0.05022,0.18502,0.49362
final,80,0,75,0.04864,0.17804,0.47854
final,80,0,76,0.04714,0.17138,0.46368
final,80,0,77,0.04572,0.165,0.44908
final,80,0,78,0.04436,0.15892,0.43477
final,80,0,79,0.04306,0.15312,0.42078
final,80,0,80,0.04183,0.14759,0.40712
final,80,0,81,0.04066,0.14232,0.39381
final,80,0,82,0.03955,0.1373,0.38088
final,80,0,83,0.03849,0.13254,0.36834
final,80,0,84,0.03749,0.128,0.35619
final,80,0,85,0.03654,0.1237,0.34446
final,80,0,86,0.03564,0.11962,0.33314
final,80,0,87,0.03479,0.11575,0.32224
final,80,0,88,0.03398,0.11208,0.31176
final,80,0,89,0.03322,0.10861,0.3017
final,80,0,90,0.0325,0.10533,0.29207
final,80,0,91,0.03183,0.10222,0.28285
final,80,0,92,0.03119,0.0993,0.27404
final,80,0,93,0.0306,0.09654,0.26564
final,80,0,94,0.03004,0.09394,0.25764
final,80,0,95,0.02952,0.09149,0.25004
final,80,0,96,0.02904,0.0892,0.24281
final,80,0,97,0.02859,0.08704,0.23597
final,80,0,98,0.02818,0.08503,0.22949
final,80,0,99,0.0278,0.08315,0.22336
final,80,0,100,0.02746,0.0814,0.21758
final,80,0,101,0.02715,0.07977,0.21214
final,80,0,102,0.02687,0.07826,0.20703
final,80,0,103,0.02663,0.07688,0.20223
final,80,0,104,0.02642,0.0756,0.19775
final,80,0,105,0.02624,0.07444,0.19356
final,80,0,106,0.02609,0.07338,0.18967
final,80,0,107,0.02598,0.07243,0.18606
final,80,0,108,0.0259,0.07158,0.18272
final,80,0,109,0.02585,0.07083,0.17964
final,80,0,110,0.02583,0.07017,0.1768
final,80,0,111,0.02583,0.06959,0.17418
final,80,0,112,0.02587,0.06909,0.17178
final,80,0,113,0.02593,0.06866,0.16957
final,80,0,114,0.02601,0.0683,0.16755
final,80,0,115,0.02611,0.06801,0.16571
final,80,0,116,0.02624,0.06779,0.16402
final,80,0,117,0.02639,0.06762,0.1625
final,80,0,118,0.02656,0.0675,0.16111
final,80,0,119,0.02675,0.06744,0.15987
final,80,0,120,0.02695,0.06742,0.15874
final,80,0,121,0.02718,0.06745,0.15774
final,80,0,122,0.02742,0.06752,0.15684
final,80,0,123,0.02767,0.06763,0.15605
final,80,0,124,0.02794,0.06778,0.15534
final,80,0,125,0.02822,0.06796,0.15472
final,80,0,126,0.02852,0.06817,0.15418
final,80,0,127,0.02883,0.0684,0.15371
final,80,0,128,0.02915,0.06867,0.1533
final,80,0,129,0.02948,0.06895,0.15294
final,80,0,130,0.02982,0.06925,0.15263
final,80,0,131,0.03016,0.06956,0.15235
final,80,0,132,0.03052,0.06989,0.15211
final,80,0,133,0.03087,0.07023,0.15189
final,80,0,134,0.03124,0.07057,0.15169
final,80,0,135,0.0316,0.07092,0.1515
final,80,0,136,0.03197,0.07127,0.1513
final,80,0,137,0.03234,0.07161,0.1511
final,80,0,138,0.03271,0.07195,0.15089
final,80,0,139,0.03308,0.07227,0.15065
final,80,0,140,0.03345,0.07258,0.15038
final,80,0,141,0.03381,0.07288,0.15007
final,80,0,142,0.03416,0.07315,0.14972
final,80,0,143,0.03451,0.0734,0.14932
final,80,0,144,0.03485,0.07362,0.14887
final,80,0,145,0.03517,0.07381,0.14834
final,80,0,146,0.03549,0.07396,0.14775
final,80,0,147,0.03578,0.07407,0.14709
final,80,0,148,0.03606,0.07414,0.14634
final,80,0,149,0.03632,0.07417,0.14551
final,80,0,150,0.03655,0.07414,0.14459
final,80,0,151,0.03676,0.07406,0.14359
final,80,0,152,0.03694,0.07393,0.14249
final,80,0,153,0.03708,0.07374,0.1413
final,80,0,154,0.03719,0.07348,0.14002
final,80,0,155,0.03726,0.07316,0.13867
final,80,0,156,0.0373,0.07279,0.13725
final,80,0,157,0.0373,0.07238,0.13579
final,80,0,158,0.03727,0.07193,0.1343
final,80,0,159,0.03721,0.07144,0.13281
final,80,0,160,0.03712,0.07093,0.13133
final,80,0,161,0.03701,0.0704,0.12987
final,80,0,162,0.03687,0.06986,0.12844
final,80,0,163,0.03672,0.06932,0.12705
final,80,0,164,0.03655,0.06877,0.12571
final,80,0,165,0.03637,0.06824,0.12442
final,80,0,166,0.03619,0.06772,0.1232
final,80,0,167,0.03601,0.06722,0.12204
final,80,0,168,0.03584,0.06674,0.12094
final,80,0,169,0.03568,0.06629,0.11991
final,80,0,170,0.03554,0.06588,0.11895
final,80,0,171,0.03542,0.06552,0.11805
final,80,0,172,0.03533,0.06519,0.11722
final,80,0,173,0.03529,0.06492,0.11645
final,80,0,174,0.03528,0.06471,0.11574
final,80,0,175,0.03532,0.06456,0.1151
final,80,0,176,0.03542,0.06447,0.11452
final,80,0,177,0.03559,0.06446,0.11401
final,80,0,178,0.03582,0.06453,0.11356
final,80,0,179,0.03612,0.06469,0.11319
final,80,0,180,0.0365,0.06493,0.1129
final,80,0,181,0.03697,0.06528,0.1127
final,80,0,182,0.03754,0.06572,0.11261
final,80,0,183,0.03819,0.06629,0.11263
final,80,0,184,0.03895,0.06697,0.1128
final,80,0,185,0.0398,0.06779,0.11314
final,80,0,186,0.04075,0.06875,0.1137
final,80,0,187,0.04179,0.06986,0.11453
final,80,0,188,0.04292,0.07114,0.11568
final,80,0,189,0.04411,0.0726,0.11724
final,80,0,190,0.04534,0.07426,0.11931
final,80,0,191,0.04658,0.07613,0.12202
final,80,0,192,0.0478,0.07823,0.1255
final,80,1,20,0.21318,0.6192,0.90706
final,80,1,21,0.2213,0.62551,0.90755
final,80,1,22,0.22861,0.63078,0.90782
final,80,1,23,0.23508,0.63503,0.90784
final,80,1,24,0.24073,0.63832,0.90762
final,80,1,25,0.24554,0.64069,0.90714
final,80,1,26,0.24953,0.64216,0.90641
final,80,1,27,0.25273,0.64276,0.90541
final,80,1,28,0.25516,0.64254,0.90414
final,80,1,29,0.25684,0.64151,0.90258
final,80,1,30,0.25781,0.6397,0.90074
final,80,1,31,0.25809,0.63712,0.89859
final,80,1,32,0.25773,0.63381,0.89613
final,80,1,33,0.25674,0.62977,0.89335
final,80,1,34,0.25517,0.62503,0.89023
final,80,1,35,0.25306,0.61961,0.88677
final,80,1,36,0.25043,0.61352,0.88294
final,80,1,37,0.24733,0.60678,0.87873
final,80,1,38,0.24379,0.5994,0.87413
final,80,1,39,0.23985,0.59142,0.86912
final,80,1,40,0.23553,0.58285,0.86369
final,80,1,41,0.23089,0.57372,0.85783
final,80,1,42,0.22594,0.56404,0.85151
final,80,1,43,0.22074,0.55385,0.84473
final,80,1,44,0.21531,0.54319,0.83748
final,80,1,45,0.20968,0.53207,0.82974
final,80,1,46,0.2039,0.52055,0.8215
final,80,1,47,0.198,0.50865,0.81276
final,80,1,48,0.192,0.49642,0.80352
final,80,1,49,0.18594,0.4839,0.79377
final,80,1,50,0.17985,0.47114,0.78351
final,80,1,51,0.17377,0.45819,0.77275
final,80,1,52,0.16771,0.44509,0.7615
final,80,1,53,0.1617,0.43189,0.74976
final,80,1,54,0.15578,0.41865,0.73757
final,80,1,55,0.14995,0.40541,0.72493
final,80,1,56,0.14425,0.39223,0.71188
final,80,1,57,0.13868,0.37914,0.69843
final,80,1,58,0.13328,0.3662,0.68464
final,80,1,59,0.12805,0.35345,0.67052
final,80,1,60,0.123,0.34093,0.65612
final,80,1,61,0.11814,0.32867,0.64148
final,80,1,62,0.11347,0.31669,0.62662
final,80,1,63,0.10898,0.30499,0.61157
final,80,1,64,0.10468,0.2936,0.59638
final,80,1,65,0.10055,0.28252,0.58107
final,80,1,66,0.0966,0.27177,0.56568
final,80,1,67,0.09282,0.26134,0.55024
final,80,1,68,0.08921,0.25125,0.5348
final,80,1,69,0.08575,0.2415,0.51939
final,80,1,70,0.08246,0.23208,0.50406
final,80,1,71,0.07931,0.22301,0.48883
final,80,1,72,0.07631,0.21427,0.47374
final,80,1,73,0.07345,0.20588,0.45883
final,80,1,74,0.07072,0.19781,0.44414
final,80,1,75,0.06813,0.19008,0.42969
final,80,1,76,0.06565,0.18267,0.41551
final,80,1,77,0.0633,0.17558,0.40162
final,80,1,78,0.06107,0.1688,0.38806
final,80,1,79,0.05894,0.16233,0.37485
final,80,1,80,0.05692,0.15615,0.36199
final,80,1,81,0.055,0.15027,0.34952
final,80,1,82,0.05318,0.14466,0.33743
final,80,1,83,0.05145,0.13932,0.32575
final,80,1,84,0.04981,0.13425,0.31448
final,80,1,85,0.04825,0.12943,0.30362
final,80,1,86,0.04678,0.12486,0.29318
final,80,1,87,0.04539,0.12052,0.28316
final,80,1,88,0.04407,0.11642,0.27355
final,80,1,89,0.04282,0.11253,0.26436
final,80,1,90,0.04165,0.10885,0.25559
final,80,1,91,0.04054,0.10538,0.24721
final,80,1,92,0.03949,0.1021,0.23924
final,80,1,93,0.03851,0.09901,0.23166
final,80,1,94,0.03758,0.0961,0.22446
final,80,1,95,0.03672,0.09336,0.21764
final,80,1,96,0.03591,0.09079,0.21118
final,80,1,97,0.03516,0.08838,0.20507
final,80,1,98,0.03445,0.08613,0.19931
final,80,1,99,0.0338,0.08403,0.19389
final,80,1,100,0.0332,0.08206,0.18878
final,80,1,101,0.03265,0.08024,0.184
final,80,1,102,0.03215,0.07855,0.17952
final,80,1,103,0.03169,0.077,0.17533
final,80,1,104,0.03128,0.07556,0.17143
final,80,1,105,0.03092,0.07425,0.16781
final,80,1,106,0.0306,0.07306,0.16446
final,80,1,107,0.03032,0.07199,0.16138
final,80,1,108,0.03009,0.07103,0.15854
final,80,1,109,0.0299,0.07017,0.15595
final,80,1,110,0.02975,0.06941,0.15357
final,80,1,111,0.02964,0.06875,0.15141
final,80,1,112,0.02956,0.06817,0.14944
final,80,1,113,0.02951,0.06767,0.14766
final,80,1,114,0.0295,0.06725,0.14605
final,80,1,115,0.02952,0.06691,0.14461
final,80,1,116,0.02956,0.06663,0.14332
final,80,1,117,0.02964,0.06642,0.14219
final,80,1,118,0.02973,0.06628,0.14119
final,80,1,119,0.02986,0.06619,0.14032
final,80,1,120,0.03001,0.06615,0.13957
final,80,1,121,0.03018,0.06617,0.13894
final,80,1,122,0.03037,0.06624,0.13842
final,80,1,123,0.03059,0.06636,0.13801
final,80,1,124,0.03082,0.06652,0.13768
final,80,1,125,0.03107,0.06672,0.13745
final,80,1,126,0.03134,0.06696,0.1373
final,80,1,127,0.03163,0.06723,0.13723
final,80,1,128,0.03193,0.06754,0.13723
final,80,1,129,0.03225,0.06788,0.13729
final,80,1,130,0.03258,0.06825,0.13741
final,80,1,131,0.03293,0.06864,0.13758
final,80,1,132,0.03328,0.06906,0.1378
final,80,1,133,0.03365,0.06949,0.13805
final,80,1,134,0.03403,0.06995,0.13833
final,80,1,135,0.03442,0.07041,0.13864
final,80,1,136,0.03482,0.07089,0.13897
final,80,1,137,0.03522,0.07138,0.1393
final,80,1,138,0.03563,0.07187,0.13964
final,80,1,139,0.03605,0.07237,0.13998
final,80,1,140,0.03647,0.07286,0.1403
final,80,1,141,0.03689,0.07335,0.1406
final,80,1,142,0.03731,0.07383,0.14088
final,80,1,143,0.03773,0.07431,0.14113
final,80,1,144,0.03815,0.07476,0.14134
final,80,1,145,0.03857,0.0752,0.1415
final,80,1,146,0.03898,0.07561,0.14161
final,80,1,147,0.03938,0.076,0.14166
final,80,1,148,0.03978,0.07636,0.14164
final,80,1,149,0.04016,0.07669,0.14155
final,80,1,150,0.04052,0.07698,0.14139
final,80,1,151,0.04087,0.07723,0.14115
final,80,1,152,0.0412,0.07743,0.14083
final,80,1,153,0.04151,0.07758,0.14042
final,80,1,154,0.04178,0.07769,0.13993
final,80,1,155,0.04203,0.07774,0.13936
final,80,1,156,0.04225,0.07774,0.13872
final,80,1,157,0.04244,0.07769,0.13802
final,80,1,158,0.0426,0.07761,0.13729
final,80,1,159,0.04272,0.0775,0.13653
final,80,1,160,0.04282,0.07735,0.13576
final,80,1,161,0.0429,0.07717,0.13498
final,80,1,162,0.04294,0.07698,0.1342
final,80,1,163,0.04297,0.07676,0.13344
final,80,1,164,0.04297,0.07653,0.13269
final,80,1,165,0.04295,0.0763,0.13196
final,80,1,166,0.04292,0.07606,0.13125
final,80,1,167,0.04289,0.07581,0.13058
final,80,1,168,0.04284,0.07557,0.12992
final,80,1,169,0.0428,0.07534,0.1293
final,80,1,170,0.04275,0.07512,0.1287
final,80,1,171,0.04272,0.07492,0.12813
final,80,1,172,0.04271,0.07473,0.12758
final,80,1,173,0.04271,0.07457,0.12706
final,80,1,174,0.04274,0.07444,0.12655
final,80,1,175,0.0428,0.07434,0.12606
final,80,1,176,0.0429,0.07427,0.12558
final,80,1,177,0.04304,0.07424,0.12513
final,80,1,178,0.04322,0.07426,0.12469
final,80,1,179,0.04346,0.07432,0.12426
final,80,1,180,0.04375,0.07444,0.12387
final,80,1,181,0.0441,0.07461,0.1235
final,80,1,182,0.04452,0.07484,0.12317
final,80,1,183,0.04499,0.07514,0.1229
final,80,1,184,0.04553,0.07551,0.12269
final,80,1,185,0.04613,0.07595,0.12259
final,80,1,186,0.04678,0.07648,0.1226
final,80,1,187,0.04748,0.07709,0.12278
final,80,1,188,0.04821,0.07779,0.12316
final,80,1,189,0.04896,0.07859,0.12382
final,80,1,190,0.0497,0.07949,0.12481
final,80,1,191,0.0504,0.08051,0.12622
final,80,1,192,0.05104,0.08166,0.12816
final,80,2,20,0.0549,0.57413,0.96903
final,80,2,21,0.05901,0.58015,0.9682
final,80,2,22,0.06311,0.58535,0.9673
final,80,2,23,0.06718,0.58973,0.96632
final,80,2,24,0.07119,0.59333,0.96525
final,80,2,25,0.07511,0.59617,0.96408
final,80,2,26,0.07893,0.59827,0.9628
final,80,2,27,0.08261,0.59967,0.96141
final,80,2,28,0.08615,0.60036,0.9599
final,80,2,29,0.08953,0.60039,0.95826
final,80,2,30,0.09272,0.59976,0.95647
final,80,2,31,0.09572,0.59849,0.95452
final,80,2,32,0.09852,0.5966,0.95241
final,80,2,33,0.1011,0.59411,0.95012
final,80,2,34,0.10346,0.59103,0.94764
final,80,2,35,0.10559,0.58737,0.94495
final,80,2,36,0.10748,0.58315,0.94203
final,80,2,37,0.10915,0.57839,0.93888
final,80,2,38,0.11057,0.57309,0.93547
final,80,2,39,0.11177,0.56728,0.93178
final,80,2,40,0.11273,0.56097,0.9278
final,80,2,41,0.11346,0.55417,0.92351
final,80,2,42,0.11396,0.5469,0.91888
final,80,2,43,0.11424,0.53919,0.9139
final,80,2,44,0.11431,0.53104,0.90855
final,80,2,45,0.11418,0.52249,0.90281
final,80,2,46,0.11384,0.51355,0.89665
final,80,2,47,0.11331,0.50424,0.89005
final,80,2,48,0.11261,0.4946,0.883
final,80,2,49,0.11173,0.48464,0.87547
final,80,2,50,0.11069,0.4744,0.86746
final,80,2,51,0.10951,0.4639,0.85893
final,80,2,52,0.10819,0.45318,0.84989
final,80,2,53,0.10674,0.44226,0.8403
final,80,2,54,0.10518,0.43119,0.83018
final,80,2,55,0.10352,0.41998,0.8195
final,80,2,56,0.10178,0.40868,0.80827
final,80,2,57,0.09995,0.39732,0.79649
final,80,2,58,0.09807,0.38594,0.78415
final,80,2,59,0.09613,0.37456,0.77128
final,80,2,60,0.09416,0.36322,0.75787
final,80,2,61,0.09216,0.35195,0.74396
final,80,2,62,0.09014,0.34079,0.72956
final,80,2,63,0.08811,0.32974,0.71469
final,80,2,64,0.08608,0.31885,0.69938
final,80,2,65,0.08405,0.30812,0.68366
final,80,2,66,0.08203,0.29757,0.66757
final,80,2,67,0.08003,0.28722,0.65113
final,80,2,68,0.07805,0.27709,0.6344
final,80,2,69,0.0761,0.26718,0.61742
final,80,2,70,0.07417,0.25752,0.60024
final,80,2,71,0.07228,0.24811,0.58291
final,80,2,72,0.07042,0.23896,0.56548
final,80,2,73,0.0686,0.23008,0.54801
final,80,2,74,0.06683,0.22148,0.53055
final,80,2,75,0.06509,0.21315,0.51315
final,80,2,76,0.0634,0.20511,0.49588
final,80,2,77,0.06176,0.19736,0.47877
final,80,2,78,0.06016,0.18989,0.46188
final,80,2,79,0.05861,0.18271,0.44526
final,80,2,80,0.05712,0.17581,0.42895
final,80,2,81,0.05567,0.16919,0.41298
final,80,2,82,0.05427,0.16285,0.3974
final,80,2,83,0.05292,0.15679,0.38223
final,80,2,84,0.05163,0.151,0.36751
final,80,2,85,0.05038,0.14547,0.35325
final,80,2,86,0.04919,0.1402,0.33948
final,80,2,87,0.04805,0.13518,0.32621
final,80,2,88,0.04695,0.13042,0.31344
final,80,2,89,0.04591,0.12589,0.3012
final,80,2,90,0.04492,0.12159,0.28948
final,80,2,91,0.04397,0.11752,0.27827
final,80,2,92,0.04308,0.11367,0.26759
final,80,2,93,0.04223,0.11003,0.25742
final,80,2,94,0.04143,0.1066,0.24777
final,80,2,95,0.04068,0.10337,0.23861
final,80,2,96,0.03998,0.10033,0.22994
final,80,2,97,0.03933,0.09747,0.22175
final,80,2,98,0.03872,0.0948,0.21402
final,80,2,99,0.03816,0.0923,0.20675
final,80,2,100,0.03764,0.08997,0.19992
final,80,2,101,0.03718,0.0878,0.19351
final,80,2,102,0.03676,0.08579,0.18752
final,80,2,103,0.03639,0.08394,0.18192
final,80,2,104,0.03606,0.08224,0.17671
final,80,2,105,0.03578,0.08068,0.17187
final,80,2,106,0.03556,0.07927,0.16739
final,80,2,107,0.03538,0.07799,0.16326
final,80,2,108,0.03525,0.07686,0.15946
final,80,2,109,0.03517,0.07585,0.15598
final,80,2,110,0.03514,0.07497,0.1528
final,80,2,111,0.03516,0.07421,0.1499
final,80,2,112,0.03521,0.07355,0.14725
final,80,2,113,0.03531,0.07299,0.14483
final,80,2,114,0.03545,0.07252,0.14264
final,80,2,115,0.03562,0.07214,0.14065
final,80,2,116,0.03583,0.07184,0.13885
final,80,2,117,0.03607,0.07162,0.13723
final,80,2,118,0.03635,0.07147,0.13577
final,80,2,119,0.03665,0.07139,0.13445
final,80,2,120,0.03699,0.07137,0.13328
final,80,2,121,0.03735,0.0714,0.13224
final,80,2,122,0.03774,0.07149,0.13132
final,80,2,123,0.03815,0.07163,0.1305
final,80,2,124,0.03859,0.07181,0.12978
final,80,2,125,0.03904,0.07203,0.12915
final,80,2,126,0.03952,0.07229,0.1286
final,80,2,127,0.04001,0.07258,0.12812
final,80,2,128,0.04052,0.0729,0.1277
final,80,2,129,0.04104,0.07324,0.12734
final,80,2,130,0.04158,0.0736,0.12702
final,80,2,131,0.04212,0.07398,0.12674
final,80,2,132,0.04267,0.07436,0.12648
final,80,2,133,0.04323,0.07476,0.12624
final,80,2,134,0.04379,0.07515,0.12602
final,80,2,135,0.04435,0.07554,0.12579
final,80,2,136,0.04491,0.07593,0.12556
final,80,2,137,0.04546,0.0763,0.12531
final,80,2,138,0.046,0.07665,0.12504
final,80,2,139,0.04654,0.07698,0.12474
final,80,2,140,0.04706,0.07729,0.1244
final,80,2,141,0.04756,0.07756,0.12402
final,80,2,142,0.04804,0.07779,0.12357
final,80,2,143,0.0485,0.07798,0.12307
final,80,2,144,0.04893,0.07813,0.12249
final,80,2,145,0.04933,0.07822,0.12184
final,80,2,146,0.0497,0.07825,0.12111
final,80,2,147,0.05003,0.07822,0.12029
final,80,2,148,0.05031,0.07812,0.11937
final,80,2,149,0.05054,0.07795,0.11836
final,80,2,150,0.05073,0.0777,0.11725
final,80,2,151,0.05085,0.07737,0.11604
final,80,2,152,0.05092,0.07696,0.11472
final,80,2,153,0.05092,0.07646,0.11329
final,80,2,154,0.05084,0.07587,0.11177
final,80,2,155,0.05069,0.07519,0.11015
final,80,2,156,0.05047,0.07443,0.10845
final,80,2,157,0.05019,0.0736,0.1067
final,80,2,158,0.04984,0.07271,0.10492
final,80,2,159,0.04943,0.07178,0.10314
final,80,2,160,0.04898,0.07082,0.10136
final,80,2,161,0.04848,0.06983,0.09961
final,80,2,162,0.04795,0.06884,0.0979
final,80,2,163,0.04739,0.06784,0.09624
final,80,2,164,0.04681,0.06686,0.09464
final,80,2,165,0.04622,0.06589,0.09312
final,80,2,166,0.04563,0.06495,0.09166
final,80,2,167,0.04505,0.06405,0.09029
final,80,2,168,0.0445,0.06319,0.089
final,80,2,169,0.04396,0.06237,0.08779
final,80,2,170,0.04347,0.06162,0.08666
final,80,2,171,0.04303,0.06093,0.08562
final,80,2,172,0.04264,0.06031,0.08467
final,80,2,173,0.04231,0.05977,0.0838
final,80,2,174,0.04207,0.05932,0.08302
final,80,2,175,0.0419,0.05895,0.08233
final,80,2,176,0.04183,0.05868,0.08173
final,80,2,177,0.04186,0.05851,0.08122
final,80,2,178,0.042,0.05846,0.08081
final,80,2,179,0.04226,0.05852,0.0805
final,80,2,180,0.04266,0.05871,0.0803
final,80,2,181,0.04319,0.05904,0.08022
final,80,2,182,0.04387,0.05952,0.08027
final,80,2,183,0.04471,0.06015,0.08048
final,80,2,184,0.04572,0.06096,0.08085
final,80,2,185,0.04689,0.06195,0.08144
final,80,2,186,0.04824,0.06315,0.08227
final,80,2,187,0.04976,0.06457,0.08342
final,80,2,188,0.05143,0.06624,0.08494
final,80,2,189,0.05322,0.06818,0.08696
final,80,2,190,0.05511,0.07042,0.08959
final,80,2,191,0.05703,0.073,0.093
final,80,2,192,0.05894,0.07594,0.09736
final,80,3,20,0.19868,0.61501,0.91145
final,80,3,21,0.20743,0.62137,0.91143
final,80,3,22,0.21539,0.62667,0.91122
final,80,3,23,0.22253,0.63097,0.91082
final,80,3,24,0.22883,0.63429,0.91021
final,80,3,25,0.23431,0.63668,0.90938
final,80,3,26,0.23897,0.63818,0.90832
final,80,3,27,0.24282,0.63881,0.90701
final,80,3,28,0.2459,0.63861,0.90545
final,80,3,29,0.24822,0.6376,0.90361
final,80,3,30,0.24983,0.63581,0.90149
final,80,3,31,0.25075,0.63325,0.89908
final,80,3,32,0.25102,0.62996,0.89635
final,80,3,33,0.25067,0.62595,0.89329
final,80,3,34,0.24974,0.62125,0.8899
final,80,3,35,0.24826,0.61586,0.88614
final,80,3,36,0.24627,0.60981,0.88201
final,80,3,37,0.24381,0.60312,0.87749
final,80,3,38,0.2409,0.59581,0.87257
final,80,3,39,0.23759,0.5879,0.86721
final,80,3,40,0.23391,0.57942,0.86142
final,80,3,41,0.22989,0.57038,0.85517
final,80,3,42,0.22556,0.56082,0.84845
final,80,3,43,0.22096,0.55076,0.84125
final,80,3,44,0.21613,0.54024,0.83355
final,80,3,45,0.21108,0.52929,0.82534
final,80,3,46,0.20586,0.51794,0.81662
final,80,3,47,0.2005,0.50624,0.80739
final,80,3,48,0.19502,0.49423,0.79763
final,80,3,49,0.18946,0.48195,0.78736
final,80,3,50,0.18385,0.46945,0.77658
final,80,3,51,0.1782,0.45677,0.76529
final,80,3,52,0.17256,0.44397,0.75352
final,80,3,53,0.16694,0.43109,0.74128
final,80,3,54,0.16137,0.41817,0.72859
final,80,3,55,0.15588,0.40528,0.71549
final,80,3,56,0.15047,0.39245,0.702
final,80,3,57,0.14519,0.37973,0.68815
final,80,3,58,0.14003,0.36717,0.67399
final,80,3,59,0.13503,0.35482,0.65956
final,80,3,60,0.13019,0.3427,0.6449
final,80,3,61,0.12551,0.33084,0.63005
final,80,3,62,0.12101,0.31926,0.61504
final,80,3,63,0.11668,0.30797,0.59991
final,80,3,64,0.11251,0.29699,0.58468
final,80,3,65,0.1085,0.28631,0.56939
final,80,3,66,0.10466,0.27594,0.55408
final,80,3,67,0.10097,0.2659,0.53878
final,80,3,68,0.09744,0.25618,0.52352
final,80,3,69,0.09405,0.24678,0.50835
final,80,3,70,0.09081,0.23771,0.4933
final,80,3,71,0.08772,0.22897,0.47839
final,80,3,72,0.08476,0.22055,0.46367
final,80,3,73,0.08193,0.21245,0.44917
final,80,3,74,0.07923,0.20467,0.4349
final,80,3,75,0.07665,0.1972,0.42091
final,80,3,76,0.07419,0.19004,0.40721
final,80,3,77,0.07185,0.18318,0.39383
final,80,3,78,0.06962,0.17662,0.38078
final,80,3,79,0.06749,0.17035,0.36809
final,80,3,80,0.06547,0.16436,0.35577
final,80,3,81,0.06354,0.15864,0.34383
final,80,3,82,0.06171,0.15319,0.33228
final,80,3,83,0.05997,0.148,0.32113
final,80,3,84,0.05831,0.14306,0.31038
final,80,3,85,0.05674,0.13836,0.30003
final,80,3,86,0.05526,0.1339,0.2901
final,80,3,87,0.05385,0.12966,0.28057
final,80,3,88,0.05251,0.12564,0.27145
final,80,3,89,0.05125,0.12184,0.26273
final,80,3,90,0.05005,0.11823,0.25441
final,80,3,91,0.04893,0.11483,0.24648
final,80,3,92,0.04787,0.11161,0.23893
final,80,3,93,0.04688,0.10858,0.23175
final,80,3,94,0.04594,0.10572,0.22494
final,80,3,95,0.04507,0.10303,0.21849
final,80,3,96,0.04425,0.10051,0.21239
final,80,3,97,0.0435,0.09815,0.20663
final,80,3,98,0.04279,0.09594,0.2012
final,80,3,99,0.04215,0.09387,0.19609
final,80,3,100,0.04155,0.09196,0.19129
final,80,3,101,0.04101,0.09018,0.18679
final,80,3,102,0.04053,0.08853,0.18259
final,80,3,103,0.04009,0.08702,0.17866
final,80,3,104,0.03971,0.08564,0.17502
final,80,3,105,0.03937,0.08438,0.17164
final,80,3,106,0.03909,0.08325,0.16853
final,80,3,107,0.03886,0.08223,0.16567
final,80,3,108,0.03868,0.08133,0.16305
final,80,3,109,0.03855,0.08055,0.16066
final,80,3,110,0.03846,0.07986,0.15848
final,80,3,111,0.03841,0.07926,0.15651
final,80,3,112,0.0384,0.07876,0.15472
final,80,3,113,0.03843,0.07834,0.1531
final,80,3,114,0.03849,0.078,0.15165
final,80,3,115,0.03859,0.07773,0.15035
final,80,3,116,0.03872,0.07753,0.14919
final,80,3,117,0.03888,0.07739,0.14817
final,80,3,118,0.03906,0.07731,0.14728
final,80,3,119,0.03927,0.07729,0.14649
final,80,3,120,0.03951,0.07732,0.14582
final,80,3,121,0.03977,0.07739,0.14525
final,80,3,122,0.04004,0.07751,0.14476
final,80,3,123,0.04034,0.07767,0.14436
final,80,3,124,0.04065,0.07786,0.14404
final,80,3,125,0.04097,0.07809,0.14378
final,80,3,126,0.04131,0.07834,0.14358
final,80,3,127,0.04166,0.07861,0.14343
final,80,3,128,0.04202,0.07891,0.14333
final,80,3,129,0.04239,0.07922,0.14326
final,80,3,130,0.04276,0.07954,0.14322
final,80,3,131,0.04313,0.07987,0.1432
final,80,3,132,0.04351,0.0802,0.14319
final,80,3,133,0.04389,0.08053,0.14318
final,80,3,134,0.04426,0.08085,0.14316
final,80,3,135,0.04463,0.08117,0.14313
final,80,3,136,0.045,0.08147,0.14308
final,80,3,137,0.04535,0.08176,0.14299
final,80,3,138,0.0457,0.08202,0.14287
final,80,3,139,0.04604,0.08225,0.14269
final,80,3,140,0.04636,0.08245,0.14245
final,80,3,141,0.04666,0.08261,0.14215
final,80,3,142,0.04694,0.08274,0.14177
final,80,3,143,0.04721,0.08282,0.1413
final,80,3,144,0.04745,0.08284,0.14075
final,80,3,145,0.04766,0.08282,0.14009
final,80,3,146,0.04784,0.08273,0.13934
final,80,3,147,0.048,0.08258,0.13847
final,80,3,148,0.04812,0.08237,0.13748
final,80,3,149,0.0482,0.08208,0.13638
final,80,3,150,0.04824,0.08172,0.13515
final,80,3,151,0.04823,0.08128,0.1338
final,80,3,152,0.04818,0.08076,0.13232
final,80,3,153,0.04808,0.08016,0.13071
final,80,3,154,0.04793,0.07947,0.12897
final,80,3,155,0.04772,0.0787,0.12712
final,80,3,156,0.04746,0.07787,0.1252
final,80,3,157,0.04715,0.07697,0.12321
final,80,3,158,0.0468,0.07603,0.12119
final,80,3,159,0.04642,0.07506,0.11916
final,80,3,160,0.046,0.07406,0.11714
final,80,3,161,0.04555,0.07306,0.11516
final,80,3,162,0.04509,0.07205,0.11321
final,80,3,163,0.04461,0.07105,0.11133
final,80,3,164,0.04412,0.07007,0.10952
final,80,3,165,0.04364,0.06911,0.10779
final,80,3,166,0.04315,0.06819,0.10615
final,80,3,167,0.04269,0.06732,0.1046
final,80,3,168,0.04224,0.06649,0.10316
final,80,3,169,0.04183,0.06572,0.10182
final,80,3,170,0.04145,0.06502,0.10058
final,80,3,171,0.04112,0.06439,0.09946
final,80,3,172,0.04084,0.06383,0.09845
final,80,3,173,0.04062,0.06336,0.09755
final,80,3,174,0.04047,0.06298,0.09676
final,80,3,175,0.0404,0.0627,0.09609
final,80,3,176,0.04041,0.06253,0.09555
final,80,3,177,0.04052,0.06247,0.09513
final,80,3,178,0.04072,0.06252,0.09484
final,80,3,179,0.04104,0.06271,0.0947
final,80,3,180,0.04147,0.06304,0.09471
final,80,3,181,0.04203,0.06351,0.09488
final,80,3,182,0.04273,0.06415,0.09524
final,80,3,183,0.04356,0.06496,0.09581
final,80,3,184,0.04455,0.06596,0.09661
final,80,3,185,0.04568,0.06716,0.0977
final,80,3,186,0.04697,0.06859,0.09912
final,80,3,187,0.0484,0.07026,0.10094
final,80,3,188,0.04998,0.0722,0.10323
final,80,3,189,0.05167,0.07444,0.10612
final,80,3,190,0.05347,0.07701,0.10971
final,80,3,191,0.05535,0.07995,0.11417
final,80,3,192,0.05726,0.0833,0.11968
final,80,4,20,0.04629,0.54597,0.96752
final,80,4,21,0.0501,0.55383,0.9669
final,80,4,22,0.05393,0.56067,0.96619
final,80,4,23,0.05773,0.56652,0.96537
final,80,4,24,0.06148,0.57141,0.96446
final,80,4,25,0.06515,0.57538,0.96343
final,80,4,26,0.06873,0.57845,0.96228
final,80,4,27,0.07218,0.58066,0.96101
final,80,4,28,0.07549,0.58203,0.95959
final,80,4,29,0.07863,0.5826,0.95803
final,80,4,30,0.08159,0.58237,0.95631
final,80,4,31,0.08435,0.58139,0.95442
final,80,4,32,0.0869,0.57968,0.95235
final,80,4,33,0.08923,0.57724,0.95007
final,80,4,34,0.09134,0.57412,0.94759
final,80,4,35,0.09321,0.57032,0.94487
final,80,4,36,0.09485,0.56587,0.94191
final,80,4,37,0.09624,0.56079,0.93868
final,80,4,38,0.0974,0.5551,0.93517
final,80,4,39,0.09832,0.54882,0.93136
final,80,4,40,0.09901,0.54198,0.92723
final,80,4,41,0.09947,0.53459,0.92275
final,80,4,42,0.09971,0.52669,0.9179
final,80,4,43,0.09974,0.5183,0.91266
final,80,4,44,0.09956,0.50944,0.90701
final,80,4,45,0.09918,0.50016,0.90093
final,80,4,46,0.09862,0.49047,0.89438
final,80,4,47,0.09789,0.48041,0.88736
final,80,4,48,0.09699,0.47001,0.87984
final,80,4,49,0.09595,0.45932,0.87179
final,80,4,50,0.09477,0.44837,0.86321
final,80,4,51,0.09346,0.43719,0.85408
final,80,4,52,0.09205,0.42584,0.84438
final,80,4,53,0.09054,0.41434,0.8341
final,80,4,54,0.08894,0.40274,0.82324
final,80,4,55,0.08728,0.39108,0.8118
final,80,4,56,0.08556,0.37941,0.79978
final,80,4,57,0.0838,0.36776,0.78719
final,80,4,58,0.08201,0.35616,0.77403
final,80,4,59,0.0802,0.34467,0.76034
final,80,4,60,0.07838,0.33332,0.74612
final,80,4,61,0.07657,0.32212,0.73142
final,80,4,62,0.07476,0.31111,0.71624
final,80,4,63,0.07296,0.30029,0.70061
final,80,4,64,0.07118,0.28969,0.68458
final,80,4,65,0.06942,0.27931,0.66817
final,80,4,66,0.06768,0.26917,0.65142
final,80,4,67,0.06597,0.25929,0.63438
final,80,4,68,0.06428,0.24967,0.6171
final,80,4,69,0.06263,0.24031,0.59962
final,80,4,70,0.06101,0.23123,0.582
final,80,4,71,0.05943,0.22244,0.5643
final,80,4,72,0.05789,0.21392,0.54656
final,80,4,73,0.05638,0.2057,0.52885
final,80,4,74,0.05491,0.19776,0.51121
final,80,4,75,0.05349,0.19012,0.4937
final,80,4,76,0.05211,0.18276,0.47638
final,80,4,77,0.05076,0.17569,0.45928
final,80,4,78,0.04946,0.1689,0.44246
final,80,4,79,0.04821,0.16239,0.42596
final,80,4,80,0.04699,0.15615,0.40982
final,80,4,81,0.04582,0.15018,0.39408
final,80,4,82,0.04469,0.14448,0.37875
final,80,4,83,0.04361,0.13904,0.36388
final,80,4,84,0.04256,0.13385,0.34947
final,80,4,85,0.04156,0.1289,0.33556
final,80,4,86,0.0406,0.1242,0.32215
final,80,4,87,0.03968,0.11972,0.30925
final,80,4,88,0.0388,0.11547,0.29687
final,80,4,89,0.03796,0.11143,0.28501
final,80,4,90,0.03715,0.1076,0.27367
final,80,4,91,0.03639,0.10398,0.26285
final,80,4,92,0.03567,0.10055,0.25254
final,80,4,93,0.03499,0.09731,0.24273
final,80,4,94,0.03434,0.09425,0.23342
final,80,4,95,0.03373,0.09137,0.2246
final,80,4,96,0.03316,0.08865,0.21624
final,80,4,97,0.03263,0.0861,0.20835
final,80,4,98,0.03213,0.08371,0.20089
final,80,4,99,0.03167,0.08146,0.19387
final,80,4,100,0.03124,0.07936,0.18726
final,80,4,101,0.03086,0.0774,0.18106
final,80,4,102,0.0305,0.07558,0.17524
final,80,4,103,0.03019,0.07389,0.16979
final,80,4,104,0.02991,0.07233,0.1647
final,80,4,105,0.02967,0.07089,0.15995
final,80,4,106,0.02946,0.06957,0.15554
final,80,4,107,0.02929,0.06837,0.15144
final,80,4,108,0.02916,0.06728,0.14765
final,80,4,109,0.02907,0.0663,0.14414
final,80,4,110,0.029,0.06541,0.1409
final,80,4,111,0.02897,0.06462,0.13789
final,80,4,112,0.02897,0.06391,0.13512
final,80,4,113,0.029,0.06328,0.13255
final,80,4,114,0.02905,0.06273,0.13019
final,80,4,115,0.02913,0.06224,0.12801
final,80,4,116,0.02924,0.06182,0.126
final,80,4,117,0.02937,0.06146,0.12416
final,80,4,118,0.02952,0.06117,0.12246
final,80,4,119,0.02969,0.06092,0.1209
final,80,4,120,0.02988,0.06073,0.11948
final,80,4,121,0.0301,0.06058,0.11817
final,80,4,122,0.03033,0.06047,0.11698
final,80,4,123,0.03057,0.06041,0.1159
final,80,4,124,0.03083,0.06039,0.11491
final,80,4,125,0.03111,0.0604,0.114
final,80,4,126,0.0314,0.06044,0.11319
final,80,4,127,0.03171,0.06051,0.11244
final,80,4,128,0.03202,0.06061,0.11176
final,80,4,129,0.03235,0.06073,0.11115
final,80,4,130,0.03269,0.06087,0.11059
final,80,4,131,0.03303,0.06103,0.11007
final,80,4,132,0.03338,0.06121,0.1096
final,80,4,133,0.03374,0.0614,0.10916
final,80,4,134,0.0341,0.0616,0.10875
final,80,4,135,0.03447,0.0618,0.10837
final,80,4,136,0.03484,0.06201,0.10799
final,80,4,137,0.03521,0.06222,0.10763
final,80,4,138,0.03558,0.06243,0.10727
final,80,4,139,0.03595,0.06263,0.1069
final,80,4,140,0.03632,0.06282,0.10653
final,80,4,141,0.03668,0.06301,0.10613
final,80,4,142,0.03704,0.06317,0.10572
final,80,4,143,0.03739,0.06332,0.10528
final,80,4,144,0.03773,0.06346,0.1048
final,80,4,145,0.03806,0.06356,0.10429
final,80,4,146,0.03838,0.06364,0.10373
final,80,4,147,0.03869,0.06369,0.10312
final,80,4,148,0.03897,0.06371,0.10246
final,80,4,149,0.03924,0.06369,0.10175
final,80,4,150,0.03949,0.06363,0.10097
final,80,4,151,0.03972,0.06353,0.10013
final,80,4,152,0.03992,0.06338,0.09922
final,80,4,153,0.04008,0.06319,0.09825
final,80,4,154,0.04022,0.06295,0.09721
final,80,4,155,0.04032,0.06265,0.09611
final,80,4,156,0.04039,0.06232,0.09497
final,80,4,157,0.04043,0.06195,0.09381
final,80,4,158,0.04045,0.06156,0.09264
final,80,4,159,0.04043,0.06115,0.09147
final,80,4,160,0.0404,0.06072,0.09032
final,80,4,161,0.04034,0.06029,0.08919
final,80,4,162,0.04027,0.05986,0.08811
final,80,4,163,0.04019,0.05944,0.08708
final,80,4,164,0.0401,0.05903,0.0861
final,80,4,165,0.04,0.05864,0.08519
final,80,4,166,0.03991,0.05827,0.08434
final,80,4,167,0.03982,0.05794,0.08357
final,80,4,168,0.03975,0.05764,0.08288
final,80,4,169,0.0397,0.05738,0.08226
final,80,4,170,0.03968,0.05717,0.08173
final,80,4,171,0.03969,0.05702,0.08127
final,80,4,172,0.03974,0.05692,0.0809
final,80,4,173,0.03984,0.05689,0.08061
final,80,4,174,0.04,0.05693,0.08041
final,80,4,175,0.04023,0.05704,0.0803
final,80,4,176,0.04053,0.05724,0.08027
final,80,4,177,0.04092,0.05753,0.08033
final,80,4,178,0.04139,0.05792,0.0805
final,80,4,179,0.04197,0.05842,0.08076
final,80,4,180,0.04267,0.05903,0.08113
final,80,4,181,0.04348,0.05976,0.08162
final,80,4,182,0.04442,0.06063,0.08224
final,80,4,183,0.0455,0.06165,0.08302
final,80,4,184,0.04673,0.06282,0.08397
final,80,4,185,0.04811,0.06418,0.08513
final,80,4,186,0.04963,0.06572,0.08654
final,80,4,187,0.05131,0.06747,0.08826
final,80,4,188,0.05311,0.06946,0.09035
final,80,4,189,0.05503,0.0717,0.09291
final,80,4,190,0.05704,0.07422,0.09605
final,80,4,191,0.05908,0.07705,0.0999
final,80,4,192,0.06113,0.08023,0.10463
final,80,5,20,0.08906,0.54716,0.93723
final,80,5,21,0.09445,0.55449,0.93692
final,80,5,22,0.09964,0.56089,0.93648
final,80,5,23,0.10461,0.5664,0.93592
final,80,5,24,0.10932,0.57104,0.93522
final,80,5,25,0.11376,0.57483,0.93438
final,80,5,26,0.11791,0.5778,0.93339
final,80,5,27,0.12174,0.57999,0.93223
final,80,5,28,0.12526,0.5814,0.9309
final,80,5,29,0.12845,0.58208,0.92939
final,80,5,30,0.1313,0.58203,0.92769
final,80,5,31,0.13381,0.58128,0.92579
final,80,5,32,0.13599,0.57985,0.92367
final,80,5,33,0.13783,0.57775,0.92133
final,80,5,34,0.13934,0.57502,0.91875
final,80,5,35,0.14052,0.57166,0.91593
final,80,5,36,0.14139,0.5677,0.91284
final,80,5,37,0.14194,0.56315,0.90947
final,80,5,38,0.14219,0.55803,0.90582
final,80,5,39,0.14214,0.55236,0.90186
final,80,5,40,0.14182,0.54616,0.89757
final,80,5,41,0.14123,0.53944,0.89296
final,80,5,42,0.14038,0.53223,0.88799
final,80,5,43,0.13929,0.52456,0.88265
final,80,5,44,0.13797,0.51643,0.87694
final,80,5,45,0.13644,0.50789,0.87083
final,80,5,46,0.1347,0.49894,0.86431
final,80,5,47,0.13279,0.48963,0.85737
final,80,5,48,0.13071,0.47998,0.84999
final,80,5,49,0.12847,0.47002,0.84216
final,80,5,50,0.1261,0.45978,0.83388
final,80,5,51,0.12362,0.44929,0.82514
final,80,5,52,0.12103,0.43859,0.81592
final,80,5,53,0.11836,0.42772,0.80623
final,80,5,54,0.11562,0.4167,0.79607
final,80,5,55,0.11283,0.40558,0.78543
final,80,5,56,0.11,0.39438,0.77432
final,80,5,57,0.10715,0.38316,0.76275
final,80,5,58,0.1043,0.37193,0.75072
final,80,5,59,0.10145,0.36075,0.73826
final,80,5,60,0.09863,0.34963,0.72536
final,80,5,61,0.09583,0.33861,0.71206
final,80,5,62,0.09308,0.32771,0.69836
final,80,5,63,0.09037,0.31695,0.68429
final,80,5,64,0.0877,0.30636,0.66987
final,80,5,65,0.08509,0.29593,0.65513
final,80,5,66,0.08253,0.2857,0.64009
final,80,5,67,0.08004,0.27569,0.62479
final,80,5,68,0.0776,0.26589,0.60926
final,80,5,69,0.07523,0.25633,0.59355
final,80,5,70,0.07293,0.24701,0.57769
final,80,5,71,0.0707,0.23795,0.56173
final,80,5,72,0.06853,0.22916,0.54571
final,80,5,73,0.06643,0.22063,0.52968
final,80,5,74,0.0644,0.21237,0.51367
final,80,5,75,0.06244,0.2044,0.49775
final,80,5,76,0.06055,0.1967,0.48194
final,80,5,77,0.05873,0.18928,0.46629
final,80,5,78,0.05697,0.18215,0.45085
final,80,5,79,0.05528,0.17529,0.43565
final,80,5,80,0.05366,0.16871,0.42073
final,80,5,81,0.05211,0.1624,0.40612
final,80,5,82,0.05062,0.15636,0.39185
final,80,5,83,0.04919,0.15059,0.37795
final,80,5,84,0.04782,0.14508,0.36444
final,80,5,85,0.04652,0.13982,0.35134
final,80,5,86,0.04527,0.13482,0.33867
final,80,5,87,0.04408,0.13006,0.32645
final,80,5,88,0.04295,0.12553,0.31467
final,80,5,89,0.04188,0.12123,0.30336
final,80,5,90,0.04086,0.11716,0.29251
final,80,5,91,0.03989,0.11331,0.28213
final,80,5,92,0.03898,0.10966,0.27221
final,80,5,93,0.03812,0.10622,0.26276
final,80,5,94,0.03731,0.10297,0.25376
final,80,5,95,0.03655,0.09992,0.24521
final,80,5,96,0.03584,0.09705,0.23711
final,80,5,97,0.03517,0.09436,0.22945
final,80,5,98,0.03456,0.09184,0.22221
final,80,5,99,0.03399,0.08948,0.21538
final,80,5,100,0.03347,0.08729,0.20896
final,80,5,101,0.033,0.08526,0.20294
final,80,5,102,0.03257,0.08338,0.1973
final,80,5,103,0.03219,0.08165,0.19203
final,80,5,104,0.03185,0.08006,0.18712
final,80,5,105,0.03156,0.07861,0.18257
final,80,5,106,0.03132,0.0773,0.17836
final,80,5,107,0.03112,0.07612,0.17447
final,80,5,108,0.03097,0.07508,0.17091
final,80,5,109,0.03087,0.07415,0.16764
final,80,5,110,0.0308,0.07334,0.16465
final,80,5,111,0.03078,0.07264,0.16191
final,80,5,112,0.03079,0.07203,0.15942
final,80,5,113,0.03084,0.07152,0.15715
final,80,5,114,0.03092,0.07109,0.15509
final,80,5,115,0.03104,0.07075,0.15323
final,80,5,116,0.03118,0.07048,0.15155
final,80,5,117,0.03136,0.07028,0.15004
final,80,5,118,0.03156,0.07015,0.14869
final,80,5,119,0.03179,0.07009,0.14749
final,80,5,120,0.03205,0.07008,0.14642
final,80,5,121,0.03233,0.07013,0.14549
final,80,5,122,0.03264,0.07024,0.14468
final,80,5,123,0.03296,0.07039,0.14397
final,80,5,124,0.03331,0.07058,0.14337
final,80,5,125,0.03367,0.07081,0.14286
final,80,5,126,0.03406,0.07109,0.14244
final,80,5,127,0.03446,0.07139,0.14209
final,80,5,128,0.03487,0.07172,0.1418
final,80,5,129,0.0353,0.07208,0.14158
final,80,5,130,0.03574,0.07247,0.14141
final,80,5,131,0.03619,0.07287,0.14127
final,80,5,132,0.03665,0.07328,0.14118
final,80,5,133,0.03712,0.07371,0.1411
final,80,5,134,0.03759,0.07415,0.14105
final,80,5,135,0.03806,0.07458,0.141
final,80,5,136,0.03854,0.07502,0.14095
final,80,5,137,0.03902,0.07545,0.14089
final,80,5,138,0.0395,0.07587,0.14081
final,80,5,139,0.03997,0.07627,0.14071
final,80,5,140,0.04044,0.07666,0.14057
final,80,5,141,0.0409,0.07703,0.14039
final,80,5,142,0.04135,0.07736,0.14016
final,80,5,143,0.04178,0.07766,0.13986
final,80,5,144,0.0422,0.07793,0.1395
final,80,5,145,0.04261,0.07816,0.13906
final,80,5,146,0.04299,0.07833,0.13853
final,80,5,147,0.04334,0.07846,0.13792
final,80,5,148,0.04367,0.07853,0.13721
final,80,5,149,0.04397,0.07854,0.1364
final,80,5,150,0.04424,0.07849,0.13548
final,80,5,151,0.04447,0.07836,0.13446
final,80,5,152,0.04465,0.07817,0.13332
final,80,5,153,0.0448,0.07789,0.13206
final,80,5,154,0.04489,0.07754,0.13069
final,80,5,155,0.04493,0.07711,0.12922
final,80,5,156,0.04492,0.07661,0.12767
final,80,5,157,0.04486,0.07605,0.12605
final,80,5,158,0.04477,0.07544,0.1244
final,80,5,159,0.04463,0.07479,0.12272
final,80,5,160,0.04445,0.07411,0.12104
final,80,5,161,0.04424,0.0734,0.11937
final,80,5,162,0.044,0.07267,0.11773
final,80,5,163,0.04374,0.07194,0.11612
final,80,5,164,0.04346,0.07121,0.11456
final,80,5,165,0.04316,0.07048,0.11305
final,80,5,166,0.04286,0.06977,0.1116
final,80,5,167,0.04256,0.06908,0.11022
final,80,5,168,0.04227,0.06842,0.1089
final,80,5,169,0.04199,0.06779,0.10766
final,80,5,170,0.04174,0.06721,0.10649
final,80,5,171,0.04151,0.06667,0.1054
final,80,5,172,0.04131,0.06618,0.10438
final,80,5,173,0.04116,0.06575,0.10344
final,80,5,174,0.04107,0.06539,0.10257
final,80,5,175,0.04103,0.06509,0.10178
final,80,5,176,0.04105,0.06487,0.10107
final,80,5,177,0.04115,0.06474,0.10044
final,80,5,178,0.04132,0.06469,0.09989
final,80,5,179,0.04159,0.06474,0.09944
final,80,5,180,0.04195,0.06489,0.09908
final,80,5,181,0.0424,0.06515,0.09883
final,80,5,182,0.04297,0.06552,0.0987
final,80,5,183,0.04364,0.06603,0.09871
final,80,5,184,0.04442,0.06666,0.09889
final,80,5,185,0.04532,0.06745,0.09926
final,80,5,186,0.04633,0.06839,0.09986
final,80,5,187,0.04745,0.06951,0.10075
final,80,5,188,0.04865,0.07081,0.10198
final,80,5,189,0.04992,0.07231,0.10365
final,80,5,190,0.05124,0.07404,0.10586
final,80,5,191,0.05256,0.076,0.10871
final,80,5,192,0.05385,0.07824,0.11237
final,80,6,20,0.07681,0.51578,0.93168
final,80,6,21,0.08236,0.5273,0.93272
final,80,6,22,0.08775,0.53753,0.93353
final,80,6,23,0.09293,0.54651,0.93411
final,80,6,24,0.09785,0.55428,0.93445
final,80,6,25,0.10249,0.56087,0.93458
final,80,6,26,0.10679,0.56632,0.93448
final,80,6,27,0.11075,0.57068,0.93416
final,80,6,28,0.11434,0.57399,0.93361
final,80,6,29,0.11754,0.57628,0.93283
final,80,6,30,0.12034,0.57759,0.93182
final,80,6,31,0.12274,0.57795,0.93057
final,80,6,32,0.12474,0.5774,0.92907
final,80,6,33,0.12634,0.57598,0.92732
final,80,6,34,0.12754,0.5737,0.92531
final,80,6,35,0.12835,0.5706,0.92302
final,80,6,36,0.12879,0.5667,0.92045
final,80,6,37,0.12887,0.56204,0.91758
final,80,6,38,0.1286,0.55665,0.9144
final,80,6,39,0.128,0.55054,0.91088
final,80,6,40,0.1271,0.54376,0.90703
final,80,6,41,0.1259,0.53632,0.90281
final,80,6,42,0.12443,0.52827,0.89821
final,80,6,43,0.12272,0.51963,0.89322
final,80,6,44,0.12078,0.51045,0.88782
final,80,6,45,0.11864,0.50075,0.88199
final,80,6,46,0.11633,0.49059,0.87571
final,80,6,47,0.11385,0.47999,0.86896
final,80,6,48,0.11124,0.46901,0.86174
final,80,6,49,0.10852,0.45769,0.85404
final,80,6,50,0.10571,0.44607,0.84582
final,80,6,51,0.10283,0.43422,0.8371
final,80,6,52,0.0999,0.42218,0.82787
final,80,6,53,0.09695,0.40999,0.81812
final,80,6,54,0.09398,0.39772,0.80785
final,80,6,55,0.09101,0.38541,0.79707
final,80,6,56,0.08807,0.37312,0.78579
final,80,6,57,0.08517,0.36089,0.77402
final,80,6,58,0.08231,0.34877,0.76178
final,80,6,59,0.07952,0.33681,0.7491
final,80,6,60,0.0768,0.32505,0.73601
final,80,6,61,0.07416,0.31352,0.72254
final,80,6,62,0.07161,0.30227,0.70872
final,80,6,63,0.06915,0.2913,0.69459
final,80,6,64,0.06678,0.28064,0.68017
final,80,6,65,0.06451,0.27027,0.66548
final,80,6,66,0.06231,0.26022,0.65057
final,80,6,67,0.06021,0.25047,0.63545
final,80,6,68,0.05819,0.24105,0.62018
final,80,6,69,0.05625,0.23195,0.60477
final,80,6,70,0.05439,0.22316,0.58928
final,80,6,71,0.05261,0.21469,0.57375
final,80,6,72,0.0509,0.20654,0.5582
final,80,6,73,0.04927,0.1987,0.54268
final,80,6,74,0.0477,0.19117,0.52724
final,80,6,75,0.04621,0.18395,0.5119
final,80,6,76,0.04478,0.17703,0.49671
final,80,6,77,0.04342,0.1704,0.48169
final,80,6,78,0.04212,0.16405,0.46689
final,80,6,79,0.04088,0.15799,0.45234
final,80,6,80,0.0397,0.1522,0.43806
final,80,6,81,0.03857,0.14667,0.42408
final,80,6,82,0.0375,0.1414,0.41043
final,80,6,83,0.03648,0.13638,0.39712
final,80,6,84,0.03551,0.1316,0.38418
final,80,6,85,0.03458,0.12706,0.37162
final,80,6,86,0.03371,0.12274,0.35945
final,80,6,87,0.03288,0.11864,0.34769
final,80,6,88,0.03209,0.11475,0.33634
final,80,6,89,0.03134,0.11106,0.3254
final,80,6,90,0.03064,0.10756,0.31489
final,80,6,91,0.02997,0.10426,0.3048
final,80,6,92,0.02934,0.10113,0.29512
final,80,6,93,0.02875,0.09818,0.28587
final,80,6,94,0.0282,0.09539,0.27703
final,80,6,95,0.02768,0.09277,0.2686
final,80,6,96,0.0272,0.0903,0.26058
final,80,6,97,0.02675,0.08797,0.25295
final,80,6,98,0.02633,0.0858,0.2457
final,80,6,99,0.02594,0.08376,0.23884
final,80,6,100,0.02559,0.08185,0.23235
final,80,6,101,0.02527,0.08008,0.22622
final,80,6,102,0.02497,0.07843,0.22044
final,80,6,103,0.02471,0.0769,0.21501
final,80,6,104,0.02448,0.07549,0.20991
final,80,6,105,0.02428,0.07419,0.20513
final,80,6,106,0.02411,0.07301,0.20067
final,80,6,107,0.02397,0.07193,0.19652
final,80,6,108,0.02386,0.07096,0.19267
final,80,6,109,0.02379,0.0701,0.18911
final,80,6,110,0.02374,0.06933,0.18582
final,80,6,111,0.02371,0.06865,0.18278
final,80,6,112,0.02372,0.06805,0.17998
final,80,6,113,0.02374,0.06753,0.17741
final,80,6,114,0.02379,0.06709,0.17505
final,80,6,115,0.02387,0.06672,0.17288
final,80,6,116,0.02396,0.06642,0.1709
final,80,6,117,0.02408,0.06617,0.16909
final,80,6,118,0.02422,0.06599,0.16745
final,80,6,119,0.02437,0.06587,0.16597
final,80,6,120,0.02455,0.06579,0.16462
final,80,6,121,0.02474,0.06577,0.16342
final,80,6,122,0.02495,0.06579,0.16234
final,80,6,123,0.02517,0.06585,0.16137
final,80,6,124,0.02541,0.06595,0.16052
final,80,6,125,0.02567,0.0661,0.15976
final,80,6,126,0.02594,0.06627,0.1591
final,80,6,127,0.02622,0.06648,0.15852
final,80,6,128,0.02651,0.06672,0.15802
final,80,6,129,0.02681,0.06698,0.15759
final,80,6,130,0.02713,0.06727,0.15722
final,80,6,131,0.02745,0.06758,0.1569
final,80,6,132,0.02778,0.06791,0.15663
final,80,6,133,0.02812,0.06825,0.15639
final,80,6,134,0.02847,0.0686,0.15619
final,80,6,135,0.02883,0.06896,0.15601
final,80,6,136,0.02918,0.06933,0.15585
final,80,6,137,0.02955,0.0697,0.15569
final,80,6,138,0.02991,0.07008,0.15553
final,80,6,139,0.03028,0.07044,0.15536
final,80,6,140,0.03064,0.07081,0.15518
final,80,6,141,0.03101,0.07116,0.15498
final,80,6,142,0.03137,0.0715,0.15474
final,80,6,143,0.03173,0.07182,0.15447
final,80,6,144,0.03209,0.07212,0.15415
final,80,6,145,0.03244,0.0724,0.15379
final,80,6,146,0.03277,0.07265,0.15336
final,80,6,147,0.0331,0.07287,0.15288
final,80,6,148,0.03342,0.07306,0.15232
final,80,6,149,0.03372,0.07321,0.15169
final,80,6,150,0.034,0.07331,0.15099
final,80,6,151,0.03426,0.07338,0.1502
final,80,6,152,0.0345,0.07339,0.14934
final,80,6,153,0.03471,0.07335,0.14839
final,80,6,154,0.0349,0.07326,0.14735
final,80,6,155,0.03505,0.07311,0.14623
final,80,6,156,0.03517,0.0729,0.14505
final,80,6,157,0.03526,0.07265,0.14381
final,80,6,158,0.03531,0.07236,0.14254
final,80,6,159,0.03534,0.07204,0.14126
final,80,6,160,0.03534,0.07168,0.13997
final,80,6,161,0.03532,0.0713,0.13868
final,80,6,162,0.03527,0.0709,0.13742
final,80,6,163,0.0352,0.07049,0.13617
final,80,6,164,0.03511,0.07006,0.13496
final,80,6,165,0.03501,0.06964,0.13379
final,80,6,166,0.03489,0.06921,0.13265
final,80,6,167,0.03478,0.0688,0.13155
final,80,6,168,0.03466,0.06839,0.1305
final,80,6,169,0.03455,0.068,0.12949
final,80,6,170,0.03445,0.06763,0.12852
final,80,6,171,0.03436,0.06728,0.12758
final,80,6,172,0.03429,0.06696,0.12668
final,80,6,173,0.03425,0.06668,0.12582
final,80,6,174,0.03424,0.06644,0.12499
final,80,6,175,0.03427,0.06624,0.12419
final,80,6,176,0.03434,0.06608,0.12342
final,80,6,177,0.03445,0.06598,0.12267
final,80,6,178,0.03462,0.06593,0.12196
final,80,6,179,0.03485,0.06594,0.12129
final,80,6,180,0.03513,0.06602,0.12065
final,80,6,181,0.03549,0.06616,0.12006
final,80,6,182,0.03591,0.06639,0.11953
final,80,6,183,0.03639,0.06669,0.11908
final,80,6,184,0.03695,0.06708,0.11873
final,80,6,185,0.03758,0.06756,0.11851
final,80,6,186,0.03827,0.06814,0.11845
final,80,6,187,0.03902,0.06883,0.11861
final,80,6,188,0.0398,0.06963,0.11904
final,80,6,189,0.04062,0.07056,0.11981
final,80,6,190,0.04143,0.07161,0.12102
final,80,6,191,0.04221,0.07281,0.12277
final,80,6,192,0.04292,0.07417,0.12519
final,80,7,20,0.06565,0.56932,0.96134
final,80,7,21,0.07039,0.57766,0.9611
final,80,7,22,0.07501,0.58479,0.96072
final,80,7,23,0.07946,0.59075,0.96022
final,80,7,24,0.0837,0.59559,0.95958
final,80,7,25,0.08771,0.59935,0.95881
final,80,7,26,0.09146,0.60207,0.95788
final,80,7,27,0.09492,0.6038,0.9568
final,80,7,28,0.09807,0.60458,0.95555
final,80,7,29,0.1009,0.60442,0.95414
final,80,7,30,0.1034,0.60338,0.95253
final,80,7,31,0.10557,0.60147,0.95073
final,80,7,32,0.1074,0.59873,0.94873
final,80,7,33,0.1089,0.59519,0.9465
final,80,7,34,0.11006,0.59087,0.94403
final,80,7,35,0.11089,0.58579,0.9413
final,80,7,36,0.11141,0.57999,0.9383
final,80,7,37,0.11162,0.57349,0.93502
final,80,7,38,0.11155,0.56631,0.93142
final,80,7,39,0.11119,0.55849,0.92749
final,80,7,40,0.11058,0.55006,0.9232
final,80,7,41,0.10972,0.54104,0.91854
final,80,7,42,0.10863,0.53148,0.91349
final,80,7,43,0.10734,0.52141,0.90801
final,80,7,44,0.10586,0.51086,0.90209
final,80,7,45,0.10421,0.49989,0.89571
final,80,7,46,0.10241,0.48853,0.88884
final,80,7,47,0.10048,0.47684,0.88147
final,80,7,48,0.09844,0.46485,0.87358
final,80,7,49,0.09631,0.45262,0.86515
final,80,7,50,0.09411,0.4402,0.85617
final,80,7,51,0.09184,0.42765,0.84663
final,80,7,52,0.08954,0.41501,0.83654
final,80,7,53,0.08722,0.40235,0.82588
final,80,7,54,0.08488,0.3897,0.81467
final,80,7,55,0.08256,0.37713,0.80291
final,80,7,56,0.08025,0.36468,0.79063
final,80,7,57,0.07798,0.3524,0.77784
final,80,7,58,0.07575,0.34034,0.76458
final,80,7,59,0.07358,0.32852,0.75087
final,80,7,60,0.07147,0.31701,0.73677
final,80,7,61,0.06942,0.3058,0.7223
final,80,7,62,0.06745,0.29491,0.7075
final,80,7,63,0.06554,0.28435,0.69239
final,80,7,64,0.0637,0.27412,0.67702
final,80,7,65,0.06193,0.26422,0.6614
final,80,7,66,0.06022,0.25465,0.6456
final,80,7,67,0.05857,0.24541,0.62964
final,80,7,68,0.05699,0.2365,0.61356
final,80,7,69,0.05546,0.22791,0.59741
final,80,7,70,0.054,0.21964,0.58124
final,80,7,71,0.05259,0.2117,0.56507
final,80,7,72,0.05124,0.20406,0.54897
final,80,7,73,0.04994,0.19673,0.53296
final,80,7,74,0.04869,0.1897,0.51708
final,80,7,75,0.0475,0.18296,0.50138
final,80,7,76,0.04635,0.1765,0.48589
final,80,7,77,0.04526,0.17033,0.47064
final,80,7,78,0.04421,0.16442,0.45567
final,80,7,79,0.04321,0.15878,0.441
final,80,7,80,0.04224,0.15338,0.42666
final,80,7,81,0.04133,0.14824,0.41267
final,80,7,82,0.04045,0.14333,0.39905
final,80,7,83,0.03961,0.13865,0.38582
final,80,7,84,0.03882,0.13419,0.37298
final,80,7,85,0.03806,0.12995,0.36056
final,80,7,86,0.03733,0.12591,0.34856
final,80,7,87,0.03664,0.12207,0.33698
final,80,7,88,0.03599,0.11842,0.32583
final,80,7,89,0.03537,0.11495,0.31511
final,80,7,90,0.03478,0.11166,0.30481
final,80,7,91,0.03423,0.10854,0.29494
final,80,7,92,0.0337,0.10559,0.28549
final,80,7,93,0.03321,0.10279,0.27646
final,80,7,94,0.03275,0.10014,0.26783
final,80,7,95,0.03231,0.09764,0.2596
final,80,7,96,0.03191,0.09528,0.25176
final,80,7,97,0.03153,0.09305,0.24431
final,80,7,98,0.03119,0.09096,0.23722
final,80,7,99,0.03087,0.08899,0.2305
final,80,7,100,0.03058,0.08714,0.22412
final,80,7,101,0.03032,0.08541,0.21809
final,80,7,102,0.03008,0.08379,0.21239
final,80,7,103,0.02988,0.08228,0.207
final,80,7,104,0.0297,0.08088,0.20193
final,80,7,105,0.02955,0.07958,0.19715
final,80,7,106,0.02942,0.07839,0.19266
final,80,7,107,0.02933,0.07729,0.18845
final,80,7,108,0.02926,0.07629,0.18451
final,80,7,109,0.02922,0.07537,0.18082
final,80,7,110,0.02921,0.07454,0.17736
final,80,7,111,0.02922,0.07378,0.17412
final,80,7,112,0.02925,0.0731,0.17109
final,80,7,113,0.02931,0.07249,0.16826
final,80,7,114,0.02938,0.07193,0.16561
final,80,7,115,0.02947,0.07144,0.16313
final,80,7,116,0.02959,0.07101,0.1608
final,80,7,117,0.02972,0.07062,0.15863
final,80,7,118,0.02986,0.07029,0.1566
final,80,7,119,0.03003,0.07,0.1547
final,80,7,120,0.0302,0.06975,0.15293
final,80,7,121,0.03039,0.06955,0.15126
final,80,7,122,0.0306,0.06937,0.14971
final,80,7,123,0.03081,0.06923,0.14825
final,80,7,124,0.03103,0.06913,0.14688
final,80,7,125,0.03127,0.06904,0.1456
final,80,7,126,0.03151,0.06899,0.14439
final,80,7,127,0.03176,0.06895,0.14325
final,80,7,128,0.03202,0.06893,0.14217
final,80,7,129,0.03228,0.06893,0.14115
final,80,7,130,0.03254,0.06895,0.14017
final,80,7,131,0.03281,0.06897,0.13924
final,80,7,132,0.03309,0.069,0.13834
final,80,7,133,0.03336,0.06904,0.13747
final,80,7,134,0.03363,0.06908,0.13661
final,80,7,135,0.03391,0.06912,0.13578
final,80,7,136,0.03418,0.06916,0.13495
final,80,7,137,0.03445,0.0692,0.13412
final,80,7,138,0.03472,0.06922,0.13329
final,80,7,139,0.03498,0.06924,0.13245
final,80,7,140,0.03523,0.06924,0.13159
final,80,7,141,0.03548,0.06922,0.1307
final,80,7,142,0.03572,0.06919,0.12979
final,80,7,143,0.03595,0.06913,0.12885
final,80,7,144,0.03617,0.06905,0.12786
final,80,7,145,0.03638,0.06895,0.12683
final,80,7,146,0.03657,0.06881,0.12576
final,80,7,147,0.03675,0.06865,0.12463
final,80,7,148,0.03692,0.06844,0.12344
final,80,7,149,0.03706,0.06821,0.12219
final,80,7,150,0.03719,0.06793,0.12089
final,80,7,151,0.03729,0.06761,0.11952
final,80,7,152,0.03737,0.06725,0.11808
final,80,7,153,0.03742,0.06684,0.11659
final,80,7,154,0.03744,0.06639,0.11503
final,80,7,155,0.03744,0.06589,0.11341
final,80,7,156,0.0374,0.06535,0.11177
final,80,7,157,0.03734,0.06479,0.1101
final,80,7,158,0.03726,0.06421,0.10844
final,80,7,159,0.03716,0.06361,0.1068
final,80,7,160,0.03704,0.063,0.10519
final,80,7,161,0.0369,0.0624,0.10362
final,80,7,162,0.03676,0.0618,0.10211
final,80,7,163,0.0366,0.06122,0.10066
final,80,7,164,0.03645,0.06066,0.09929
final,80,7,165,0.03629,0.06012,0.098
final,80,7,166,0.03614,0.05961,0.09679
final,80,7,167,0.036,0.05914,0.09568
final,80,7,168,0.03588,0.05871,0.09466
final,80,7,169,0.03577,0.05833,0.09373
final,80,7,170,0.0357,0.05801,0.0929
final,80,7,171,0.03566,0.05774,0.09217
final,80,7,172,0.03566,0.05753,0.09154
final,80,7,173,0.03571,0.0574,0.09101
final,80,7,174,0.03581,0.05734,0.09058
final,80,7,175,0.03598,0.05736,0.09026
final,80,7,176,0.03621,0.05747,0.09004
final,80,7,177,0.03651,0.05767,0.08994
final,80,7,178,0.0369,0.05797,0.08994
final,80,7,179,0.03739,0.05838,0.09007
final,80,7,180,0.03797,0.05891,0.09032
final,80,7,181,0.03866,0.05956,0.09071
final,80,7,182,0.03946,0.06035,0.09126
final,80,7,183,0.04039,0.06129,0.09197
final,80,7,184,0.04145,0.06239,0.09289
final,80,7,185,0.04264,0.06367,0.09403
final,80,7,186,0.04398,0.06513,0.09544
final,80,7,187,0.04545,0.0668,0.09718
final,80,7,188,0.04704,0.06871,0.0993
final,80,7,189,0.04876,0.07086,0.10191
final,80,7,190,0.05058,0.0733,0.10509
final,80,7,191,0.05247,0.07604,0.10898
final,80,7,192,0.0544,0.07913,0.11374
final,80,8,20,0.09596,0.53685,0.92678
final,80,8,21,0.10195,0.54567,0.92704
final,80,8,22,0.10771,0.55343,0.92713
final,80,8,23,0.11321,0.56016,0.92703
final,80,8,24,0.11841,0.5659,0.92675
final,80,8,25,0.12329,0.57068,0.92628
final,80,8,26,0.12781,0.57452,0.92561
final,80,8,27,0.13196,0.57747,0.92474
final,80,8,28,0.13574,0.57955,0.92365
final,80,8,29,0.13911,0.58078,0.92235
final,80,8,30,0.14209,0.5812,0.92081
final,80,8,31,0.14467,0.58084,0.91905
final,80,8,32,0.14685,0.57971,0.91703
final,80,8,33,0.14863,0.57784,0.91476
final,80,8,34,0.15003,0.57526,0.91222
final,80,8,35,0.15104,0.57198,0.9094
final,80,8,36,0.15168,0.56803,0.90629
final,80,8,37,0.15196,0.56343,0.90287
final,80,8,38,0.1519,0.5582,0.89912
final,80,8,39,0.1515,0.55236,0.89504
final,80,8,40,0.15078,0.54594,0.89061
final,80,8,41,0.14977,0.53896,0.88582
final,80,8,42,0.14847,0.53144,0.88064
final,80,8,43,0.14691,0.52341,0.87506
final,80,8,44,0.1451,0.51491,0.86908
final,80,8,45,0.14307,0.50594,0.86266
final,80,8,46,0.14083,0.49656,0.8558
final,80,8,47,0.13841,0.48678,0.84849
final,80,8,48,0.13581,0.47665,0.84072
final,80,8,49,0.13308,0.46621,0.83247
final,80,8,50,0.13021,0.45547,0.82374
final,80,8,51,0.12724,0.4445,0.81453
final,80,8,52,0.12419,0.43332,0.80482
final,80,8,53,0.12107,0.42198,0.79462
final,80,8,54,0.1179,0.41051,0.78394
final,80,8,55,0.11471,0.39897,0.77277
final,80,8,56,0.1115,0.38738,0.76113
final,80,8,57,0.1083,0.3758,0.74903
final,80,8,58,0.10512,0.36426,0.73649
final,80,8,59,0.10197,0.3528,0.72352
final,80,8,60,0.09888,0.34146,0.71016
final,80,8,61,0.09584,0.33026,0.69643
final,80,8,62,0.09287,0.31923,0.68233
final,80,8,63,0.08996,0.30838,0.66791
final,80,8,64,0.08713,0.29774,0.65318
final,80,8,65,0.08436,0.2873,0.63818
final,80,8,66,0.08168,0.2771,0.62293
final,80,8,67,0.07907,0.26714,0.60747
final,80,8,68,0.07654,0.25743,0.59185
final,80,8,69,0.07409,0.24798,0.57609
final,80,8,70,0.07171,0.23881,0.56025
final,80,8,71,0.06942,0.2299,0.54436
final,80,8,72,0.06721,0.22128,0.52846
final,80,8,73,0.06507,0.21295,0.51261
final,80,8,74,0.06302,0.2049,0.49684
final,80,8,75,0.06104,0.19714,0.48119
final,80,8,76,0.05913,0.18967,0.46571
final,80,8,77,0.0573,0.18248,0.45043
final,80,8,78,0.05555,0.17558,0.43539
final,80,8,79,0.05386,0.16895,0.42063
final,80,8,80,0.05225,0.16261,0.40617
final,80,8,81,0.0507,0.15654,0.39205
final,80,8,82,0.04923,0.15074,0.37829
final,80,8,83,0.04781,0.14519,0.36491
final,80,8,84,0.04646,0.13991,0.35193
final,80,8,85,0.04518,0.13487,0.33937
final,80,8,86,0.04395,0.13008,0.32724
final,80,8,87,0.04278,0.12553,0.31556
final,80,8,88,0.04167,0.1212,0.30431
final,80,8,89,0.04062,0.1171,0.29352
final,80,8,90,0.03962,0.11321,0.28319
final,80,8,91,0.03867,0.10953,0.2733
final,80,8,92,0.03778,0.10605,0.26386
final,80,8,93,0.03694,0.10277,0.25487
final,80,8,94,0.03614,0.09967,0.24632
final,80,8,95,0.0354,0.09676,0.2382
final,80,8,96,0.0347,0.09402,0.23051
final,80,8,97,0.03406,0.09145,0.22322
final,80,8,98,0.03345,0.08905,0.21635
final,80,8,99,0.0329,0.0868,0.20986
final,80,8,100,0.03238,0.08471,0.20376
final,80,8,101,0.03192,0.08276,0.19804
final,80,8,102,0.03149,0.08096,0.19267
final,80,8,103,0.03112,0.0793,0.18766
final,80,8,104,0.03078,0.07778,0.18298
final,80,8,105,0.03049,0.07639,0.17864
final,80,8,106,0.03024,0.07512,0.17462
final,80,8,107,0.03004,0.07399,0.17091
final,80,8,108,0.02988,0.07298,0.1675
final,80,8,109,0.02976,0.07208,0.16437
final,80,8,110,0.02968,0.07129,0.16149
final,80,8,111,0.02964,0.07059,0.15886
final,80,8,112,0.02963,0.06999,0.15646
final,80,8,113,0.02966,0.06948,0.15426
final,80,8,114,0.02972,0.06905,0.15227
final,80,8,115,0.02981,0.0687,0.15046
final,80,8,116,0.02993,0.06842,0.14882
final,80,8,117,0.03007,0.06821,0.14735
final,80,8,118,0.03025,0.06806,0.14602
final,80,8,119,0.03045,0.06797,0.14484
final,80,8,120,0.03067,0.06794,0.14379
final,80,8,121,0.03091,0.06796,0.14286
final,80,8,122,0.03118,0.06803,0.14204
final,80,8,123,0.03147,0.06814,0.14132
final,80,8,124,0.03177,0.0683,0.14071
final,80,8,125,0.0321,0.06849,0.14018
final,80,8,126,0.03244,0.06872,0.13973
final,80,8,127,0.0328,0.06898,0.13935
final,80,8,128,0.03317,0.06927,0.13903
final,80,8,129,0.03355,0.06959,0.13877
final,80,8,130,0.03395,0.06992,0.13856
final,80,8,131,0.03435,0.07028,0.13839
final,80,8,132,0.03477,0.07065,0.13826
final,80,8,133,0.03519,0.07103,0.13814
final,80,8,134,0.03562,0.07142,0.13805
final,80,8,135,0.03605,0.07181,0.13796
final,80,8,136,0.03648,0.0722,0.13788
final,80,8,137,0.03692,0.07259,0.13779
final,80,8,138,0.03735,0.07297,0.13768
final,80,8,139,0.03779,0.07334,0.13755
final,80,8,140,0.03821,0.07369,0.13739
final,80,8,141,0.03863,0.07402,0.13719
final,80,8,142,0.03904,0.07433,0.13695
final,80,8,143,0.03945,0.07461,0.13665
final,80,8,144,0.03983,0.07485,0.13629
final,80,8,145,0.0402,0.07506,0.13586
final,80,8,146,0.04056,0.07523,0.13536
final,80,8,147,0.04089,0.07535,0.13478
final,80,8,148,0.0412,0.07542,0.13411
final,80,8,149,0.04148,0.07544,0.13335
final,80,8,150,0.04173,0.07541,0.1325
final,80,8,151,0.04195,0.0753,0.13154
final,80,8,152,0.04213,0.07514,0.13049
final,80,8,153,0.04227,0.0749,0.12933
final,80,8,154,0.04237,0.0746,0.12807
final,80,8,155,0.04242,0.07422,0.12671
final,80,8,156,0.04242,0.07378,0.12528
final,80,8,157,0.04239,0.07329,0.1238
final,80,8,158,0.04232,0.07275,0.12228
final,80,8,159,0.0422,0.07217,0.12074
final,80,8,160,0.04206,0.07157,0.1192
final,80,8,161,0.04189,0.07094,0.11767
final,80,8,162,0.04169,0.0703,0.11616
final,80,8,163,0.04147,0.06965,0.11469
final,80,8,164,0.04124,0.069,0.11326
final,80,8,165,0.04099,0.06836,0.11188
final,80,8,166,0.04074,0.06774,0.11056
final,80,8,167,0.04049,0.06713,0.1093
final,80,8,168,0.04025,0.06655,0.1081
final,80,8,169,0.04002,0.066,0.10697
final,80,8,170,0.03981,0.06549,0.1059
final,80,8,171,0.03962,0.06502,0.10491
final,80,8,172,0.03948,0.0646,0.10399
final,80,8,173,0.03937,0.06424,0.10314
final,80,8,174,0.0393,0.06393,0.10236
final,80,8,175,0.03929,0.0637,0.10165
final,80,8,176,0.03934,0.06353,0.10102
final,80,8,177,0.03946,0.06344,0.10047
final,80,8,178,0.03965,0.06344,0.1
final,80,8,179,0.03992,0.06352,0.09961
final,80,8,180,0.04028,0.0637,0.09933
final,80,8,181,0.04073,0.06398,0.09915
final,80,8,182,0.04127,0.06438,0.09909
final,80,8,183,0.04191,0.06489,0.09916
final,80,8,184,0.04266,0.06553,0.0994
final,80,8,185,0.04351,0.06631,0.09983
final,80,8,186,0.04445,0.06724,0.10048
final,80,8,187,0.04549,0.06833,0.10142
final,80,8,188,0.04661,0.0696,0.1027
final,80,8,189,0.0478,0.07106,0.10439
final,80,8,190,0.04902,0.07272,0.1066
final,80,8,191,0.05025,0.07461,0.10943
final,80,8,192,0.05145,0.07676,0.11302
final,80,9,20,0.09483,0.61057,0.95912
final,80,9,21,0.09969,0.61481,0.95835
final,80,9,22,0.10431,0.61825,0.95749
final,80,9,23,0.10867,0.62093,0.95654
final,80,9,24,0.11275,0.62287,0.95549
final,80,9,25,0.11653,0.62409,0.95433
final,80,9,26,0.12001,0.62461,0.95305
final,80,9,27,0.12317,0.62446,0.95165
final,80,9,28,0.12601,0.62365,0.95011
final,80,9,29,0.12853,0.6222,0.94842
final,80,9,30,0.13073,0.62012,0.94658
final,80,9,31,0.13261,0.61744,0.94456
final,80,9,32,0.13418,0.61417,0.94236
final,80,9,33,0.13543,0.61031,0.93997
final,80,9,34,0.13638,0.60589,0.93737
final,80,9,35,0.13704,0.60092,0.93455
final,80,9,36,0.13741,0.59541,0.93148
final,80,9,37,0.13751,0.58937,0.92817
final,80,9,38,0.13734,0.58283,0.92459
final,80,9,39,0.13691,0.57579,0.92072
final,80,9,40,0.13625,0.56827,0.91656
final,80,9,41,0.13535,0.56029,0.91207
final,80,9,42,0.13424,0.55187,0.90725
final,80,9,43,0.13292,0.54303,0.90208
final,80,9,44,0.13141,0.53379,0.89653
final,80,9,45,0.12973,0.52417,0.8906
final,80,9,46,0.12788,0.51421,0.88427
final,80,9,47,0.12589,0.50391,0.87752
final,80,9,48,0.12376,0.49332,0.87034
final,80,9,49,0.12151,0.48247,0.8627
final,80,9,50,0.11915,0.47138,0.85462
final,80,9,51,0.11671,0.46009,0.84606
final,80,9,52,0.11419,0.44863,0.83702
final,80,9,53,0.11161,0.43704,0.8275
final,80,9,54,0.10898,0.42535,0.8175
final,80,9,55,0.10632,0.41359,0.807
final,80,9,56,0.10363,0.40181,0.79602
final,80,9,57,0.10094,0.39004,0.78456
final,80,9,58,0.09826,0.37831,0.77263
final,80,9,59,0.09559,0.36666,0.76024
final,80,9,60,0.09295,0.35511,0.7474
final,80,9,61,0.09035,0.3437,0.73414
final,80,9,62,0.08779,0.33245,0.72046
final,80,9,63,0.08527,0.32138,0.70639
final,80,9,64,0.0828,0.3105,0.69195
final,80,9,65,0.08039,0.29982,0.67716
final,80,9,66,0.07804,0.28938,0.66206
final,80,9,67,0.07574,0.27917,0.64669
final,80,9,68,0.0735,0.26921,0.63107
final,80,9,69,0.07133,0.25951,0.61525
final,80,9,70,0.06922,0.25008,0.59926
final,80,9,71,0.06717,0.24093,0.58316
final,80,9,72,0.06519,0.23206,0.56699
final,80,9,73,0.06327,0.22347,0.55078
final,80,9,74,0.06142,0.21518,0.5346
final,80,9,75,0.05964,0.20718,0.51848
final,80,9,76,0.05792,0.19947,0.50246
final,80,9,77,0.05626,0.19205,0.4866
final,80,9,78,0.05467,0.18493,0.47093
final,80,9,79,0.05314,0.17809,0.4555
final,80,9,80,0.05167,0.17153,0.44033
final,80,9,81,0.05026,0.16526,0.42548
final,80,9,82,0.04892,0.15926,0.41095
final,80,9,83,0.04763,0.15353,0.39679
final,80,9,84,0.0464,0.14806,0.38302
final,80,9,85,0.04522,0.14286,0.36966
final,80,9,86,0.0441,0.1379,0.35673
final,80,9,87,0.04304,0.13319,0.34424
final,80,9,88,0.04203,0.12871,0.3322
final,80,9,89,0.04107,0.12447,0.32063
final,80,9,90,0.04016,0.12045,0.30952
final,80,9,91,0.0393,0.11665,0.29888
final,80,9,92,0.03849,0.11306,0.28871
final,80,9,93,0.03773,0.10967,0.27901
final,80,9,94,0.03702,0.10648,0.26977
final,80,9,95,0.03635,0.10348,0.26099
final,80,9,96,0.03574,0.10067,0.25266
final,80,9,97,0.03516,0.09803,0.24478
final,80,9,98,0.03463,0.09556,0.23733
final,80,9,99,0.03415,0.09327,0.23031
final,80,9,100,0.03371,0.09113,0.2237
final,80,9,101,0.03332,0.08915,0.21749
final,80,9,102,0.03297,0.08733,0.21169
final,80,9,103,0.03267,0.08565,0.20626
final,80,9,104,0.03241,0.08412,0.20121
final,80,9,105,0.03219,0.08274,0.19652
final,80,9,106,0.03203,0.08149,0.19219
final,80,9,107,0.0319,0.08038,0.18821
final,80,9,108,0.03183,0.0794,0.18455
final,80,9,109,0.03179,0.07855,0.1812
final,80,9,110,0.0318,0.07781,0.17814
final,80,9,111,0.03185,0.07718,0.17534
final,80,9,112,0.03193,0.07665,0.1728
final,80,9,113,0.03205,0.07621,0.17049
final,80,9,114,0.03221,0.07586,0.16839
final,80,9,115,0.0324,0.0756,0.1665
final,80,9,116,0.03261,0.07541,0.1648
final,80,9,117,0.03286,0.0753,0.16328
final,80,9,118,0.03314,0.07525,0.16191
final,80,9,119,0.03344,0.07527,0.1607
final,80,9,120,0.03377,0.07535,0.15963
final,80,9,121,0.03413,0.07548,0.15869
final,80,9,122,0.0345,0.07566,0.15787
final,80,9,123,0.0349,0.07589,0.15716
final,80,9,124,0.03532,0.07616,0.15654
final,80,9,125,0.03576,0.07647,0.15602
final,80,9,126,0.03621,0.07681,0.15557
final,80,9,127,0.03668,0.07718,0.15519
final,80,9,128,0.03716,0.07758,0.15488
final,80,9,129,0.03766,0.078,0.15461
final,80,9,130,0.03816,0.07844,0.15438
final,80,9,131,0.03868,0.07888,0.15419
final,80,9,132,0.0392,0.07934,0.15401
final,80,9,133,0.03972,0.0798,0.15385
final,80,9,134,0.04025,0.08026,0.15369
final,80,9,135,0.04077,0.08072,0.15353
final,80,9,136,0.0413,0.08116,0.15334
final,80,9,137,0.04182,0.08159,0.15313
final,80,9,138,0.04233,0.08199,0.15289
final,80,9,139,0.04283,0.08237,0.15259
final,80,9,140,0.04333,0.08272,0.15225
final,80,9,141,0.0438,0.08304,0.15184
final,80,9,142,0.04426,0.08331,0.15136
final,80,9,143,0.04469,0.08353,0.15079
final,80,9,144,0.0451,0.0837,0.15014
final,80,9,145,0.04549,0.08382,0.14939
final,80,9,146,0.04584,0.08387,0.14854
final,80,9,147,0.04616,0.08385,0.14758
final,80,9,148,0.04643,0.08376,0.1465
final,80,9,149,0.04667,0.0836,0.1453
final,80,9,150,0.04685,0.08335,0.14399
final,80,9,151,0.04699,0.08302,0.14254
final,80,9,152,0.04707,0.08259,0.14097
final,80,9,153,0.04708,0.08208,0.13927
final,80,9,154,0.04704,0.08146,0.13745
final,80,9,155,0.04692,0.08076,0.13552
final,80,9,156,0.04675,0.07997,0.13351
final,80,9,157,0.04651,0.07912,0.13144
final,80,9,158,0.04622,0.07821,0.12934
final,80,9,159,0.04588,0.07725,0.12722
final,80,9,160,0.04549,0.07626,0.12512
final,80,9,161,0.04506,0.07525,0.12303
final,80,9,162,0.04461,0.07422,0.12099
final,80,9,163,0.04412,0.07318,0.119
final,80,9,164,0.04362,0.07216,0.11707
final,80,9,165,0.04311,0.07114,0.11522
final,80,9,166,0.04259,0.07015,0.11343
final,80,9,167,0.04209,0.06919,0.11173
final,80,9,168,0.04159,0.06827,0.1101
final,80,9,169,0.04112,0.0674,0.10857
final,80,9,170,0.04068,0.06657,0.10711
final,80,9,171,0.04028,0.06581,0.10574
final,80,9,172,0.03992,0.06511,0.10446
final,80,9,173,0.03962,0.06448,0.10326
final,80,9,174,0.03938,0.06393,0.10214
final,80,9,175,0.03922,0.06346,0.10111
final,80,9,176,0.03913,0.06308,0.10016
final,80,9,177,0.03913,0.0628,0.09931
final,80,9,178,0.03922,0.06262,0.09854
final,80,9,179,0.03942,0.06255,0.09787
final,80,9,180,0.03972,0.06259,0.09731
final,80,9,181,0.04014,0.06276,0.09686
final,80,9,182,0.04068,0.06307,0.09654
final,80,9,183,0.04135,0.06351,0.09637
final,80,9,184,0.04215,0.06411,0.09637
final,80,9,185,0.04308,0.06488,0.09659
final,80,9,186,0.04415,0.06582,0.09705
final,80,9,187,0.04535,0.06696,0.09782
final,80,9,188,0.04666,0.06831,0.09898
final,80,9,189,0.04805,0.06989,0.10061
final,80,9,190,0.04951,0.07173,0.10284
final,80,9,191,0.05098,0.07384,0.10581
final,80,9,192,0.05241,0.07626,0.10971
final,105,0,20,0.09395,0.56732,0.94311
final,105,0,21,0.09964,0.5754,0.94316
final,105,0,22,0.10509,0.58238,0.94306
final,105,0,23,0.11026,0.5883,0.94278
final,105,0,24,0.11511,0.59318,0.94234
final,105,0,25,0.11961,0.59707,0.94173
final,105,0,26,0.12375,0.60001,0.94094
final,105,0,27,0.12751,0.60202,0.93997
final,105,0,28,0.13087,0.60315,0.9388
final,105,0,29,0.13382,0.60342,0.93744
final,105,0,30,0.13636,0.60286,0.93587
final,105,0,31,0.1385,0.60149,0.93408
final,105,0,32,0.14023,0.59935,0.93207
final,105,0,33,0.14155,0.59645,0.92982
final,105,0,34,0.14249,0.59282,0.92731
final,105,0,35,0.14305,0.58849,0.92454
final,105,0,36,0.14324,0.58346,0.92148
final,105,0,37,0.14308,0.57777,0.91813
final,105,0,38,0.14258,0.57144,0.91447
final,105,0,39,0.14177,0.56449,0.91048
final,105,0,40,0.14066,0.55694,0.90614
final,105,0,41,0.13927,0.54883,0.90143
final,105,0,42,0.13762,0.54017,0.89634
final,105,0,43,0.13574,0.531,0.89085
final,105,0,44,0.13364,0.52135,0.88494
final,105,0,45,0.13134,0.51125,0.87859
final,105,0,46,0.12888,0.50074,0.87179
final,105,0,47,0.12626,0.48986,0.86452
final,105,0,48,0.12351,0.47864,0.85676
final,105,0,49,0.12065,0.46713,0.8485
final,105,0,50,0.1177,0.45536,0.83974
final,105,0,51,0.11469,0.44339,0.83046
final,105,0,52,0.11162,0.43126,0.82067
final,105,0,53,0.10853,0.41902,0.81035
final,105,0,54,0.10542,0.40671,0.79951
final,105,0,55,0.10232,0.39439,0.78817
final,105,0,56,0.09923,0.38208,0.77632
final,105,0,57,0.09618,0.36985,0.764
final,105,0,58,0.09317,0.35773,0.75121
final,105,0,59,0.09023,0.34577,0.73798
final,105,0,60,0.08735,0.334,0.72434
final,105,0,61,0.08455,0.32245,0.71033
final,105,0,62,0.08183,0.31114,0.69595
final,105,0,63,0.07919,0.30008,0.68125
final,105,0,64,0.07663,0.28928,0.66625
final,105,0,65,0.07415,0.27876,0.65098
final,105,0,66,0.07176,0.26852,0.63547
final,105,0,67,0.06944,0.25858,0.61977
final,105,0,68,0.06721,0.24893,0.60392
final,105,0,69,0.06505,0.23959,0.58795
final,105,0,70,0.06297,0.23055,0.5719
final,105,0,71,0.06097,0.22183,0.55583
final,105,0,72,0.05905,0.21341,0.53978
final,105,0,73,0.0572,0.2053,0.52378
final,105,0,74,0.05543,0.1975,0.50788
final,105,0,75,0.05373,0.19,0.49213
final,105,0,76,0.0521,0.1828,0.47655
final,105,0,77,0.05054,0.1759,0.4612
final,105,0,78,0.04904,0.1693,0.4461
final,105,0,79,0.04761,0.16297,0.43128
final,105,0,80,0.04624,0.15693,0.41678
final,105,0,81,0.04494,0.15116,0.40263
final,105,0,82,0.04369,0.14566,0.38884
final,105,0,83,0.0425,0.14042,0.37544
final,105,0,84,0.04137,0.13543,0.36244
final,105,0,85,0.0403,0.13068,0.34987
final,105,0,86,0.03927,0.12617,0.33772
final,105,0,87,0.0383,0.12188,0.32601
final,105,0,88,0.03738,0.11782,0.31475
final,105,0,89,0.03651,0.11397,0.30394
final,105,0,90,0.03569,0.11033,0.29357
final,105,0,91,0.03491,0.10688,0.28365
final,105,0,92,0.03418,0.10363,0.27418
final,105,0,93,0.03349,0.10056,0.26514
final,105,0,94,0.03284,0.09767,0.25654
final,105,0,95,0.03224,0.09495,0.24837
final,105,0,96,0.03168,0.0924,0.24061
final,105,0,97,0.03115,0.09001,0.23326
final,105,0,98,0.03067,0.08777,0.22632
final,105,0,99,0.03023,0.08568,0.21976
final,105,0,100,0.02983,0.08373,0.21358
final,105,0,101,0.02946,0.08192,0.20777
final,105,0,102,0.02914,0.08025,0.20232
final,105,0,103,0.02885,0.0787,0.19722
final,105,0,104,0.0286,0.07729,0.19245
final,105,0,105,0.02839,0.076,0.18802
final,105,0,106,0.02821,0.07483,0.1839
final,105,0,107,0.02808,0.07378,0.1801
final,105,0,108,0.02798,0.07285,0.17659
final,105,0,109,0.02792,0.07202,0.17336
final,105,0,110,0.02789,0.07129,0.17039
final,105,0,111,0.0279,0.07066,0.16766
final,105,0,112,0.02793,0.07011,0.16516
final,105,0,113,0.028,0.06965,0.16287
final,105,0,114,0.02809,0.06926,0.16078
final,105,0,115,0.02821,0.06895,0.15888
final,105,0,116,0.02836,0.0687,0.15715
final,105,0,117,0.02853,0.06852,0.15558
final,105,0,118,0.02873,0.0684,0.15417
final,105,0,119,0.02895,0.06834,0.1529
final,105,0,120,0.02919,0.06833,0.15176
final,105,0,121,0.02945,0.06837,0.15074
final,105,0,122,0.02973,0.06845,0.14984
final,105,0,123,0.03003,0.06858,0.14904
final,105,0,124,0.03034,0.06875,0.14834
final,105,0,125,0.03067,0.06895,0.14772
final,105,0,126,0.03102,0.06919,0.14719
final,105,0,127,0.03138,0.06946,0.14673
final,105,0,128,0.03176,0.06975,0.14633
final,105,0,129,0.03214,0.07007,0.14599
final,105,0,130,0.03254,0.07041,0.14569
final,105,0,131,0.03295,0.07076,0.14544
final,105,0,132,0.03336,0.07113,0.14521
final,105,0,133,0.03378,0.0715,0.14501
final,105,0,134,0.03421,0.07188,0.14483
final,105,0,135,0.03464,0.07227,0.14465
final,105,0,136,0.03507,0.07265,0.14448
final,105,0,137,0.03551,0.07303,0.14429
final,105,0,138,0.03594,0.0734,0.1441
final,105,0,139,0.03637,0.07376,0.14387
final,105,0,140,0.03679,0.0741,0.14362
final,105,0,141,0.03721,0.07443,0.14333
final,105,0,142,0.03762,0.07472,0.14299
final,105,0,143,0.03802,0.07499,0.1426
final,105,0,144,0.0384,0.07523,0.14215
final,105,0,145,0.03877,0.07543,0.14163
final,105,0,146,0.03913,0.07558,0.14103
final,105,0,147,0.03946,0.0757,0.14036
final,105,0,148,0.03977,0.07576,0.1396
final,105,0,149,0.04005,0.07577,0.13876
final,105,0,150,0.0403,0.07573,0.13782
final,105,0,151,0.04053,0.07562,0.13678
final,105,0,152,0.04071,0.07545,0.13564
final,105,0,153,0.04086,0.07522,0.13441
final,105,0,154,0.04096,0.07491,0.13307
final,105,0,155,0.04102,0.07453,0.13165
final,105,0,156,0.04104,0.07409,0.13015
final,105,0,157,0.04102,0.07361,0.12861
final,105,0,158,0.04096,0.07307,0.12703
final,105,0,159,0.04086,0.0725,0.12544
final,105,0,160,0.04074,0.07191,0.12384
final,105,0,161,0.04058,0.07129,0.12226
final,105,0,162,0.0404,0.07066,0.12071
final,105,0,163,0.04021,0.07002,0.11919
final,105,0,164,0.03999,0.06938,0.11772
final,105,0,165,0.03977,0.06875,0.1163
final,105,0,166,0.03954,0.06814,0.11494
final,105,0,167,0.03931,0.06754,0.11364
final,105,0,168,0.03909,0.06697,0.11241
final,105,0,169,0.03889,0.06644,0.11124
final,105,0,170,0.0387,0.06594,0.11015
final,105,0,171,0.03854,0.06549,0.10912
final,105,0,172,0.03842,0.06508,0.10817
final,105,0,173,0.03833,0.06473,0.10729
final,105,0,174,0.03829,0.06444,0.10648
final,105,0,175,0.0383,0.06422,0.10575
final,105,0,176,0.03837,0.06407,0.10509
final,105,0,177,0.03851,0.06399,0.10452
final,105,0,178,0.03871,0.064,0.10402
final,105,0,179,0.039,0.0641,0.10361
final,105,0,180,0.03937,0.0643,0.1033
final,105,0,181,0.03983,0.0646,0.1031
final,105,0,182,0.04039,0.065,0.10301
final,105,0,183,0.04105,0.06553,0.10306
final,105,0,184,0.04181,0.06619,0.10327
final,105,0,185,0.04267,0.06699,0.10366
final,105,0,186,0.04364,0.06793,0.10428
final,105,0,187,0.0447,0.06904,0.10518
final,105,0,188,0.04585,0.07033,0.1064
final,105,0,189,0.04708,0.0718,0.10804
final,105,0,190,0.04835,0.07348,0.11017
final,105,0,191,0.04964,0.07539,0.11292
final,105,0,192,0.05092,0.07755,0.11642
no_batch,20,0,20,0.2769,0.51836,0.75153
no_batch,20,0,21,0.30964,0.54409,0.7605
no_batch,20,0,22,0.3407,0.56719,0.7687
no_batch,20,0,23,0.36948,0.5877,0.77615
no_batch,20,0,24,0.39561,0.6057,0.78286
no_batch,20,0,25,0.41883,0.62132,0.78884
no_batch,20,0,26,0.43907,0.63469,0.79408
no_batch,20,0,27,0.45635,0.64594,0.79859
no_batch,20,0,28,0.47077,0.6552,0.80234
no_batch,20,0,29,0.48247,0.6626,0.80533
no_batch,20,0,30,0.49164,0.66825,0.80753
no_batch,20,0,31,0.49845,0.67226,0.80893
no_batch,20,0,32,0.50309,0.67472,0.80952
no_batch,20,0,33,0.50572,0.67571,0.80928
no_batch,20,0,34,0.5065,0.67529,0.80821
no_batch,20,0,35,0.50558,0.67353,0.80629
no_batch,20,0,36,0.50309,0.67048,0.80351
no_batch,20,0,37,0.49913,0.66618,0.79985
no_batch,20,0,38,0.49383,0.66067,0.79532
no_batch,20,0,39,0.48727,0.654,0.78988
no_batch,20,0,40,0.47955,0.64619,0.78355
no_batch,20,0,41,0.47076,0.63727,0.7763
no_batch,20,0,42,0.46097,0.6273,0.76813
no_batch,20,0,43,0.45027,0.61631,0.75904
no_batch,20,0,44,0.43875,0.60435,0.74904
no_batch,20,0,45,0.42649,0.59147,0.73813
no_batch,20,0,46,0.41358,0.57772,0.72633
no_batch,20,0,47,0.40011,0.56319,0.71367
no_batch,20,0,48,0.38618,0.54795,0.70019
no_batch,20,0,49,0.37189,0.53208,0.68592
no_batch,20,0,50,0.35734,0.51568,0.67093
no_batch,20,0,51,0.34264,0.49885,0.65529
no_batch,20,0,52,0.32788,0.4817,0.63906
no_batch,20,0,53,0.31318,0.46434,0.62234
no_batch,20,0,54,0.29864,0.44688,0.60521
no_batch,20,0,55,0.28434,0.42944,0.58777
no_batch,20,0,56,0.2704,0.41214,0.57011
no_batch,20,0,57,0.25688,0.39507,0.55235
no_batch,20,0,58,0.24387,0.37836,0.53458
no_batch,20,0,59,0.23142,0.36208,0.5169
no_batch,20,0,60,0.2196,0.34633,0.4994
no_batch,20,0,61,0.20845,0.33119,0.48218
no_batch,20,0,62,0.19797,0.31669,0.4653
no_batch,20,0,63,0.18815,0.30284,0.44878
no_batch,20,0,64,0.17896,0.28961,0.43264
no_batch,20,0,65,0.17035,0.27702,0.4169
no_batch,20,0,66,0.16231,0.26502,0.40158
no_batch,20,0,67,0.15479,0.25363,0.38669
no_batch,20,0,68,0.14778,0.2428,0.37225
no_batch,20,0,69,0.14122,0.23253,0.35825
no_batch,20,0,70,0.13511,0.2228,0.34472
no_batch,20,0,71,0.12939,0.21357,0.33166
no_batch,20,0,72,0.12406,0.20484,0.31906
no_batch,20,0,73,0.11908,0.19658,0.30694
no_batch,20,0,74,0.11443,0.18877,0.2953
no_batch,20,0,75,0.11008,0.18138,0.28412
no_batch,20,0,76,0.10602,0.1744,0.27341
no_batch,20,0,77,0.10221,0.16781,0.26316
no_batch,20,0,78,0.09865,0.16158,0.25336
no_batch,20,0,79,0.09532,0.1557,0.24401
no_batch,20,0,80,0.09219,0.15014,0.2351
no_batch,20,0,81,0.08925,0.1449,0.22661
no_batch,20,0,82,0.0865,0.13995,0.21854
no_batch,20,0,83,0.08391,0.13528,0.21088
no_batch,20,0,84,0.08147,0.13088,0.2036
no_batch,20,0,85,0.07918,0.12672,0.1967
no_batch,20,0,86,0.07702,0.1228,0.19017
no_batch,20,0,87,0.07499,0.11909,0.18399
no_batch,20,0,88,0.07307,0.1156,0.17814
no_batch,20,0,89,0.07126,0.11231,0.17262
no_batch,20,0,90,0.06955,0.10921,0.16741
no_batch,20,0,91,0.06793,0.10628,0.1625
no_batch,20,0,92,0.0664,0.10352,0.15786
no_batch,20,0,93,0.06496,0.10091,0.1535
no_batch,20,0,94,0.0636,0.09846,0.14939
no_batch,20,0,95,0.06231,0.09615,0.14552
no_batch,20,0,96,0.0611,0.09398,0.14188
no_batch,20,0,97,0.05995,0.09193,0.13846
no_batch,20,0,98,0.05887,0.09,0.13524
no_batch,20,0,99,0.05785,0.08819,0.13222
no_batch,20,0,100,0.05689,0.08649,0.12937
no_batch,20,0,101,0.056,0.08489,0.1267
no_batch,20,0,102,0.05516,0.08339,0.12419
no_batch,20,0,103,0.05437,0.08199,0.12183
no_batch,20,0,104,0.05364,0.08067,0.11961
no_batch,20,0,105,0.05297,0.07945,0.11752
no_batch,20,0,106,0.05234,0.0783,0.11556
no_batch,20,0,107,0.05177,0.07723,0.11371
no_batch,20,0,108,0.05124,0.07623,0.11198
no_batch,20,0,109,0.05076,0.07531,0.11036
no_batch,20,0,110,0.05032,0.07446,0.10884
no_batch,20,0,111,0.04993,0.07367,0.10743
no_batch,20,0,112,0.04958,0.07295,0.10612
no_batch,20,0,113,0.04926,0.07229,0.10491
no_batch,20,0,114,0.04898,0.07169,0.10379
no_batch,20,0,115,0.04873,0.07115,0.10278
no_batch,20,0,116,0.04851,0.07067,0.10186
no_batch,20,0,117,0.04833,0.07024,0.10103
no_batch,20,0,118,0.04817,0.06987,0.1003
no_batch,20,0,119,0.04804,0.06954,0.09966
no_batch,20,0,120,0.04793,0.06927,0.09912
no_batch,20,0,121,0.04785,0.06905,0.09866
no_batch,20,0,122,0.04779,0.06888,0.0983
no_batch,20,0,123,0.04776,0.06875,0.09803
no_batch,20,0,124,0.04775,0.06868,0.09784
no_batch,20,0,125,0.04775,0.06865,0.09774
no_batch,20,0,126,0.04779,0.06866,0.09772
no_batch,20,0,127,0.04784,0.06872,0.09778
no_batch,20,0,128,0.04792,0.06883,0.09792
no_batch,20,0,129,0.04802,0.06898,0.09814
no_batch,20,0,130,0.04815,0.06918,0.09844
no_batch,20,0,131,0.0483,0.06942,0.0988
no_batch,20,0,132,0.04848,0.0697,0.09924
no_batch,20,0,133,0.04869,0.07003,0.09974
no_batch,20,0,134,0.04893,0.0704,0.1003
no_batch,20,0,135,0.0492,0.07082,0.10091
no_batch,20,0,136,0.04951,0.07128,0.10158
no_batch,20,0,137,0.04986,0.07178,0.10231
no_batch,20,0,138,0.05025,0.07233,0.10307
no_batch,20,0,139,0.05067,0.07293,0.10388
no_batch,20,0,140,0.05115,0.07357,0.10473
no_batch,20,0,141,0.05167,0.07425,0.10561
no_batch,20,0,142,0.05224,0.07499,0.10653
no_batch,20,0,143,0.05286,0.07576,0.10747
no_batch,20,0,144,0.05354,0.07659,0.10843
no_batch,20,0,145,0.05428,0.07747,0.10941
no_batch,20,0,146,0.05508,0.07839,0.11041
no_batch,20,0,147,0.05594,0.07936,0.11143
no_batch,20,0,148,0.05687,0.08039,0.11246
no_batch,20,0,149,0.05787,0.08146,0.1135
no_batch,20,0,150,0.05894,0.08259,0.11456
no_batch,20,0,151,0.06009,0.08377,0.11563
no_batch,20,0,152,0.0613,0.085,0.11672
no_batch,20,0,153,0.06258,0.08629,0.11784
no_batch,20,0,154,0.06393,0.08763,0.11898
no_batch,20,0,155,0.06533,0.08901,0.12017
no_batch,20,0,156,0.06676,0.09043,0.1214
no_batch,20,0,157,0.0682,0.09187,0.12267
no_batch,20,0,158,0.06965,0.09334,0.12401
no_batch,20,0,159,0.07107,0.09481,0.1254
no_batch,20,0,160,0.07246,0.09628,0.12686
no_batch,20,0,161,0.07379,0.09774,0.12838
no_batch,20,0,162,0.07504,0.09917,0.12996
no_batch,20,0,163,0.07622,0.10057,0.13159
no_batch,20,0,164,0.07729,0.10192,0.13326
no_batch,20,0,165,0.07826,0.10321,0.13496
no_batch,20,0,166,0.07911,0.10443,0.13665
no_batch,20,0,167,0.07985,0.10556,0.13831
no_batch,20,0,168,0.08046,0.10659,0.13992
no_batch,20,0,169,0.08096,0.10751,0.14143
no_batch,20,0,170,0.08134,0.1083,0.14281
no_batch,20,0,171,0.08161,0.10895,0.14402
no_batch,20,0,172,0.08177,0.10945,0.14503
no_batch,20,0,173,0.08182,0.10978,0.14578
no_batch,20,0,174,0.08177,0.10993,0.14625
no_batch,20,0,175,0.08162,0.10989,0.1464
no_batch,20,0,176,0.08137,0.10965,0.14619
no_batch,20,0,177,0.08102,0.1092,0.14561
no_batch,20,0,178,0.08058,0.10852,0.14463
no_batch,20,0,179,0.08004,0.10762,0.14323
no_batch,20,0,180,0.07939,0.10649,0.14141
no_batch,20,0,181,0.07862,0.10511,0.13918
no_batch,20,0,182,0.07773,0.1035,0.13656
no_batch,20,0,183,0.07669,0.10165,0.13357
no_batch,20,0,184,0.07548,0.09957,0.13026
no_batch,20,0,185,0.07407,0.09725,0.12669
no_batch,20,0,186,0.07242,0.0947,0.12293
no_batch,20,0,187,0.07048,0.09194,0.11909
no_batch,20,0,188,0.06821,0.08897,0.11526
no_batch,20,0,189,0.06557,0.08581,0.11155
no_batch,20,0,190,0.06252,0.08248,0.10807
no_batch,20,0,191,0.05906,0.07899,0.1049
no_batch,20,0,192,0.05522,0.07537,0.10207
no_batch,20,1,20,0.0271,0.44095,0.95715
no_batch,20,1,21,0.02859,0.4398,0.95442
no_batch,20,1,22,0.03009,0.43841,0.95157
no_batch,20,1,23,0.03158,0.4368,0.94858
no_batch,20,1,24,0.03307,0.43497,0.94544
no_batch,20,1,25,0.03455,0.43293,0.94216
no_batch,20,1,26,0.03601,0.43068,0.93872
no_batch,20,1,27,0.03747,0.42824,0.93511
no_batch,20,1,28,0.0389,0.42559,0.93133
no_batch,20,1,29,0.04032,0.42276,0.92736
no_batch,20,1,30,0.04172,0.41975,0.9232
no_batch,20,1,31,0.0431,0.41657,0.91883
no_batch,20,1,32,0.04445,0.41322,0.91425
no_batch,20,1,33,0.04577,0.40971,0.90945
no_batch,20,1,34,0.04706,0.40604,0.90442
no_batch,20,1,35,0.04833,0.40223,0.89915
no_batch,20,1,36,0.04956,0.39828,0.89364
no_batch,20,1,37,0.05076,0.3942,0.88788
no_batch,20,1,38,0.05192,0.38999,0.88185
no_batch,20,1,39,0.05304,0.38567,0.87557
no_batch,20,1,40,0.05412,0.38124,0.86901
no_batch,20,1,41,0.05516,0.3767,0.86218
no_batch,20,1,42,0.05616,0.37207,0.85508
no_batch,20,1,43,0.05712,0.36735,0.8477
no_batch,20,1,44,0.05803,0.36256,0.84004
no_batch,20,1,45,0.05889,0.35769,0.83211
no_batch,20,1,46,0.0597,0.35276,0.8239
no_batch,20,1,47,0.06046,0.34777,0.81542
no_batch,20,1,48,0.06118,0.34273,0.80668
no_batch,20,1,49,0.06184,0.33765,0.79767
no_batch,20,1,50,0.06246,0.33254,0.78841
no_batch,20,1,51,0.06302,0.3274,0.7789
no_batch,20,1,52,0.06354,0.32225,0.76916
no_batch,20,1,53,0.064,0.31708,0.75918
no_batch,20,1,54,0.06442,0.3119,0.74899
no_batch,20,1,55,0.0648,0.30673,0.73858
no_batch,20,1,56,0.06513,0.30157,0.72797
no_batch,20,1,57,0.06542,0.29642,0.71717
no_batch,20,1,58,0.06567,0.29129,0.7062
no_batch,20,1,59,0.06589,0.2862,0.69505
no_batch,20,1,60,0.06607,0.28113,0.68374
no_batch,20,1,61,0.06622,0.27611,0.67229
no_batch,20,1,62,0.06635,0.27113,0.66069
no_batch,20,1,63,0.06644,0.26619,0.64898
no_batch,20,1,64,0.06652,0.2613,0.63715
no_batch,20,1,65,0.06657,0.25646,0.62522
no_batch,20,1,66,0.0666,0.25168,0.61321
no_batch,20,1,67,0.0666,0.24695,0.60113
no_batch,20,1,68,0.06659,0.24228,0.58901
no_batch,20,1,69,0.06656,0.23768,0.57684
no_batch,20,1,70,0.06651,0.23313,0.56467
no_batch,20,1,71,0.06645,0.22866,0.55249
no_batch,20,1,72,0.06637,0.22425,0.54034
no_batch,20,1,73,0.06627,0.21991,0.52822
no_batch,20,1,74,0.06616,0.21564,0.51616
no_batch,20,1,75,0.06604,0.21144,0.50418
no_batch,20,1,76,0.0659,0.20732,0.49228
no_batch,20,1,77,0.06575,0.20327,0.4805
no_batch,20,1,78,0.06559,0.1993,0.46884
no_batch,20,1,79,0.06541,0.1954,0.45732
no_batch,20,1,80,0.06522,0.19159,0.44597
no_batch,20,1,81,0.06503,0.18785,0.43478
no_batch,20,1,82,0.06482,0.18419,0.42378
no_batch,20,1,83,0.0646,0.18061,0.41298
no_batch,20,1,84,0.06437,0.1771,0.40239
no_batch,20,1,85,0.06412,0.17368,0.39202
no_batch,20,1,86,0.06387,0.17034,0.38187
no_batch,20,1,87,0.06361,0.16708,0.37197
no_batch,20,1,88,0.06335,0.16389,0.36231
no_batch,20,1,89,0.06307,0.16079,0.35289
no_batch,20,1,90,0.06279,0.15777,0.34373
no_batch,20,1,91,0.0625,0.15482,0.33483
no_batch,20,1,92,0.0622,0.15195,0.32618
no_batch,20,1,93,0.0619,0.14917,0.31779
no_batch,20,1,94,0.06159,0.14645,0.30966
no_batch,20,1,95,0.06128,0.14382,0.30179
no_batch,20,1,96,0.06097,0.14126,0.29417
no_batch,20,1,97,0.06065,0.13878,0.2868
no_batch,20,1,98,0.06034,0.13637,0.27968
no_batch,20,1,99,0.06003,0.13404,0.2728
no_batch,20,1,100,0.05972,0.13178,0.26616
no_batch,20,1,101,0.05942,0.12959,0.25975
no_batch,20,1,102,0.05912,0.12747,0.25356
no_batch,20,1,103,0.05883,0.12543,0.2476
no_batch,20,1,104,0.05855,0.12346,0.24185
no_batch,20,1,105,0.05828,0.12155,0.2363
no_batch,20,1,106,0.05802,0.11972,0.23095
no_batch,20,1,107,0.05777,0.11795,0.22579
no_batch,20,1,108,0.05754,0.11625,0.22082
no_batch,20,1,109,0.05733,0.11461,0.21602
no_batch,20,1,110,0.05713,0.11304,0.21139
no_batch,20,1,111,0.05695,0.11153,0.20693
no_batch,20,1,112,0.05678,0.11007,0.20263
no_batch,20,1,113,0.05663,0.10867,0.19848
no_batch,20,1,114,0.05649,0.10733,0.19448
no_batch,20,1,115,0.05637,0.10604,0.19063
no_batch,20,1,116,0.05626,0.1048,0.18691
no_batch,20,1,117,0.05617,0.10361,0.18333
no_batch,20,1,118,0.05609,0.10246,0.17988
no_batch,20,1,119,0.05602,0.10137,0.17656
no_batch,20,1,120,0.05596,0.10032,0.17336
no_batch,20,1,121,0.05592,0.09931,0.17029
no_batch,20,1,122,0.05589,0.09835,0.16733
no_batch,20,1,123,0.05587,0.09742,0.16449
no_batch,20,1,124,0.05587,0.09654,0.16176
no_batch,20,1,125,0.05587,0.0957,0.15913
no_batch,20,1,126,0.05588,0.09489,0.15662
no_batch,20,1,127,0.05591,0.09412,0.1542
no_batch,20,1,128,0.05594,0.09339,0.15189
no_batch,20,1,129,0.05598,0.09269,0.14967
no_batch,20,1,130,0.05603,0.09203,0.14755
no_batch,20,1,131,0.05609,0.0914,0.14552
no_batch,20,1,132,0.05615,0.0908,0.14358
no_batch,20,1,133,0.05623,0.09024,0.14173
no_batch,20,1,134,0.05631,0.0897,0.13996
no_batch,20,1,135,0.05639,0.08919,0.13828
no_batch,20,1,136,0.05649,0.08872,0.13667
no_batch,20,1,137,0.05659,0.08827,0.13514
no_batch,20,1,138,0.0567,0.08785,0.13369
no_batch,20,1,139,0.05681,0.08746,0.13232
no_batch,20,1,140,0.05693,0.08709,0.13101
no_batch,20,1,141,0.05706,0.08675,0.12977
no_batch,20,1,142,0.05719,0.08644,0.12861
no_batch,20,1,143,0.05733,0.08615,0.12751
no_batch,20,1,144,0.05747,0.08589,0.12648
no_batch,20,1,145,0.05761,0.08565,0.12551
no_batch,20,1,146,0.05776,0.08543,0.12461
no_batch,20,1,147,0.05791,0.08524,0.12378
no_batch,20,1,148,0.05806,0.08507,0.12301
no_batch,20,1,149,0.05821,0.08493,0.12232
no_batch,20,1,150,0.05835,0.0848,0.12169
no_batch,20,1,151,0.05849,0.0847,0.12114
no_batch,20,1,152,0.05862,0.08462,0.12066
no_batch,20,1,153,0.05874,0.08456,0.12027
no_batch,20,1,154,0.05885,0.08452,0.11996
no_batch,20,1,155,0.05893,0.0845,0.11975
no_batch,20,1,156,0.05899,0.0845,0.11963
no_batch,20,1,157,0.05903,0.08452,0.11961
no_batch,20,1,158,0.05904,0.08455,0.11968
no_batch,20,1,159,0.05902,0.0846,0.11985
no_batch,20,1,160,0.05898,0.08467,0.12011
no_batch,20,1,161,0.05891,0.08474,0.12046
no_batch,20,1,162,0.05882,0.08483,0.12088
no_batch,20,1,163,0.05871,0.08494,0.12137
no_batch,20,1,164,0.05858,0.08505,0.12192
no_batch,20,1,165,0.05845,0.08517,0.12251
no_batch,20,1,166,0.05832,0.0853,0.12313
no_batch,20,1,167,0.05819,0.08543,0.12376
no_batch,20,1,168,0.05807,0.08557,0.12439
no_batch,20,1,169,0.05797,0.08572,0.12499
no_batch,20,1,170,0.05789,0.08587,0.12556
no_batch,20,1,171,0.05785,0.08602,0.12607
no_batch,20,1,172,0.05784,0.08617,0.12651
no_batch,20,1,173,0.05789,0.08633,0.12686
no_batch,20,1,174,0.05798,0.08648,0.12709
no_batch,20,1,175,0.05813,0.08663,0.1272
no_batch,20,1,176,0.05835,0.08677,0.12716
no_batch,20,1,177,0.05864,0.08691,0.12697
no_batch,20,1,178,0.05901,0.08705,0.12661
no_batch,20,1,179,0.05947,0.08718,0.12607
no_batch,20,1,180,0.06001,0.0873,0.12534
no_batch,20,1,181,0.06064,0.08741,0.12442
no_batch,20,1,182,0.06138,0.08751,0.1233
no_batch,20,1,183,0.06221,0.0876,0.122
no_batch,20,1,184,0.06314,0.08767,0.12052
no_batch,20,1,185,0.06415,0.08773,0.11888
no_batch,20,1,186,0.06525,0.08778,0.11711
no_batch,20,1,187,0.0664,0.08781,0.11527
no_batch,20,1,188,0.06756,0.08782,0.11342
no_batch,20,1,189,0.06865,0.08781,0.11167
no_batch,20,1,190,0.06959,0.08778,0.11017
no_batch,20,1,191,0.07022,0.08773,0.1091
no_batch,20,1,192,0.07038,0.08766,0.1087
no_batch,20,2,20,0.38402,0.5677,0.73448
no_batch,20,2,21,0.41728,0.59112,0.74481
no_batch,20,2,22,0.4472,0.61182,0.75435
no_batch,20,2,23,0.47356,0.62993,0.76309
no_batch,20,2,24,0.49631,0.6456,0.77104
no_batch,20,2,25,0.51555,0.65897,0.77819
no_batch,20,2,26,0.53146,0.6702,0.78451
no_batch,20,2,27,0.54429,0.67944,0.78997
no_batch,20,2,28,0.5543,0.68682,0.79455
no_batch,20,2,29,0.56175,0.69248,0.79822
no_batch,20,2,30,0.56687,0.69651,0.80097
no_batch,20,2,31,0.5699,0.69902,0.80279
no_batch,20,2,32,0.571,0.70008,0.80367
no_batch,20,2,33,0.57034,0.69977,0.80362
no_batch,20,2,34,0.56807,0.69814,0.80265
no_batch,20,2,35,0.56428,0.69524,0.80074
no_batch,20,2,36,0.55908,0.69112,0.79791
no_batch,20,2,37,0.55256,0.6858,0.79415
no_batch,20,2,38,0.54478,0.67933,0.78949
no_batch,20,2,39,0.5358,0.67173,0.78391
no_batch,20,2,40,0.52571,0.66303,0.77743
no_batch,20,2,41,0.51455,0.65326,0.77005
no_batch,20,2,42,0.50238,0.64245,0.76179
no_batch,20,2,43,0.48929,0.63065,0.75267
no_batch,20,2,44,0.47533,0.61789,0.74269
no_batch,20,2,45,0.46059,0.60424,0.7319
no_batch,20,2,46,0.44516,0.58975,0.72032
no_batch,20,2,47,0.42914,0.57448,0.708
no_batch,20,2,48,0.41264,0.55853,0.69498
no_batch,20,2,49,0.39577,0.54199,0.68131
no_batch,20,2,50,0.37866,0.52494,0.66706
no_batch,20,2,51,0.36143,0.5075,0.6523
no_batch,20,2,52,0.34422,0.48978,0.6371
no_batch,20,2,53,0.32715,0.4719,0.62153
no_batch,20,2,54,0.31035,0.45397,0.60567
no_batch,20,2,55,0.29394,0.43611,0.58962
no_batch,20,2,56,0.27803,0.41844,0.57344
no_batch,20,2,57,0.26272,0.40108,0.55723
no_batch,20,2,58,0.24809,0.38412,0.54107
no_batch,20,2,59,0.2342,0.36766,0.52503
no_batch,20,2,60,0.22112,0.3518,0.50921
no_batch,20,2,61,0.20888,0.3366,0.49367
no_batch,20,2,62,0.19748,0.3221,0.47847
no_batch,20,2,63,0.18688,0.30829,0.46361
no_batch,20,2,64,0.17703,0.29517,0.44912
no_batch,20,2,65,0.16788,0.2827,0.435
no_batch,20,2,66,0.1594,0.27088,0.42126
no_batch,20,2,67,0.15153,0.25968,0.40791
no_batch,20,2,68,0.14422,0.24907,0.39497
no_batch,20,2,69,0.13745,0.23904,0.38244
no_batch,20,2,70,0.13116,0.22956,0.37032
no_batch,20,2,71,0.12532,0.2206,0.35863
no_batch,20,2,72,0.11989,0.21214,0.34736
no_batch,20,2,73,0.11484,0.20415,0.33651
no_batch,20,2,74,0.11014,0.19661,0.32609
no_batch,20,2,75,0.10577,0.1895,0.3161
no_batch,20,2,76,0.10168,0.18279,0.30652
no_batch,20,2,77,0.09787,0.17647,0.29737
no_batch,20,2,78,0.09431,0.1705,0.28863
no_batch,20,2,79,0.09097,0.16487,0.28029
no_batch,20,2,80,0.08785,0.15956,0.27235
no_batch,20,2,81,0.08492,0.15456,0.2648
no_batch,20,2,82,0.08216,0.14984,0.25763
no_batch,20,2,83,0.07957,0.14539,0.25083
no_batch,20,2,84,0.07712,0.14119,0.2444
no_batch,20,2,85,0.07482,0.13723,0.23831
no_batch,20,2,86,0.07264,0.1335,0.23255
no_batch,20,2,87,0.07058,0.12998,0.22713
no_batch,20,2,88,0.06864,0.12665,0.22201
no_batch,20,2,89,0.06679,0.12351,0.2172
no_batch,20,2,90,0.06504,0.12055,0.21267
no_batch,20,2,91,0.06338,0.11776,0.20841
no_batch,20,2,92,0.0618,0.11512,0.20442
no_batch,20,2,93,0.0603,0.11263,0.20068
no_batch,20,2,94,0.05887,0.11028,0.19717
no_batch,20,2,95,0.05751,0.10806,0.19389
no_batch,20,2,96,0.05622,0.10596,0.19081
no_batch,20,2,97,0.05499,0.10398,0.18794
no_batch,20,2,98,0.05381,0.10211,0.18526
no_batch,20,2,99,0.0527,0.10034,0.18275
no_batch,20,2,100,0.05163,0.09867,0.18041
no_batch,20,2,101,0.05062,0.09709,0.17822
no_batch,20,2,102,0.04965,0.0956,0.17618
no_batch,20,2,103,0.04873,0.09419,0.17428
no_batch,20,2,104,0.04786,0.09286,0.17251
no_batch,20,2,105,0.04702,0.0916,0.17087
no_batch,20,2,106,0.04623,0.09041,0.16934
no_batch,20,2,107,0.04546,0.08929,0.16791
no_batch,20,2,108,0.04474,0.08822,0.1666
no_batch,20,2,109,0.04404,0.08721,0.16539
no_batch,20,2,110,0.04337,0.08626,0.16428
no_batch,20,2,111,0.04273,0.08536,0.16327
no_batch,20,2,112,0.04211,0.0845,0.16236
no_batch,20,2,113,0.04151,0.08369,0.16154
no_batch,20,2,114,0.04092,0.08293,0.16082
no_batch,20,2,115,0.04036,0.0822,0.16019
no_batch,20,2,116,0.0398,0.08151,0.15965
no_batch,20,2,117,0.03926,0.08085,0.1592
no_batch,20,2,118,0.03873,0.08023,0.15883
no_batch,20,2,119,0.03822,0.07964,0.15855
no_batch,20,2,120,0.03771,0.07907,0.15834
no_batch,20,2,121,0.03721,0.07853,0.1582
no_batch,20,2,122,0.03671,0.07801,0.15814
no_batch,20,2,123,0.03623,0.07751,0.15813
no_batch,20,2,124,0.03575,0.07704,0.15819
no_batch,20,2,125,0.03528,0.07658,0.15829
no_batch,20,2,126,0.03482,0.07614,0.15844
no_batch,20,2,127,0.03436,0.07571,0.15862
no_batch,20,2,128,0.03391,0.07529,0.15884
no_batch,20,2,129,0.03347,0.07488,0.15908
no_batch,20,2,130,0.03304,0.07448,0.15933
no_batch,20,2,131,0.03262,0.07409,0.15959
no_batch,20,2,132,0.03221,0.0737,0.15984
no_batch,20,2,133,0.0318,0.07332,0.16009
no_batch,20,2,134,0.03141,0.07294,0.16031
no_batch,20,2,135,0.03102,0.07256,0.1605
no_batch,20,2,136,0.03065,0.07218,0.16066
no_batch,20,2,137,0.03028,0.07179,0.16077
no_batch,20,2,138,0.02993,0.07141,0.16082
no_batch,20,2,139,0.02959,0.07101,0.16081
no_batch,20,2,140,0.02926,0.07061,0.16073
no_batch,20,2,141,0.02894,0.0702,0.16056
no_batch,20,2,142,0.02863,0.06979,0.16032
no_batch,20,2,143,0.02834,0.06936,0.15998
no_batch,20,2,144,0.02805,0.06892,0.15954
no_batch,20,2,145,0.02778,0.06846,0.159
no_batch,20,2,146,0.02751,0.06799,0.15835
no_batch,20,2,147,0.02725,0.06751,0.1576
no_batch,20,2,148,0.027,0.06701,0.15674
no_batch,20,2,149,0.02676,0.06649,0.15577
no_batch,20,2,150,0.02652,0.06595,0.15469
no_batch,20,2,151,0.02629,0.0654,0.15351
no_batch,20,2,152,0.02605,0.06482,0.15224
no_batch,20,2,153,0.02582,0.06422,0.15087
no_batch,20,2,154,0.02559,0.0636,0.14944
no_batch,20,2,155,0.02535,0.06297,0.14796
no_batch,20,2,156,0.0251,0.06233,0.14648
no_batch,20,2,157,0.02485,0.06168,0.145
no_batch,20,2,158,0.02459,0.06104,0.14355
no_batch,20,2,159,0.02433,0.0604,0.14215
no_batch,20,2,160,0.02406,0.05976,0.14082
no_batch,20,2,161,0.02378,0.05914,0.13956
no_batch,20,2,162,0.0235,0.05853,0.1384
no_batch,20,2,163,0.02321,0.05794,0.13733
no_batch,20,2,164,0.02293,0.05737,0.13636
no_batch,20,2,165,0.02264,0.05683,0.13549
no_batch,20,2,166,0.02236,0.05632,0.13474
no_batch,20,2,167,0.02209,0.05584,0.13408
no_batch,20,2,168,0.02183,0.05539,0.13354
no_batch,20,2,169,0.02158,0.05499,0.13309
no_batch,20,2,170,0.02134,0.05462,0.13275
no_batch,20,2,171,0.02113,0.0543,0.1325
no_batch,20,2,172,0.02093,0.05402,0.13235
no_batch,20,2,173,0.02076,0.05379,0.1323
no_batch,20,2,174,0.02061,0.05362,0.13235
no_batch,20,2,175,0.02049,0.0535,0.1325
no_batch,20,2,176,0.02039,0.05344,0.13277
no_batch,20,2,177,0.02033,0.05344,0.13317
no_batch,20,2,178,0.02029,0.05351,0.13371
no_batch,20,2,179,0.02027,0.05364,0.13442
no_batch,20,2,180,0.02028,0.05386,0.13532
no_batch,20,2,181,0.02032,0.05415,0.13647
no_batch,20,2,182,0.02036,0.05452,0.1379
no_batch,20,2,183,0.02042,0.05498,0.13968
no_batch,20,2,184,0.02048,0.05554,0.14189
no_batch,20,2,185,0.02054,0.05619,0.14462
no_batch,20,2,186,0.02057,0.05696,0.14798
no_batch,20,2,187,0.02058,0.05784,0.1521
no_batch,20,2,188,0.02054,0.05884,0.15714
no_batch,20,2,189,0.02044,0.05998,0.16328
no_batch,20,2,190,0.02027,0.06126,0.17074
no_batch,20,2,191,0.02001,0.0627,0.17977
no_batch,20,2,192,0.01966,0.06431,0.19067
no_batch,20,3,20,0.21881,0.62458,0.9081
no_batch,20,3,21,0.22313,0.6181,0.90119
no_batch,20,3,22,0.2262,0.61145,0.89442
no_batch,20,3,23,0.2281,0.60463,0.88782
no_batch,20,3,24,0.22891,0.59764,0.8814
no_batch,20,3,25,0.22876,0.5905,0.87516
no_batch,20,3,26,0.22775,0.5832,0.86909
no_batch,20,3,27,0.22601,0.57575,0.86315
no_batch,20,3,28,0.22365,0.56816,0.85732
no_batch,20,3,29,0.22078,0.56043,0.85157
no_batch,20,3,30,0.21749,0.55257,0.84586
no_batch,20,3,31,0.21388,0.54459,0.84015
no_batch,20,3,32,0.21002,0.53648,0.83441
no_batch,20,3,33,0.20598,0.52827,0.8286
no_batch,20,3,34,0.20181,0.51996,0.82271
no_batch,20,3,35,0.19756,0.51156,0.8167
no_batch,20,3,36,0.19326,0.50307,0.81054
no_batch,20,3,37,0.18894,0.49451,0.80423
no_batch,20,3,38,0.18463,0.48588,0.79775
no_batch,20,3,39,0.18034,0.4772,0.79108
no_batch,20,3,40,0.17608,0.46847,0.78423
no_batch,20,3,41,0.17186,0.4597,0.77719
no_batch,20,3,42,0.16769,0.45091,0.76996
no_batch,20,3,43,0.16356,0.4421,0.76254
no_batch,20,3,44,0.15948,0.43328,0.75494
no_batch,20,3,45,0.15545,0.42447,0.74717
no_batch,20,3,46,0.15146,0.41567,0.73924
no_batch,20,3,47,0.14753,0.4069,0.73116
no_batch,20,3,48,0.14363,0.39816,0.72294
no_batch,20,3,49,0.13979,0.38946,0.7146
no_batch,20,3,50,0.136,0.38081,0.70615
no_batch,20,3,51,0.13225,0.37223,0.6976
no_batch,20,3,52,0.12856,0.36372,0.68895
no_batch,20,3,53,0.12493,0.35529,0.68022
no_batch,20,3,54,0.12136,0.34695,0.67142
no_batch,20,3,55,0.11786,0.3387,0.66254
no_batch,20,3,56,0.11443,0.33056,0.6536
no_batch,20,3,57,0.11109,0.32252,0.64458
no_batch,20,3,58,0.10783,0.31461,0.63548
no_batch,20,3,59,0.10466,0.30682,0.6263
no_batch,20,3,60,0.10159,0.29915,0.61704
no_batch,20,3,61,0.09863,0.29163,0.60767
no_batch,20,3,62,0.09578,0.28424,0.5982
no_batch,20,3,63,0.09303,0.27699,0.58862
no_batch,20,3,64,0.0904,0.26989,0.57893
no_batch,20,3,65,0.08786,0.26293,0.56915
no_batch,20,3,66,0.08543,0.25612,0.55928
no_batch,20,3,67,0.0831,0.24946,0.54932
no_batch,20,3,68,0.08086,0.24295,0.53929
no_batch,20,3,69,0.07872,0.23659,0.5292
no_batch,20,3,70,0.07666,0.23038,0.51906
no_batch,20,3,71,0.07468,0.22432,0.5089
no_batch,20,3,72,0.07278,0.21841,0.49871
no_batch,20,3,73,0.07096,0.21266,0.48853
no_batch,20,3,74,0.0692,0.20705,0.47837
no_batch,20,3,75,0.06751,0.20159,0.46825
no_batch,20,3,76,0.06588,0.19628,0.45818
no_batch,20,3,77,0.06432,0.19112,0.44819
no_batch,20,3,78,0.0628,0.1861,0.43828
no_batch,20,3,79,0.06134,0.18123,0.42849
no_batch,20,3,80,0.05992,0.1765,0.41881
no_batch,20,3,81,0.05856,0.17191,0.40928
no_batch,20,3,82,0.05723,0.16745,0.3999
no_batch,20,3,83,0.05595,0.16313,0.39069
no_batch,20,3,84,0.0547,0.15895,0.38166
no_batch,20,3,85,0.05349,0.15489,0.37281
no_batch,20,3,86,0.05231,0.15096,0.36417
no_batch,20,3,87,0.05117,0.14716,0.35573
no_batch,20,3,88,0.05006,0.14349,0.3475
no_batch,20,3,89,0.04898,0.13993,0.33949
no_batch,20,3,90,0.04793,0.13649,0.33171
no_batch,20,3,91,0.0469,0.13317,0.32414
no_batch,20,3,92,0.04591,0.12996,0.3168
no_batch,20,3,93,0.04494,0.12686,0.30968
no_batch,20,3,94,0.044,0.12387,0.30279
no_batch,20,3,95,0.04309,0.12098,0.29612
no_batch,20,3,96,0.0422,0.1182,0.28966
no_batch,20,3,97,0.04135,0.11552,0.28342
no_batch,20,3,98,0.04051,0.11293,0.27739
no_batch,20,3,99,0.03971,0.11044,0.27156
no_batch,20,3,100,0.03893,0.10805,0.26592
no_batch,20,3,101,0.03818,0.10574,0.26049
no_batch,20,3,102,0.03745,0.10352,0.25524
no_batch,20,3,103,0.03675,0.10139,0.25017
no_batch,20,3,104,0.03608,0.09934,0.24528
no_batch,20,3,105,0.03544,0.09737,0.24057
no_batch,20,3,106,0.03481,0.09548,0.23602
no_batch,20,3,107,0.03422,0.09367,0.23165
no_batch,20,3,108,0.03365,0.09194,0.22743
no_batch,20,3,109,0.0331,0.09027,0.22338
no_batch,20,3,110,0.03257,0.08868,0.21948
no_batch,20,3,111,0.03207,0.08715,0.21575
no_batch,20,3,112,0.03158,0.08568,0.21217
no_batch,20,3,113,0.0311,0.08427,0.20875
no_batch,20,3,114,0.03064,0.08292,0.20549
no_batch,20,3,115,0.03019,0.08163,0.20237
no_batch,20,3,116,0.02976,0.08038,0.19942
no_batch,20,3,117,0.02934,0.07919,0.19661
no_batch,20,3,118,0.02892,0.07805,0.19395
no_batch,20,3,119,0.02852,0.07695,0.19143
no_batch,20,3,120,0.02813,0.0759,0.18905
no_batch,20,3,121,0.02774,0.07489,0.18681
no_batch,20,3,122,0.02736,0.07393,0.1847
no_batch,20,3,123,0.02699,0.073,0.18271
no_batch,20,3,124,0.02663,0.07211,0.18085
no_batch,20,3,125,0.02627,0.07126,0.17909
no_batch,20,3,126,0.02593,0.07044,0.17745
no_batch,20,3,127,0.02559,0.06966,0.1759
no_batch,20,3,128,0.02526,0.0689,0.17445
no_batch,20,3,129,0.02494,0.06818,0.17308
no_batch,20,3,130,0.02464,0.06749,0.17178
no_batch,20,3,131,0.02434,0.06683,0.17055
no_batch,20,3,132,0.02405,0.0662,0.16938
no_batch,20,3,133,0.02378,0.06559,0.16825
no_batch,20,3,134,0.02352,0.06501,0.16717
no_batch,20,3,135,0.02327,0.06445,0.16611
no_batch,20,3,136,0.02304,0.06392,0.16507
no_batch,20,3,137,0.02282,0.0634,0.16404
no_batch,20,3,138,0.02262,0.06291,0.16301
no_batch,20,3,139,0.02244,0.06245,0.16197
no_batch,20,3,140,0.02227,0.062,0.16092
no_batch,20,3,141,0.02213,0.06157,0.15983
no_batch,20,3,142,0.022,0.06116,0.15872
no_batch,20,3,143,0.02189,0.06077,0.15756
no_batch,20,3,144,0.0218,0.06039,0.15635
no_batch,20,3,145,0.02174,0.06003,0.15509
no_batch,20,3,146,0.02169,0.05969,0.15377
no_batch,20,3,147,0.02167,0.05936,0.15239
no_batch,20,3,148,0.02167,0.05905,0.15094
no_batch,20,3,149,0.02169,0.05875,0.14943
no_batch,20,3,150,0.02174,0.05846,0.14784
no_batch,20,3,151,0.02181,0.05819,0.14619
no_batch,20,3,152,0.0219,0.05793,0.14448
no_batch,20,3,153,0.02201,0.05768,0.14272
no_batch,20,3,154,0.02214,0.05745,0.14091
no_batch,20,3,155,0.0223,0.05723,0.13911
no_batch,20,3,156,0.02247,0.05704,0.13734
no_batch,20,3,157,0.02265,0.05688,0.13563
no_batch,20,3,158,0.02286,0.05675,0.13401
no_batch,20,3,159,0.02307,0.05666,0.13251
no_batch,20,3,160,0.02331,0.05662,0.13115
no_batch,20,3,161,0.02355,0.05662,0.12994
no_batch,20,3,162,0.02381,0.05668,0.12892
no_batch,20,3,163,0.02409,0.0568,0.1281
no_batch,20,3,164,0.02438,0.05698,0.12749
no_batch,20,3,165,0.02468,0.05723,0.12711
no_batch,20,3,166,0.02501,0.05756,0.12697
no_batch,20,3,167,0.02536,0.05797,0.12707
no_batch,20,3,168,0.02573,0.05847,0.12743
no_batch,20,3,169,0.02613,0.05907,0.12806
no_batch,20,3,170,0.02657,0.05977,0.12896
no_batch,20,3,171,0.02706,0.06059,0.13014
no_batch,20,3,172,0.02759,0.06153,0.1316
no_batch,20,3,173,0.02817,0.06261,0.13336
no_batch,20,3,174,0.02882,0.06383,0.13543
no_batch,20,3,175,0.02954,0.06521,0.13782
no_batch,20,3,176,0.03035,0.06676,0.14055
no_batch,20,3,177,0.03124,0.06851,0.14364
no_batch,20,3,178,0.03223,0.07046,0.14712
no_batch,20,3,179,0.03334,0.07264,0.15102
no_batch,20,3,180,0.03456,0.07507,0.1554
no_batch,20,3,181,0.03591,0.07777,0.16032
no_batch,20,3,182,0.0374,0.08079,0.16585
no_batch,20,3,183,0.03902,0.08414,0.17209
no_batch,20,3,184,0.04077,0.08786,0.17916
no_batch,20,3,185,0.04267,0.092,0.18721
no_batch,20,3,186,0.04468,0.0966,0.19644
no_batch,20,3,187,0.0468,0.10171,0.20706
no_batch,20,3,188,0.049,0.1074,0.21935
no_batch,20,3,189,0.05124,0.11372,0.23362
no_batch,20,3,190,0.05349,0.12076,0.25025
no_batch,20,3,191,0.0557,0.12859,0.26965
no_batch,20,3,192,0.0578,0.13731,0.29224
no_batch,20,4,20,0.21245,0.71704,0.95969
no_batch,20,4,21,0.21826,0.71264,0.95658
no_batch,20,4,22,0.22308,0.70775,0.95332
no_batch,20,4,23,0.22696,0.70236,0.94992
no_batch,20,4,24,0.22992,0.69649,0.94635
no_batch,20,4,25,0.23202,0.69013,0.94259
no_batch,20,4,26,0.23331,0.68329,0.93864
no_batch,20,4,27,0.23386,0.67597,0.93446
no_batch,20,4,28,0.23372,0.66817,0.93004
no_batch,20,4,29,0.23296,0.65991,0.92536
no_batch,20,4,30,0.23164,0.65118,0.92038
no_batch,20,4,31,0.2298,0.64199,0.91509
no_batch,20,4,32,0.22752,0.63236,0.90946
no_batch,20,4,33,0.22483,0.62229,0.90346
no_batch,20,4,34,0.22179,0.6118,0.89707
no_batch,20,4,35,0.21843,0.60091,0.89026
no_batch,20,4,36,0.2148,0.58964,0.883
no_batch,20,4,37,0.21092,0.578,0.87528
no_batch,20,4,38,0.20685,0.56601,0.86706
no_batch,20,4,39,0.20259,0.55372,0.85834
no_batch,20,4,40,0.19819,0.54113,0.84909
no_batch,20,4,41,0.19365,0.52829,0.8393
no_batch,20,4,42,0.18902,0.51523,0.82896
no_batch,20,4,43,0.1843,0.50198,0.81807
no_batch,20,4,44,0.17951,0.48858,0.80663
no_batch,20,4,45,0.17468,0.47506,0.79464
no_batch,20,4,46,0.16981,0.46146,0.78211
no_batch,20,4,47,0.16493,0.44782,0.76906
no_batch,20,4,48,0.16006,0.43419,0.75552
no_batch,20,4,49,0.1552,0.4206,0.7415
no_batch,20,4,50,0.15037,0.40709,0.72704
no_batch,20,4,51,0.14559,0.39369,0.71217
no_batch,20,4,52,0.14087,0.38044,0.69694
no_batch,20,4,53,0.13622,0.36739,0.68138
no_batch,20,4,54,0.13167,0.35455,0.66554
no_batch,20,4,55,0.12721,0.34196,0.64946
no_batch,20,4,56,0.12288,0.32965,0.63318
no_batch,20,4,57,0.11867,0.31764,0.61676
no_batch,20,4,58,0.11459,0.30595,0.60023
no_batch,20,4,59,0.11067,0.29461,0.58363
no_batch,20,4,60,0.10691,0.28363,0.567
no_batch,20,4,61,0.10331,0.27302,0.55038
no_batch,20,4,62,0.09988,0.26278,0.5338
no_batch,20,4,63,0.0966,0.2529,0.5173
no_batch,20,4,64,0.09348,0.2434,0.50091
no_batch,20,4,65,0.09051,0.23426,0.48465
no_batch,20,4,66,0.08768,0.22547,0.46858
no_batch,20,4,67,0.085,0.21704,0.45271
no_batch,20,4,68,0.08246,0.20895,0.43708
no_batch,20,4,69,0.08004,0.20121,0.42172
no_batch,20,4,70,0.07775,0.19379,0.40665
no_batch,20,4,71,0.07558,0.1867,0.39192
no_batch,20,4,72,0.07353,0.17992,0.37753
no_batch,20,4,73,0.07159,0.17345,0.36351
no_batch,20,4,74,0.06975,0.16728,0.34989
no_batch,20,4,75,0.068,0.16139,0.33668
no_batch,20,4,76,0.06635,0.15577,0.32389
no_batch,20,4,77,0.06479,0.15043,0.31154
no_batch,20,4,78,0.06332,0.14534,0.29963
no_batch,20,4,79,0.06192,0.1405,0.28818
no_batch,20,4,80,0.0606,0.1359,0.27719
no_batch,20,4,81,0.05934,0.13154,0.26665
no_batch,20,4,82,0.05816,0.12739,0.25658
no_batch,20,4,83,0.05704,0.12346,0.24696
no_batch,20,4,84,0.05598,0.11973,0.23779
no_batch,20,4,85,0.05497,0.11619,0.22907
no_batch,20,4,86,0.05402,0.11285,0.2208
no_batch,20,4,87,0.05312,0.10969,0.21295
no_batch,20,4,88,0.05227,0.1067,0.20552
no_batch,20,4,89,0.05146,0.10388,0.19851
no_batch,20,4,90,0.0507,0.10122,0.19189
no_batch,20,4,91,0.04999,0.09871,0.18565
no_batch,20,4,92,0.04931,0.09636,0.17979
no_batch,20,4,93,0.04868,0.09414,0.17429
no_batch,20,4,94,0.04808,0.09206,0.16914
no_batch,20,4,95,0.04752,0.09012,0.16431
no_batch,20,4,96,0.047,0.08831,0.15981
no_batch,20,4,97,0.04652,0.08661,0.15561
no_batch,20,4,98,0.04608,0.08504,0.1517
no_batch,20,4,99,0.04568,0.08358,0.14806
no_batch,20,4,100,0.04532,0.08224,0.14469
no_batch,20,4,101,0.04499,0.08101,0.14158
no_batch,20,4,102,0.04471,0.07988,0.1387
no_batch,20,4,103,0.04447,0.07886,0.13604
no_batch,20,4,104,0.04428,0.07794,0.1336
no_batch,20,4,105,0.04413,0.07712,0.13137
no_batch,20,4,106,0.04403,0.07639,0.12933
no_batch,20,4,107,0.04398,0.07577,0.12748
no_batch,20,4,108,0.04398,0.07524,0.12579
no_batch,20,4,109,0.04403,0.07479,0.12427
no_batch,20,4,110,0.04412,0.07443,0.12289
no_batch,20,4,111,0.04427,0.07415,0.12165
no_batch,20,4,112,0.04445,0.07394,0.12054
no_batch,20,4,113,0.04468,0.07381,0.11954
no_batch,20,4,114,0.04495,0.07373,0.11865
no_batch,20,4,115,0.04527,0.07372,0.11787
no_batch,20,4,116,0.04561,0.07377,0.11717
no_batch,20,4,117,0.046,0.07387,0.11657
no_batch,20,4,118,0.04642,0.07403,0.11605
no_batch,20,4,119,0.04687,0.07423,0.11561
no_batch,20,4,120,0.04735,0.07447,0.11524
no_batch,20,4,121,0.04786,0.07476,0.11494
no_batch,20,4,122,0.0484,0.07508,0.1147
no_batch,20,4,123,0.04896,0.07544,0.11452
no_batch,20,4,124,0.04954,0.07583,0.1144
no_batch,20,4,125,0.05013,0.07625,0.11433
no_batch,20,4,126,0.05074,0.07669,0.1143
no_batch,20,4,127,0.05137,0.07715,0.11431
no_batch,20,4,128,0.052,0.07763,0.11436
no_batch,20,4,129,0.05264,0.07812,0.11445
no_batch,20,4,130,0.05328,0.07862,0.11456
no_batch,20,4,131,0.05392,0.07913,0.11469
no_batch,20,4,132,0.05456,0.07964,0.11485
no_batch,20,4,133,0.05519,0.08015,0.11502
no_batch,20,4,134,0.05582,0.08065,0.1152
no_batch,20,4,135,0.05643,0.08115,0.11537
no_batch,20,4,136,0.05702,0.08163,0.11555
no_batch,20,4,137,0.0576,0.08209,0.11571
no_batch,20,4,138,0.05815,0.08253,0.11586
no_batch,20,4,139,0.05868,0.08294,0.11599
no_batch,20,4,140,0.05918,0.08331,0.11608
no_batch,20,4,141,0.05965,0.08366,0.11613
no_batch,20,4,142,0.06009,0.08396,0.11614
no_batch,20,4,143,0.06049,0.08422,0.11609
no_batch,20,4,144,0.06086,0.08442,0.11598
no_batch,20,4,145,0.06119,0.08457,0.1158
no_batch,20,4,146,0.06147,0.08467,0.11554
no_batch,20,4,147,0.06171,0.0847,0.11519
no_batch,20,4,148,0.0619,0.08466,0.11476
no_batch,20,4,149,0.06204,0.08455,0.11422
no_batch,20,4,150,0.06213,0.08436,0.11358
no_batch,20,4,151,0.06217,0.0841,0.11284
no_batch,20,4,152,0.06215,0.08375,0.11197
no_batch,20,4,153,0.06206,0.08332,0.11099
no_batch,20,4,154,0.06192,0.0828,0.1099
no_batch,20,4,155,0.06171,0.08219,0.10869
no_batch,20,4,156,0.06144,0.08151,0.10739
no_batch,20,4,157,0.06112,0.08076,0.10601
no_batch,20,4,158,0.06074,0.07996,0.10458
no_batch,20,4,159,0.06031,0.0791,0.1031
no_batch,20,4,160,0.05984,0.07821,0.10161
no_batch,20,4,161,0.05934,0.07729,0.1001
no_batch,20,4,162,0.05879,0.07635,0.0986
no_batch,20,4,163,0.05822,0.07539,0.09711
no_batch,20,4,164,0.05763,0.07443,0.09564
no_batch,20,4,165,0.05702,0.07348,0.09421
no_batch,20,4,166,0.0564,0.07253,0.09282
no_batch,20,4,167,0.05578,0.0716,0.09148
no_batch,20,4,168,0.05516,0.07069,0.09019
no_batch,20,4,169,0.05456,0.06982,0.08895
no_batch,20,4,170,0.05397,0.06898,0.08777
no_batch,20,4,171,0.05342,0.06818,0.08664
no_batch,20,4,172,0.0529,0.06742,0.08558
no_batch,20,4,173,0.05242,0.06672,0.08458
no_batch,20,4,174,0.052,0.06608,0.08364
no_batch,20,4,175,0.05163,0.0655,0.08276
no_batch,20,4,176,0.05134,0.06498,0.08194
no_batch,20,4,177,0.05112,0.06454,0.08119
no_batch,20,4,178,0.05098,0.06418,0.0805
no_batch,20,4,179,0.05092,0.06389,0.07988
no_batch,20,4,180,0.05097,0.0637,0.07934
no_batch,20,4,181,0.05111,0.06359,0.07887
no_batch,20,4,182,0.05136,0.06359,0.07849
no_batch,20,4,183,0.05171,0.06369,0.07821
no_batch,20,4,184,0.05218,0.0639,0.07804
no_batch,20,4,185,0.05276,0.06423,0.078
no_batch,20,4,186,0.05343,0.06469,0.07812
no_batch,20,4,187,0.05421,0.06528,0.07844
no_batch,20,4,188,0.05505,0.06602,0.079
no_batch,20,4,189,0.05595,0.06692,0.07986
no_batch,20,4,190,0.05687,0.06799,0.08108
no_batch,20,4,191,0.05777,0.06923,0.08277
no_batch,20,4,192,0.05862,0.07068,0.085
no_batch,20,5,20,0.33955,0.60818,0.82414
no_batch,20,5,21,0.35586,0.61324,0.81984
no_batch,20,5,22,0.36983,0.6174,0.81608
no_batch,20,5,23,0.38149,0.62072,0.81282
no_batch,20,5,24,0.39093,0.62321,0.80996
no_batch,20,5,25,0.3983,0.6249,0.80743
no_batch,20,5,26,0.40377,0.62583,0.80511
no_batch,20,5,27,0.4075,0.62602,0.80292
no_batch,20,5,28,0.4097,0.62549,0.80076
no_batch,20,5,29,0.41051,0.62426,0.79853
no_batch,20,5,30,0.41011,0.62235,0.79617
no_batch,20,5,31,0.40864,0.61978,0.7936
no_batch,20,5,32,0.40622,0.61656,0.79077
no_batch,20,5,33,0.40294,0.61272,0.78764
no_batch,20,5,34,0.39891,0.60828,0.78417
no_batch,20,5,35,0.3942,0.60324,0.78034
no_batch,20,5,36,0.38886,0.59762,0.77612
no_batch,20,5,37,0.38296,0.59144,0.77151
no_batch,20,5,38,0.37652,0.58472,0.76651
no_batch,20,5,39,0.3696,0.57748,0.76112
no_batch,20,5,40,0.36222,0.56973,0.75533
no_batch,20,5,41,0.35441,0.5615,0.74917
no_batch,20,5,42,0.34622,0.5528,0.74263
no_batch,20,5,43,0.33767,0.54367,0.73574
no_batch,20,5,44,0.3288,0.53412,0.7285
no_batch,20,5,45,0.31965,0.52419,0.72093
no_batch,20,5,46,0.31025,0.5139,0.71304
no_batch,20,5,47,0.30067,0.50329,0.70484
no_batch,20,5,48,0.29094,0.49239,0.69633
no_batch,20,5,49,0.28113,0.48122,0.68753
no_batch,20,5,50,0.27127,0.46984,0.67844
no_batch,20,5,51,0.26144,0.45827,0.66905
no_batch,20,5,52,0.25168,0.44656,0.65937
no_batch,20,5,53,0.24205,0.43474,0.64939
no_batch,20,5,54,0.2326,0.42285,0.6391
no_batch,20,5,55,0.22339,0.41093,0.62849
no_batch,20,5,56,0.21444,0.39902,0.61757
no_batch,20,5,57,0.2058,0.38715,0.60631
no_batch,20,5,58,0.19747,0.37535,0.59473
no_batch,20,5,59,0.18945,0.36365,0.58285
no_batch,20,5,60,0.18174,0.35205,0.57067
no_batch,20,5,61,0.17434,0.3406,0.55821
no_batch,20,5,62,0.16724,0.3293,0.54552
no_batch,20,5,63,0.16044,0.31818,0.53261
no_batch,20,5,64,0.15393,0.30725,0.51952
no_batch,20,5,65,0.1477,0.29654,0.50629
no_batch,20,5,66,0.14173,0.28606,0.49295
no_batch,20,5,67,0.13601,0.27581,0.47955
no_batch,20,5,68,0.13055,0.26583,0.46613
no_batch,20,5,69,0.12531,0.2561,0.45274
no_batch,20,5,70,0.12031,0.24665,0.43941
no_batch,20,5,71,0.11551,0.23748,0.42618
no_batch,20,5,72,0.11093,0.2286,0.41311
no_batch,20,5,73,0.10654,0.22001,0.40021
no_batch,20,5,74,0.10234,0.21172,0.38754
no_batch,20,5,75,0.09831,0.20372,0.37511
no_batch,20,5,76,0.09447,0.19601,0.36297
no_batch,20,5,77,0.09078,0.18861,0.35113
no_batch,20,5,78,0.08726,0.18149,0.33962
no_batch,20,5,79,0.0839,0.17467,0.32845
no_batch,20,5,80,0.08068,0.16814,0.31765
no_batch,20,5,81,0.07761,0.16189,0.30721
no_batch,20,5,82,0.07468,0.15592,0.29714
no_batch,20,5,83,0.07189,0.15022,0.28746
no_batch,20,5,84,0.06923,0.14478,0.27816
no_batch,20,5,85,0.0667,0.13961,0.26923
no_batch,20,5,86,0.0643,0.13469,0.26068
no_batch,20,5,87,0.06202,0.13002,0.2525
no_batch,20,5,88,0.05986,0.12558,0.24468
no_batch,20,5,89,0.05782,0.12138,0.23722
no_batch,20,5,90,0.0559,0.11741,0.2301
no_batch,20,5,91,0.05409,0.11365,0.22331
no_batch,20,5,92,0.05239,0.1101,0.21685
no_batch,20,5,93,0.05079,0.10676,0.2107
no_batch,20,5,94,0.0493,0.10361,0.20486
no_batch,20,5,95,0.04791,0.10066,0.19931
no_batch,20,5,96,0.04662,0.09788,0.19405
no_batch,20,5,97,0.04542,0.09529,0.18907
no_batch,20,5,98,0.0443,0.09286,0.18437
no_batch,20,5,99,0.04327,0.09058,0.17992
no_batch,20,5,100,0.0423,0.08846,0.17574
no_batch,20,5,101,0.0414,0.08647,0.1718
no_batch,20,5,102,0.04056,0.08461,0.16811
no_batch,20,5,103,0.03978,0.08288,0.16466
no_batch,20,5,104,0.03905,0.08126,0.16145
no_batch,20,5,105,0.03836,0.07976,0.15847
no_batch,20,5,106,0.03772,0.07836,0.15571
no_batch,20,5,107,0.03711,0.07706,0.15318
no_batch,20,5,108,0.03654,0.07586,0.15086
no_batch,20,5,109,0.036,0.07475,0.14876
no_batch,20,5,110,0.03549,0.07372,0.14686
no_batch,20,5,111,0.03501,0.07278,0.14516
no_batch,20,5,112,0.03455,0.07191,0.14366
no_batch,20,5,113,0.03412,0.07113,0.14235
no_batch,20,5,114,0.03371,0.07041,0.14122
no_batch,20,5,115,0.03332,0.06976,0.14027
no_batch,20,5,116,0.03295,0.06918,0.13949
no_batch,20,5,117,0.03261,0.06867,0.13888
no_batch,20,5,118,0.03228,0.06821,0.13842
no_batch,20,5,119,0.03197,0.06782,0.13812
no_batch,20,5,120,0.03169,0.06748,0.13795
no_batch,20,5,121,0.03142,0.0672,0.13793
no_batch,20,5,122,0.03118,0.06698,0.13803
no_batch,20,5,123,0.03096,0.06681,0.13825
no_batch,20,5,124,0.03076,0.06669,0.13859
no_batch,20,5,125,0.03058,0.06662,0.13904
no_batch,20,5,126,0.03043,0.0666,0.13959
no_batch,20,5,127,0.0303,0.06663,0.14024
no_batch,20,5,128,0.03019,0.06671,0.14098
no_batch,20,5,129,0.03011,0.06684,0.14181
no_batch,20,5,130,0.03005,0.06701,0.14272
no_batch,20,5,131,0.03002,0.06722,0.1437
no_batch,20,5,132,0.03001,0.06749,0.14477
no_batch,20,5,133,0.03003,0.06779,0.14592
no_batch,20,5,134,0.03006,0.06814,0.14714
no_batch,20,5,135,0.03012,0.06854,0.14845
no_batch,20,5,136,0.0302,0.06897,0.14984
no_batch,20,5,137,0.03029,0.06945,0.15131
no_batch,20,5,138,0.0304,0.06995,0.15287
no_batch,20,5,139,0.03051,0.07048,0.15448
no_batch,20,5,140,0.03062,0.07103,0.15614
no_batch,20,5,141,0.03074,0.07158,0.15783
no_batch,20,5,142,0.03085,0.07212,0.15953
no_batch,20,5,143,0.03096,0.07266,0.1612
no_batch,20,5,144,0.03106,0.07318,0.16282
no_batch,20,5,145,0.03116,0.07367,0.16434
no_batch,20,5,146,0.03125,0.07412,0.16574
no_batch,20,5,147,0.03133,0.07452,0.16697
no_batch,20,5,148,0.03141,0.07486,0.16799
no_batch,20,5,149,0.03149,0.07514,0.16874
no_batch,20,5,150,0.03157,0.07534,0.16919
no_batch,20,5,151,0.03165,0.07545,0.16928
no_batch,20,5,152,0.03173,0.07547,0.16898
no_batch,20,5,153,0.03181,0.07538,0.16825
no_batch,20,5,154,0.0319,0.07518,0.16704
no_batch,20,5,155,0.03199,0.07485,0.16535
no_batch,20,5,156,0.03208,0.0744,0.16314
no_batch,20,5,157,0.03217,0.07381,0.16042
no_batch,20,5,158,0.03225,0.07308,0.1572
no_batch,20,5,159,0.03232,0.0722,0.1535
no_batch,20,5,160,0.03236,0.07117,0.14936
no_batch,20,5,161,0.03235,0.06999,0.14486
no_batch,20,5,162,0.03228,0.06866,0.14008
no_batch,20,5,163,0.03212,0.06717,0.13514
no_batch,20,5,164,0.03183,0.06554,0.13016
no_batch,20,5,165,0.03136,0.06376,0.1253
no_batch,20,5,166,0.03067,0.06184,0.12076
no_batch,20,5,167,0.0297,0.05979,0.1167
no_batch,20,5,168,0.02841,0.05761,0.11332
no_batch,20,5,169,0.02679,0.05533,0.11079
no_batch,20,5,170,0.02484,0.05294,0.10925
no_batch,20,5,171,0.02261,0.05046,0.10879
no_batch,20,5,172,0.02019,0.04792,0.10948
no_batch,20,5,173,0.01766,0.04532,0.11136
no_batch,20,5,174,0.01515,0.04268,0.11444
no_batch,20,5,175,0.01273,0.04002,0.11875
no_batch,20,5,176,0.0105,0.03736,0.12433
no_batch,20,5,177,0.00849,0.03472,0.13126
no_batch,20,5,178,0.00673,0.0321,0.13964
no_batch,20,5,179,0.00524,0.02954,0.14958
no_batch,20,5,180,0.004,0.02705,0.16124
no_batch,20,5,181,0.003,0.02464,0.17481
no_batch,20,5,182,0.00221,0.02232,0.19051
no_batch,20,5,183,0.0016,0.02011,0.20857
no_batch,20,5,184,0.00113,0.01802,0.22925
no_batch,20,5,185,0.00079,0.01605,0.25281
no_batch,20,5,186,0.00054,0.01421,0.27949
no_batch,20,5,187,0.00036,0.01251,0.3095
no_batch,20,5,188,0.00023,0.01095,0.343
no_batch,20,5,189,0.00015,0.00952,0.38001
no_batch,20,5,190,9e-05,0.00822,0.42045
no_batch,20,5,191,6e-05,0.00705,0.46401
no_batch,20,5,192,4e-05,0.00601,0.5102
no_batch,20,6,20,0.06357,0.46946,0.92021
no_batch,20,6,21,0.06736,0.47318,0.91783
no_batch,20,6,22,0.07091,0.47651,0.91565
no_batch,20,6,23,0.07422,0.47946,0.91367
no_batch,20,6,24,0.07726,0.48203,0.91184
no_batch,20,6,25,0.08006,0.48423,0.91014
no_batch,20,6,26,0.0826,0.48605,0.90854
no_batch,20,6,27,0.0849,0.48751,0.90701
no_batch,20,6,28,0.08698,0.48861,0.90551
no_batch,20,6,29,0.08884,0.48936,0.90403
no_batch,20,6,30,0.09049,0.48975,0.90253
no_batch,20,6,31,0.09196,0.4898,0.90099
no_batch,20,6,32,0.09325,0.48951,0.8994
no_batch,20,6,33,0.09438,0.48888,0.89773
no_batch,20,6,34,0.09536,0.48792,0.89597
no_batch,20,6,35,0.09619,0.48664,0.89411
no_batch,20,6,36,0.09689,0.48504,0.89212
no_batch,20,6,37,0.09746,0.48313,0.89
no_batch,20,6,38,0.0979,0.4809,0.88775
no_batch,20,6,39,0.09822,0.47838,0.88534
no_batch,20,6,40,0.09843,0.47555,0.88279
no_batch,20,6,41,0.09851,0.47244,0.88007
no_batch,20,6,42,0.09849,0.46904,0.87719
no_batch,20,6,43,0.09835,0.46536,0.87414
no_batch,20,6,44,0.0981,0.4614,0.87093
no_batch,20,6,45,0.09773,0.45718,0.86753
no_batch,20,6,46,0.09725,0.4527,0.86396
no_batch,20,6,47,0.09666,0.44797,0.86022
no_batch,20,6,48,0.09596,0.44299,0.85629
no_batch,20,6,49,0.09516,0.43777,0.85218
no_batch,20,6,50,0.09425,0.43233,0.84789
no_batch,20,6,51,0.09324,0.42666,0.84341
no_batch,20,6,52,0.09213,0.42078,0.83873
no_batch,20,6,53,0.09093,0.4147,0.83386
no_batch,20,6,54,0.08964,0.40842,0.82878
no_batch,20,6,55,0.08828,0.40196,0.8235
no_batch,20,6,56,0.08685,0.39533,0.818
no_batch,20,6,57,0.08535,0.38853,0.81226
no_batch,20,6,58,0.0838,0.38158,0.80629
no_batch,20,6,59,0.08221,0.37449,0.80006
no_batch,20,6,60,0.08059,0.36728,0.79357
no_batch,20,6,61,0.07893,0.35994,0.78679
no_batch,20,6,62,0.07726,0.3525,0.77972
no_batch,20,6,63,0.07558,0.34498,0.77233
no_batch,20,6,64,0.0739,0.33738,0.76464
no_batch,20,6,65,0.07222,0.32974,0.75663
no_batch,20,6,66,0.07055,0.32205,0.74831
no_batch,20,6,67,0.06888,0.31435,0.73967
no_batch,20,6,68,0.06724,0.30664,0.73071
no_batch,20,6,69,0.06561,0.29895,0.72144
no_batch,20,6,70,0.064,0.29129,0.71186
no_batch,20,6,71,0.06242,0.28366,0.70198
no_batch,20,6,72,0.06085,0.27609,0.69182
no_batch,20,6,73,0.05932,0.2686,0.68139
no_batch,20,6,74,0.05781,0.26118,0.67069
no_batch,20,6,75,0.05634,0.25386,0.65976
no_batch,20,6,76,0.05489,0.24665,0.6486
no_batch,20,6,77,0.05347,0.23956,0.63725
no_batch,20,6,78,0.05208,0.23259,0.62572
no_batch,20,6,79,0.05073,0.22575,0.61405
no_batch,20,6,80,0.0494,0.21906,0.60225
no_batch,20,6,81,0.04811,0.21252,0.59035
no_batch,20,6,82,0.04685,0.20614,0.57839
no_batch,20,6,83,0.04562,0.19992,0.56639
no_batch,20,6,84,0.04443,0.19387,0.55438
no_batch,20,6,85,0.04326,0.18799,0.54239
no_batch,20,6,86,0.04213,0.18228,0.53046
no_batch,20,6,87,0.04104,0.17676,0.51859
no_batch,20,6,88,0.03997,0.17141,0.50684
no_batch,20,6,89,0.03894,0.16624,0.49521
no_batch,20,6,90,0.03795,0.16125,0.48373
no_batch,20,6,91,0.03699,0.15644,0.47243
no_batch,20,6,92,0.03606,0.15182,0.46133
no_batch,20,6,93,0.03517,0.14737,0.45044
no_batch,20,6,94,0.03431,0.1431,0.43979
no_batch,20,6,95,0.03348,0.13901,0.42938
no_batch,20,6,96,0.03269,0.1351,0.41924
no_batch,20,6,97,0.03194,0.13135,0.40937
no_batch,20,6,98,0.03122,0.12778,0.39978
no_batch,20,6,99,0.03053,0.12438,0.39048
no_batch,20,6,100,0.02988,0.12114,0.38148
no_batch,20,6,101,0.02927,0.11806,0.37278
no_batch,20,6,102,0.02869,0.11515,0.36438
no_batch,20,6,103,0.02815,0.11239,0.3563
no_batch,20,6,104,0.02764,0.10978,0.34853
no_batch,20,6,105,0.02717,0.10733,0.34107
no_batch,20,6,106,0.02673,0.10502,0.33393
no_batch,20,6,107,0.02633,0.10286,0.32711
no_batch,20,6,108,0.02596,0.10084,0.32059
no_batch,20,6,109,0.02563,0.09895,0.31438
no_batch,20,6,110,0.02532,0.09719,0.30847
no_batch,20,6,111,0.02505,0.09555,0.30284
no_batch,20,6,112,0.0248,0.09402,0.2975
no_batch,20,6,113,0.02458,0.09259,0.29243
no_batch,20,6,114,0.02438,0.09127,0.28763
no_batch,20,6,115,0.0242,0.09004,0.28309
no_batch,20,6,116,0.02404,0.08891,0.27881
no_batch,20,6,117,0.0239,0.08786,0.27477
no_batch,20,6,118,0.02378,0.08689,0.27098
no_batch,20,6,119,0.02368,0.086,0.26743
no_batch,20,6,120,0.02359,0.08519,0.2641
no_batch,20,6,121,0.02352,0.08445,0.261
no_batch,20,6,122,0.02347,0.08377,0.25812
no_batch,20,6,123,0.02342,0.08317,0.25544
no_batch,20,6,124,0.02339,0.08262,0.25296
no_batch,20,6,125,0.02337,0.08213,0.25067
no_batch,20,6,126,0.02337,0.0817,0.24857
no_batch,20,6,127,0.02338,0.08132,0.24665
no_batch,20,6,128,0.02339,0.081,0.24489
no_batch,20,6,129,0.02342,0.08073,0.2433
no_batch,20,6,130,0.02346,0.0805,0.24185
no_batch,20,6,131,0.02352,0.08032,0.24054
no_batch,20,6,132,0.02358,0.08019,0.23937
no_batch,20,6,133,0.02366,0.08009,0.23831
no_batch,20,6,134,0.02374,0.08004,0.23737
no_batch,20,6,135,0.02384,0.08003,0.23652
no_batch,20,6,136,0.02396,0.08005,0.23577
no_batch,20,6,137,0.02408,0.08011,0.23509
no_batch,20,6,138,0.02422,0.0802,0.23449
no_batch,20,6,139,0.02437,0.08033,0.23394
no_batch,20,6,140,0.02454,0.08049,0.23344
no_batch,20,6,141,0.02473,0.08067,0.23298
no_batch,20,6,142,0.02492,0.08089,0.23255
no_batch,20,6,143,0.02514,0.08113,0.23214
no_batch,20,6,144,0.02537,0.0814,0.23173
no_batch,20,6,145,0.02562,0.08169,0.23134
no_batch,20,6,146,0.02589,0.08201,0.23093
no_batch,20,6,147,0.02617,0.08234,0.23052
no_batch,20,6,148,0.02648,0.0827,0.23009
no_batch,20,6,149,0.0268,0.08307,0.22964
no_batch,20,6,150,0.02714,0.08346,0.22917
no_batch,20,6,151,0.02749,0.08387,0.22868
no_batch,20,6,152,0.02787,0.08429,0.22817
no_batch,20,6,153,0.02825,0.08473,0.22764
no_batch,20,6,154,0.02865,0.08518,0.22713
no_batch,20,6,155,0.02906,0.08564,0.22665
no_batch,20,6,156,0.02949,0.08613,0.22623
no_batch,20,6,157,0.02992,0.08665,0.22591
no_batch,20,6,158,0.03036,0.0872,0.22571
no_batch,20,6,159,0.03081,0.08779,0.22566
no_batch,20,6,160,0.03126,0.08843,0.22578
no_batch,20,6,161,0.03172,0.08911,0.22608
no_batch,20,6,162,0.03219,0.08984,0.22659
no_batch,20,6,163,0.03266,0.09064,0.22733
no_batch,20,6,164,0.03315,0.0915,0.22829
no_batch,20,6,165,0.03365,0.09243,0.22949
no_batch,20,6,166,0.03416,0.09344,0.23095
no_batch,20,6,167,0.0347,0.09453,0.23265
no_batch,20,6,168,0.03526,0.09571,0.23461
no_batch,20,6,169,0.03585,0.097,0.23683
no_batch,20,6,170,0.03648,0.09839,0.2393
no_batch,20,6,171,0.03715,0.0999,0.24202
no_batch,20,6,172,0.03787,0.10153,0.24499
no_batch,20,6,173,0.03864,0.1033,0.24821
no_batch,20,6,174,0.03949,0.10521,0.25168
no_batch,20,6,175,0.0404,0.10729,0.25541
no_batch,20,6,176,0.0414,0.10953,0.25939
no_batch,20,6,177,0.0425,0.11195,0.26365
no_batch,20,6,178,0.04369,0.11457,0.26819
no_batch,20,6,179,0.04498,0.1174,0.27306
no_batch,20,6,180,0.04639,0.12046,0.27828
no_batch,20,6,181,0.04791,0.12376,0.2839
no_batch,20,6,182,0.04955,0.12734,0.28999
no_batch,20,6,183,0.0513,0.1312,0.29664
no_batch,20,6,184,0.05315,0.13537,0.30395
no_batch,20,6,185,0.05509,0.13987,0.31205
no_batch,20,6,186,0.05709,0.14474,0.3211
no_batch,20,6,187,0.05914,0.15,0.3313
no_batch,20,6,188,0.06117,0.15568,0.34287
no_batch,20,6,189,0.06315,0.16182,0.35605
no_batch,20,6,190,0.06501,0.16845,0.37113
no_batch,20,6,191,0.06669,0.17561,0.38841
no_batch,20,6,192,0.06811,0.18335,0.40818
no_batch,20,7,20,0.72659,0.85542,0.92944
no_batch,20,7,21,0.71509,0.84399,0.92101
no_batch,20,7,22,0.70242,0.83227,0.91251
no_batch,20,7,23,0.6887,0.8203,0.90401
no_batch,20,7,24,0.67411,0.80811,0.89555
no_batch,20,7,25,0.65883,0.79575,0.88714
no_batch,20,7,26,0.64308,0.78326,0.87876
no_batch,20,7,27,0.62705,0.77067,0.87041
no_batch,20,7,28,0.61091,0.75801,0.86205
no_batch,20,7,29,0.59482,0.74531,0.85365
no_batch,20,7,30,0.57893,0.7326,0.84518
no_batch,20,7,31,0.56333,0.7199,0.83662
no_batch,20,7,32,0.5481,0.70724,0.82793
no_batch,20,7,33,0.53329,0.69462,0.8191
no_batch,20,7,34,0.51892,0.68207,0.81013
no_batch,20,7,35,0.505,0.66958,0.80101
no_batch,20,7,36,0.49151,0.65718,0.79174
no_batch,20,7,37,0.47844,0.64485,0.78232
no_batch,20,7,38,0.46574,0.6326,0.77278
no_batch,20,7,39,0.45337,0.62043,0.76311
no_batch,20,7,40,0.44127,0.60833,0.75335
no_batch,20,7,41,0.42941,0.59628,0.7435
no_batch,20,7,42,0.41774,0.5843,0.73359
no_batch,20,7,43,0.4062,0.57235,0.72364
no_batch,20,7,44,0.39476,0.56043,0.71364
no_batch,20,7,45,0.38339,0.54852,0.70362
no_batch,20,7,46,0.37205,0.53661,0.69357
no_batch,20,7,47,0.36073,0.52468,0.68348
no_batch,20,7,48,0.34943,0.51272,0.67334
no_batch,20,7,49,0.33814,0.50071,0.66313
no_batch,20,7,50,0.32686,0.48863,0.65281
no_batch,20,7,51,0.31562,0.47646,0.64234
no_batch,20,7,52,0.30443,0.4642,0.63167
no_batch,20,7,53,0.29331,0.45182,0.62075
no_batch,20,7,54,0.28229,0.43932,0.60953
no_batch,20,7,55,0.27139,0.42669,0.59793
no_batch,20,7,56,0.26066,0.41396,0.58597
no_batch,20,7,57,0.25012,0.40116,0.57364
no_batch,20,7,58,0.23982,0.38834,0.56096
no_batch,20,7,59,0.22977,0.37552,0.54795
no_batch,20,7,60,0.22,0.36276,0.53465
no_batch,20,7,61,0.21051,0.35007,0.52109
no_batch,20,7,62,0.20132,0.33751,0.50731
no_batch,20,7,63,0.19244,0.3251,0.49334
no_batch,20,7,64,0.18387,0.31288,0.47925
no_batch,20,7,65,0.17561,0.30087,0.46506
no_batch,20,7,66,0.16767,0.2891,0.45085
no_batch,20,7,67,0.16003,0.2776,0.43665
no_batch,20,7,68,0.15271,0.26639,0.42251
no_batch,20,7,69,0.14569,0.2555,0.4085
no_batch,20,7,70,0.13896,0.24492,0.39464
no_batch,20,7,71,0.13253,0.23469,0.381
no_batch,20,7,72,0.12639,0.22481,0.36761
no_batch,20,7,73,0.12054,0.21529,0.3545
no_batch,20,7,74,0.11495,0.20614,0.34172
no_batch,20,7,75,0.10964,0.19736,0.32929
no_batch,20,7,76,0.10459,0.18895,0.31724
no_batch,20,7,77,0.09979,0.18091,0.30559
no_batch,20,7,78,0.09525,0.17325,0.29436
no_batch,20,7,79,0.09094,0.16596,0.28355
no_batch,20,7,80,0.08687,0.15902,0.27317
no_batch,20,7,81,0.08303,0.15244,0.26324
no_batch,20,7,82,0.0794,0.14621,0.25375
no_batch,20,7,83,0.076,0.14033,0.24469
no_batch,20,7,84,0.0728,0.13477,0.23607
no_batch,20,7,85,0.0698,0.12953,0.22787
no_batch,20,7,86,0.06699,0.12461,0.2201
no_batch,20,7,87,0.06438,0.11999,0.21273
no_batch,20,7,88,0.06194,0.11567,0.20577
no_batch,20,7,89,0.05968,0.11162,0.1992
no_batch,20,7,90,0.05759,0.10785,0.193
no_batch,20,7,91,0.05566,0.10434,0.18718
no_batch,20,7,92,0.05388,0.10109,0.18171
no_batch,20,7,93,0.05226,0.09808,0.17659
no_batch,20,7,94,0.05079,0.09531,0.17181
no_batch,20,7,95,0.04945,0.09277,0.16737
no_batch,20,7,96,0.04824,0.09045,0.16325
no_batch,20,7,97,0.04716,0.08833,0.15943
no_batch,20,7,98,0.04618,0.0864,0.15592
no_batch,20,7,99,0.0453,0.08465,0.1527
no_batch,20,7,100,0.04452,0.08306,0.14975
no_batch,20,7,101,0.04381,0.08163,0.14708
no_batch,20,7,102,0.04318,0.08035,0.14467
no_batch,20,7,103,0.04262,0.07921,0.14252
no_batch,20,7,104,0.04212,0.07819,0.14063
no_batch,20,7,105,0.04167,0.0773,0.13898
no_batch,20,7,106,0.04127,0.07653,0.13757
no_batch,20,7,107,0.04092,0.07587,0.13641
no_batch,20,7,108,0.04061,0.07531,0.13548
no_batch,20,7,109,0.04034,0.07486,0.13477
no_batch,20,7,110,0.0401,0.0745,0.13429
no_batch,20,7,111,0.03989,0.07424,0.13404
no_batch,20,7,112,0.03972,0.07407,0.13399
no_batch,20,7,113,0.03957,0.07399,0.13416
no_batch,20,7,114,0.03945,0.07399,0.13454
no_batch,20,7,115,0.03935,0.07407,0.13512
no_batch,20,7,116,0.03928,0.07423,0.13589
no_batch,20,7,117,0.03923,0.07447,0.13685
no_batch,20,7,118,0.03921,0.07478,0.138
no_batch,20,7,119,0.03921,0.07517,0.13933
no_batch,20,7,120,0.03923,0.07563,0.14083
no_batch,20,7,121,0.03928,0.07615,0.1425
no_batch,20,7,122,0.03936,0.07675,0.14433
no_batch,20,7,123,0.03946,0.07742,0.14631
no_batch,20,7,124,0.03959,0.07815,0.14845
no_batch,20,7,125,0.03974,0.07894,0.15073
no_batch,20,7,126,0.03993,0.0798,0.15315
no_batch,20,7,127,0.04013,0.08073,0.15571
no_batch,20,7,128,0.04037,0.08171,0.1584
no_batch,20,7,129,0.04063,0.08276,0.16122
no_batch,20,7,130,0.04092,0.08386,0.16418
no_batch,20,7,131,0.04122,0.08503,0.16726
no_batch,20,7,132,0.04155,0.08625,0.17047
no_batch,20,7,133,0.0419,0.08753,0.17383
no_batch,20,7,134,0.04226,0.08886,0.17733
no_batch,20,7,135,0.04264,0.09025,0.18098
no_batch,20,7,136,0.04301,0.09169,0.1848
no_batch,20,7,137,0.04339,0.09316,0.18878
no_batch,20,7,138,0.04375,0.09467,0.19289
no_batch,20,7,139,0.04409,0.09618,0.19712
no_batch,20,7,140,0.04441,0.0977,0.20143
no_batch,20,7,141,0.04471,0.09919,0.20578
no_batch,20,7,142,0.04498,0.10066,0.21012
no_batch,20,7,143,0.04521,0.10208,0.21439
no_batch,20,7,144,0.04543,0.10342,0.21851
no_batch,20,7,145,0.04562,0.10469,0.22243
no_batch,20,7,146,0.04579,0.10585,0.22605
no_batch,20,7,147,0.04594,0.10689,0.22929
no_batch,20,7,148,0.04608,0.10779,0.23205
no_batch,20,7,149,0.04622,0.10853,0.23424
no_batch,20,7,150,0.04635,0.1091,0.23578
no_batch,20,7,151,0.04649,0.10946,0.23657
no_batch,20,7,152,0.04664,0.10962,0.23653
no_batch,20,7,153,0.0468,0.10954,0.23559
no_batch,20,7,154,0.04698,0.10922,0.23369
no_batch,20,7,155,0.04718,0.10864,0.23078
no_batch,20,7,156,0.04738,0.10779,0.22685
no_batch,20,7,157,0.0476,0.10665,0.22189
no_batch,20,7,158,0.04782,0.10523,0.21593
no_batch,20,7,159,0.04803,0.10352,0.20906
no_batch,20,7,160,0.04819,0.10151,0.20136
no_batch,20,7,161,0.04827,0.09921,0.19301
no_batch,20,7,162,0.04823,0.09663,0.18421
no_batch,20,7,163,0.04797,0.09376,0.17522
no_batch,20,7,164,0.04742,0.09064,0.16636
no_batch,20,7,165,0.04644,0.08726,0.15801
no_batch,20,7,166,0.04491,0.08365,0.15056
no_batch,20,7,167,0.0427,0.07985,0.14442
no_batch,20,7,168,0.03977,0.07586,0.13992
no_batch,20,7,169,0.03617,0.07173,0.13728
no_batch,20,7,170,0.03204,0.06748,0.1366
no_batch,20,7,171,0.02764,0.06316,0.13787
no_batch,20,7,172,0.02322,0.0588,0.14101
no_batch,20,7,173,0.01902,0.05443,0.14598
no_batch,20,7,174,0.01519,0.05009,0.15273
no_batch,20,7,175,0.01185,0.04583,0.16129
no_batch,20,7,176,0.00903,0.04166,0.17175
no_batch,20,7,177,0.00673,0.03764,0.18421
no_batch,20,7,178,0.0049,0.03378,0.19885
no_batch,20,7,179,0.00349,0.03011,0.21587
no_batch,20,7,180,0.00243,0.02666,0.23549
no_batch,20,7,181,0.00165,0.02343,0.25797
no_batch,20,7,182,0.0011,0.02044,0.28354
no_batch,20,7,183,0.00071,0.01771,0.31241
no_batch,20,7,184,0.00045,0.01522,0.34475
no_batch,20,7,185,0.00028,0.01298,0.38063
no_batch,20,7,186,0.00017,0.01098,0.41998
no_batch,20,7,187,0.0001,0.00922,0.46257
no_batch,20,7,188,6e-05,0.00767,0.50796
no_batch,20,7,189,3e-05,0.00633,0.55546
no_batch,20,7,190,2e-05,0.00518,0.60417
no_batch,20,7,191,1e-05,0.00421,0.65303
no_batch,20,7,192,0.0,0.00338,0.70087
no_batch,20,8,20,0.29623,0.7596,0.95954
no_batch,20,8,21,0.29611,0.74946,0.9551
no_batch,20,8,22,0.29458,0.7391,0.95054
no_batch,20,8,23,0.29179,0.72851,0.94588
no_batch,20,8,24,0.28793,0.71771,0.94113
no_batch,20,8,25,0.28313,0.7067,0.9363
no_batch,20,8,26,0.27758,0.69551,0.93141
no_batch,20,8,27,0.2714,0.68413,0.92644
no_batch,20,8,28,0.26474,0.67259,0.92138
no_batch,20,8,29,0.25772,0.66089,0.91624
no_batch,20,8,30,0.25045,0.64905,0.911
no_batch,20,8,31,0.24303,0.63709,0.90565
no_batch,20,8,32,0.23553,0.62501,0.90017
no_batch,20,8,33,0.22802,0.61285,0.89455
no_batch,20,8,34,0.22054,0.6006,0.88879
no_batch,20,8,35,0.21315,0.58829,0.88287
no_batch,20,8,36,0.20586,0.57593,0.87678
no_batch,20,8,37,0.19872,0.56355,0.87051
no_batch,20,8,38,0.19172,0.55115,0.86407
no_batch,20,8,39,0.18488,0.53875,0.85745
no_batch,20,8,40,0.17821,0.52638,0.85065
no_batch,20,8,41,0.17172,0.51404,0.84367
no_batch,20,8,42,0.16539,0.50174,0.83653
no_batch,20,8,43,0.15924,0.48952,0.82921
no_batch,20,8,44,0.15326,0.47738,0.82174
no_batch,20,8,45,0.14745,0.46533,0.81411
no_batch,20,8,46,0.1418,0.45339,0.80634
no_batch,20,8,47,0.13633,0.44157,0.79843
no_batch,20,8,48,0.13102,0.42988,0.79039
no_batch,20,8,49,0.12588,0.41834,0.78223
no_batch,20,8,50,0.12091,0.40696,0.77394
no_batch,20,8,51,0.11612,0.39574,0.76552
no_batch,20,8,52,0.11149,0.38469,0.75699
no_batch,20,8,53,0.10704,0.37383,0.74832
no_batch,20,8,54,0.10277,0.36316,0.73952
no_batch,20,8,55,0.09868,0.35269,0.73057
no_batch,20,8,56,0.09477,0.34242,0.72145
no_batch,20,8,57,0.09104,0.33235,0.71215
no_batch,20,8,58,0.0875,0.3225,0.70265
no_batch,20,8,59,0.08415,0.31287,0.69293
no_batch,20,8,60,0.08098,0.30346,0.68295
no_batch,20,8,61,0.07799,0.29427,0.67273
no_batch,20,8,62,0.07517,0.28531,0.66225
no_batch,20,8,63,0.07251,0.27658,0.65152
no_batch,20,8,64,0.07002,0.26809,0.64055
no_batch,20,8,65,0.06767,0.25983,0.62936
no_batch,20,8,66,0.06546,0.25182,0.61794
no_batch,20,8,67,0.06338,0.24404,0.60632
no_batch,20,8,68,0.06142,0.2365,0.59453
no_batch,20,8,69,0.05958,0.2292,0.58258
no_batch,20,8,70,0.05785,0.22214,0.5705
no_batch,20,8,71,0.05622,0.21531,0.55832
no_batch,20,8,72,0.05468,0.20872,0.54606
no_batch,20,8,73,0.05322,0.20235,0.53376
no_batch,20,8,74,0.05185,0.19622,0.52145
no_batch,20,8,75,0.05056,0.1903,0.50916
no_batch,20,8,76,0.04933,0.1846,0.49693
no_batch,20,8,77,0.04817,0.17912,0.48479
no_batch,20,8,78,0.04706,0.17385,0.47277
no_batch,20,8,79,0.04601,0.16879,0.4609
no_batch,20,8,80,0.04501,0.16392,0.44921
no_batch,20,8,81,0.04406,0.15926,0.43773
no_batch,20,8,82,0.04315,0.15478,0.42649
no_batch,20,8,83,0.04228,0.1505,0.41551
no_batch,20,8,84,0.04145,0.14639,0.40481
no_batch,20,8,85,0.04065,0.14247,0.39442
no_batch,20,8,86,0.03989,0.13871,0.38434
no_batch,20,8,87,0.03916,0.13512,0.3746
no_batch,20,8,88,0.03845,0.1317,0.3652
no_batch,20,8,89,0.03777,0.12843,0.35616
no_batch,20,8,90,0.03712,0.12532,0.34748
no_batch,20,8,91,0.03649,0.12236,0.33916
no_batch,20,8,92,0.03588,0.11954,0.33121
no_batch,20,8,93,0.0353,0.11686,0.32363
no_batch,20,8,94,0.03474,0.11432,0.31641
no_batch,20,8,95,0.03421,0.11191,0.30955
no_batch,20,8,96,0.03369,0.10963,0.30305
no_batch,20,8,97,0.0332,0.10748,0.2969
no_batch,20,8,98,0.03273,0.10544,0.2911
no_batch,20,8,99,0.03228,0.10353,0.28563
no_batch,20,8,100,0.03185,0.10173,0.2805
no_batch,20,8,101,0.03145,0.10005,0.27568
no_batch,20,8,102,0.03107,0.09847,0.27118
no_batch,20,8,103,0.03071,0.09701,0.26699
no_batch,20,8,104,0.03038,0.09565,0.26309
no_batch,20,8,105,0.03007,0.09439,0.2595
no_batch,20,8,106,0.02978,0.09323,0.25619
no_batch,20,8,107,0.02951,0.09218,0.25317
no_batch,20,8,108,0.02927,0.09121,0.25042
no_batch,20,8,109,0.02904,0.09033,0.24794
no_batch,20,8,110,0.02883,0.08954,0.24573
no_batch,20,8,111,0.02863,0.08882,0.24376
no_batch,20,8,112,0.02844,0.08817,0.24205
no_batch,20,8,113,0.02827,0.08759,0.24058
no_batch,20,8,114,0.0281,0.08708,0.23935
no_batch,20,8,115,0.02794,0.08662,0.23835
no_batch,20,8,116,0.02778,0.08622,0.23757
no_batch,20,8,117,0.02763,0.08588,0.23702
no_batch,20,8,118,0.02748,0.08559,0.23667
no_batch,20,8,119,0.02733,0.08534,0.23653
no_batch,20,8,120,0.02719,0.08514,0.23659
no_batch,20,8,121,0.02704,0.08498,0.23683
no_batch,20,8,122,0.0269,0.08485,0.23724
no_batch,20,8,123,0.02675,0.08476,0.23781
no_batch,20,8,124,0.02661,0.0847,0.23854
no_batch,20,8,125,0.02647,0.08467,0.2394
no_batch,20,8,126,0.02633,0.08467,0.24038
no_batch,20,8,127,0.02619,0.08469,0.24146
no_batch,20,8,128,0.02605,0.08473,0.24263
no_batch,20,8,129,0.02592,0.08479,0.24387
no_batch,20,8,130,0.0258,0.08486,0.24515
no_batch,20,8,131,0.02567,0.08495,0.24646
no_batch,20,8,132,0.02556,0.08504,0.24778
no_batch,20,8,133,0.02545,0.08515,0.24908
no_batch,20,8,134,0.02535,0.08525,0.25035
no_batch,20,8,135,0.02526,0.08536,0.25155
no_batch,20,8,136,0.02518,0.08547,0.25266
no_batch,20,8,137,0.02511,0.08557,0.25367
no_batch,20,8,138,0.02506,0.08566,0.25454
no_batch,20,8,139,0.02502,0.08575,0.25525
no_batch,20,8,140,0.025,0.08582,0.25579
no_batch,20,8,141,0.02499,0.08587,0.25612
no_batch,20,8,142,0.025,0.08591,0.25622
no_batch,20,8,143,0.02503,0.08593,0.25608
no_batch,20,8,144,0.02508,0.08592,0.25567
no_batch,20,8,145,0.02514,0.08588,0.25498
no_batch,20,8,146,0.02523,0.08582,0.25399
no_batch,20,8,147,0.02534,0.08572,0.25269
no_batch,20,8,148,0.02547,0.08559,0.25107
no_batch,20,8,149,0.02562,0.08542,0.24912
no_batch,20,8,150,0.02579,0.08521,0.24684
no_batch,20,8,151,0.02598,0.08495,0.24423
no_batch,20,8,152,0.02619,0.08465,0.2413
no_batch,20,8,153,0.02641,0.08431,0.23806
no_batch,20,8,154,0.02666,0.08393,0.23459
no_batch,20,8,155,0.02691,0.08352,0.23096
no_batch,20,8,156,0.02718,0.08311,0.22724
no_batch,20,8,157,0.02746,0.0827,0.22351
no_batch,20,8,158,0.02775,0.0823,0.21982
no_batch,20,8,159,0.02805,0.08193,0.21625
no_batch,20,8,160,0.02836,0.08159,0.21283
no_batch,20,8,161,0.02868,0.0813,0.20964
no_batch,20,8,162,0.029,0.08106,0.2067
no_batch,20,8,163,0.02933,0.0809,0.20405
no_batch,20,8,164,0.02968,0.08081,0.20173
no_batch,20,8,165,0.03004,0.08082,0.19977
no_batch,20,8,166,0.03042,0.08093,0.19818
no_batch,20,8,167,0.03082,0.08115,0.19698
no_batch,20,8,168,0.03125,0.0815,0.19619
no_batch,20,8,169,0.03172,0.082,0.19581
no_batch,20,8,170,0.03225,0.08264,0.19586
no_batch,20,8,171,0.03283,0.08346,0.19633
no_batch,20,8,172,0.03348,0.08446,0.19724
no_batch,20,8,173,0.03421,0.08566,0.19858
no_batch,20,8,174,0.03505,0.08709,0.20037
no_batch,20,8,175,0.036,0.08877,0.20261
no_batch,20,8,176,0.03709,0.09071,0.20531
no_batch,20,8,177,0.03834,0.09295,0.20851
no_batch,20,8,178,0.03976,0.09552,0.21221
no_batch,20,8,179,0.04139,0.09846,0.21647
no_batch,20,8,180,0.04324,0.1018,0.22132
no_batch,20,8,181,0.04535,0.10559,0.22685
no_batch,20,8,182,0.04773,0.10988,0.23315
no_batch,20,8,183,0.05041,0.11473,0.24032
no_batch,20,8,184,0.05342,0.1202,0.24854
no_batch,20,8,185,0.05677,0.12637,0.25799
no_batch,20,8,186,0.06045,0.13333,0.26895
no_batch,20,8,187,0.06445,0.14117,0.28172
no_batch,20,8,188,0.06875,0.15001,0.29669
no_batch,20,8,189,0.07329,0.15995,0.31433
no_batch,20,8,190,0.07798,0.17114,0.33516
no_batch,20,8,191,0.08272,0.18373,0.35974
no_batch,20,8,192,0.08738,0.19789,0.38863
no_batch,20,9,20,0.16085,0.57954,0.90835
no_batch,20,9,21,0.17102,0.58013,0.90247
no_batch,20,9,22,0.18018,0.58009,0.89673
no_batch,20,9,23,0.18827,0.57945,0.89113
no_batch,20,9,24,0.19521,0.57822,0.88569
no_batch,20,9,25,0.201,0.57642,0.8804
no_batch,20,9,26,0.20566,0.57405,0.87524
no_batch,20,9,27,0.20921,0.57115,0.8702
no_batch,20,9,28,0.21173,0.56771,0.86525
no_batch,20,9,29,0.21329,0.56376,0.86034
no_batch,20,9,30,0.21396,0.55931,0.85544
no_batch,20,9,31,0.21385,0.55437,0.8505
no_batch,20,9,32,0.21303,0.54896,0.84549
no_batch,20,9,33,0.2116,0.54309,0.84036
no_batch,20,9,34,0.20963,0.53679,0.83507
no_batch,20,9,35,0.2072,0.53006,0.82958
no_batch,20,9,36,0.20439,0.52292,0.82384
no_batch,20,9,37,0.20125,0.5154,0.81784
no_batch,20,9,38,0.19783,0.50751,0.81153
no_batch,20,9,39,0.1942,0.49928,0.80489
no_batch,20,9,40,0.19038,0.49071,0.7979
no_batch,20,9,41,0.18642,0.48185,0.79053
no_batch,20,9,42,0.18235,0.4727,0.78277
no_batch,20,9,43,0.17819,0.46331,0.77461
no_batch,20,9,44,0.17397,0.45368,0.76604
no_batch,20,9,45,0.16971,0.44385,0.75706
no_batch,20,9,46,0.16541,0.43385,0.74766
no_batch,20,9,47,0.1611,0.4237,0.73785
no_batch,20,9,48,0.15679,0.41343,0.72764
no_batch,20,9,49,0.15249,0.40308,0.71705
no_batch,20,9,50,0.14821,0.39266,0.70609
no_batch,20,9,51,0.14396,0.38222,0.69477
no_batch,20,9,52,0.13974,0.37177,0.68314
no_batch,20,9,53,0.13556,0.36135,0.6712
no_batch,20,9,54,0.13144,0.35098,0.659
no_batch,20,9,55,0.12738,0.3407,0.64656
no_batch,20,9,56,0.12339,0.33051,0.63391
no_batch,20,9,57,0.11947,0.32046,0.62108
no_batch,20,9,58,0.11564,0.31056,0.60812
no_batch,20,9,59,0.1119,0.30084,0.59504
no_batch,20,9,60,0.10826,0.2913,0.58189
no_batch,20,9,61,0.10472,0.28198,0.56869
no_batch,20,9,62,0.10131,0.27289,0.55547
no_batch,20,9,63,0.09801,0.26404,0.54225
no_batch,20,9,64,0.09484,0.25545,0.52906
no_batch,20,9,65,0.09181,0.24712,0.51592
no_batch,20,9,66,0.0889,0.23906,0.50286
no_batch,20,9,67,0.08614,0.23127,0.48987
no_batch,20,9,68,0.08349,0.22375,0.47699
no_batch,20,9,69,0.08098,0.21649,0.46423
no_batch,20,9,70,0.07858,0.20949,0.4516
no_batch,20,9,71,0.0763,0.20275,0.43913
no_batch,20,9,72,0.07413,0.19626,0.42683
no_batch,20,9,73,0.07206,0.19001,0.41473
no_batch,20,9,74,0.0701,0.18401,0.40283
no_batch,20,9,75,0.06823,0.17824,0.39116
no_batch,20,9,76,0.06645,0.1727,0.37973
no_batch,20,9,77,0.06476,0.16739,0.36856
no_batch,20,9,78,0.06315,0.1623,0.35766
no_batch,20,9,79,0.06162,0.15742,0.34705
no_batch,20,9,80,0.06016,0.15274,0.33674
no_batch,20,9,81,0.05878,0.14827,0.32673
no_batch,20,9,82,0.05745,0.144,0.31705
no_batch,20,9,83,0.05619,0.13991,0.30768
no_batch,20,9,84,0.05499,0.13601,0.29865
no_batch,20,9,85,0.05385,0.13228,0.28995
no_batch,20,9,86,0.05276,0.12873,0.28158
no_batch,20,9,87,0.05172,0.12534,0.27355
no_batch,20,9,88,0.05072,0.12212,0.26586
no_batch,20,9,89,0.04978,0.11905,0.2585
no_batch,20,9,90,0.04887,0.11613,0.25147
no_batch,20,9,91,0.04801,0.11336,0.24477
no_batch,20,9,92,0.04719,0.11073,0.23839
no_batch,20,9,93,0.04642,0.10823,0.23233
no_batch,20,9,94,0.04567,0.10587,0.22657
no_batch,20,9,95,0.04497,0.10364,0.22112
no_batch,20,9,96,0.04431,0.10153,0.21596
no_batch,20,9,97,0.04368,0.09954,0.21108
no_batch,20,9,98,0.04309,0.09767,0.20648
no_batch,20,9,99,0.04253,0.09591,0.20214
no_batch,20,9,100,0.04201,0.09427,0.19806
no_batch,20,9,101,0.04153,0.09273,0.19423
no_batch,20,9,102,0.04109,0.09129,0.19064
no_batch,20,9,103,0.04068,0.08996,0.18727
no_batch,20,9,104,0.04031,0.08873,0.18412
no_batch,20,9,105,0.03998,0.08759,0.18119
no_batch,20,9,106,0.03969,0.08655,0.17845
no_batch,20,9,107,0.03944,0.08561,0.17591
no_batch,20,9,108,0.03923,0.08476,0.17356
no_batch,20,9,109,0.03907,0.084,0.17139
no_batch,20,9,110,0.03894,0.08333,0.16939
no_batch,20,9,111,0.03886,0.08274,0.16755
no_batch,20,9,112,0.03881,0.08224,0.16587
no_batch,20,9,113,0.0388,0.08181,0.16433
no_batch,20,9,114,0.03883,0.08145,0.16293
no_batch,20,9,115,0.03889,0.08116,0.16166
no_batch,20,9,116,0.03897,0.08093,0.16051
no_batch,20,9,117,0.03909,0.08076,0.15948
no_batch,20,9,118,0.03923,0.08064,0.15856
no_batch,20,9,119,0.03939,0.08058,0.15775
no_batch,20,9,120,0.03957,0.08056,0.15704
no_batch,20,9,121,0.03978,0.08058,0.15642
no_batch,20,9,122,0.04,0.08064,0.15589
no_batch,20,9,123,0.04023,0.08074,0.15544
no_batch,20,9,124,0.04048,0.08087,0.15508
no_batch,20,9,125,0.04073,0.08104,0.15479
no_batch,20,9,126,0.041,0.08123,0.15457
no_batch,20,9,127,0.04127,0.08144,0.15441
no_batch,20,9,128,0.04155,0.08167,0.1543
no_batch,20,9,129,0.04183,0.08192,0.15425
no_batch,20,9,130,0.04211,0.08218,0.15423
no_batch,20,9,131,0.04239,0.08245,0.15426
no_batch,20,9,132,0.04267,0.08272,0.15431
no_batch,20,9,133,0.04295,0.083,0.15438
no_batch,20,9,134,0.04322,0.08328,0.15446
no_batch,20,9,135,0.04349,0.08355,0.15454
no_batch,20,9,136,0.04375,0.08381,0.15461
no_batch,20,9,137,0.04401,0.08406,0.15467
no_batch,20,9,138,0.04425,0.08429,0.15469
no_batch,20,9,139,0.04449,0.0845,0.15468
no_batch,20,9,140,0.04472,0.08469,0.15463
no_batch,20,9,141,0.04493,0.08486,0.15451
no_batch,20,9,142,0.04514,0.08499,0.15432
no_batch,20,9,143,0.04533,0.08508,0.15406
no_batch,20,9,144,0.04551,0.08514,0.1537
no_batch,20,9,145,0.04568,0.08515,0.15324
no_batch,20,9,146,0.04583,0.08511,0.15268
no_batch,20,9,147,0.04597,0.08503,0.152
no_batch,20,9,148,0.04609,0.08489,0.1512
no_batch,20,9,149,0.04619,0.0847,0.15026
no_batch,20,9,150,0.04627,0.08444,0.14919
no_batch,20,9,151,0.04632,0.08412,0.14798
no_batch,20,9,152,0.04636,0.08373,0.14662
no_batch,20,9,153,0.04636,0.08328,0.14512
no_batch,20,9,154,0.04633,0.08275,0.14348
no_batch,20,9,155,0.04628,0.08215,0.14171
no_batch,20,9,156,0.04618,0.08149,0.13984
no_batch,20,9,157,0.04606,0.08078,0.13789
no_batch,20,9,158,0.04589,0.08001,0.13589
no_batch,20,9,159,0.0457,0.07921,0.13386
no_batch,20,9,160,0.04546,0.07837,0.13181
no_batch,20,9,161,0.0452,0.0775,0.12977
no_batch,20,9,162,0.0449,0.07662,0.12775
no_batch,20,9,163,0.04457,0.07572,0.12576
no_batch,20,9,164,0.04422,0.07481,0.12382
no_batch,20,9,165,0.04384,0.07389,0.12192
no_batch,20,9,166,0.04345,0.07299,0.12009
no_batch,20,9,167,0.04304,0.07209,0.11832
no_batch,20,9,168,0.04262,0.0712,0.11661
no_batch,20,9,169,0.0422,0.07033,0.11496
no_batch,20,9,170,0.04179,0.06949,0.11337
no_batch,20,9,171,0.04139,0.06867,0.11184
no_batch,20,9,172,0.041,0.06789,0.11037
no_batch,20,9,173,0.04064,0.06714,0.10896
no_batch,20,9,174,0.04031,0.06643,0.1076
no_batch,20,9,175,0.04001,0.06577,0.10628
no_batch,20,9,176,0.03975,0.06516,0.10503
no_batch,20,9,177,0.03953,0.06459,0.10382
no_batch,20,9,178,0.03936,0.06408,0.10268
no_batch,20,9,179,0.03923,0.06363,0.1016
no_batch,20,9,180,0.03916,0.06325,0.10061
no_batch,20,9,181,0.03912,0.06292,0.09971
no_batch,20,9,182,0.03913,0.06267,0.09892
no_batch,20,9,183,0.03917,0.06249,0.09829
no_batch,20,9,184,0.03923,0.06239,0.09784
no_batch,20,9,185,0.0393,0.06237,0.09761
no_batch,20,9,186,0.03935,0.06243,0.09768
no_batch,20,9,187,0.03938,0.06259,0.0981
no_batch,20,9,188,0.03934,0.06284,0.09895
no_batch,20,9,189,0.03921,0.0632,0.10032
no_batch,20,9,190,0.03897,0.06366,0.10233
no_batch,20,9,191,0.03859,0.06424,0.10507
no_batch,20,9,192,0.03805,0.06494,0.10868
no_batch,40,0,20,0.04803,0.42589,0.91601
no_batch,40,0,21,0.04955,0.4259,0.91347
no_batch,40,0,22,0.05098,0.42565,0.91091
no_batch,40,0,23,0.05234,0.42516,0.9083
no_batch,40,0,24,0.05361,0.42442,0.90565
no_batch,40,0,25,0.05481,0.42345,0.90293
no_batch,40,0,26,0.05593,0.42224,0.90015
no_batch,40,0,27,0.05698,0.4208,0.89728
no_batch,40,0,28,0.05796,0.41913,0.89432
no_batch,40,0,29,0.05887,0.41725,0.89126
no_batch,40,0,30,0.05971,0.41516,0.88808
no_batch,40,0,31,0.06049,0.41285,0.88479
no_batch,40,0,32,0.0612,0.41035,0.88136
no_batch,40,0,33,0.06185,0.40765,0.8778
no_batch,40,0,34,0.06244,0.40475,0.87409
no_batch,40,0,35,0.06297,0.40168,0.87023
no_batch,40,0,36,0.06345,0.39842,0.86621
no_batch,40,0,37,0.06386,0.39499,0.86203
no_batch,40,0,38,0.06422,0.39139,0.85767
no_batch,40,0,39,0.06452,0.38763,0.85314
no_batch,40,0,40,0.06477,0.38372,0.84843
no_batch,40,0,41,0.06496,0.37966,0.84354
no_batch,40,0,42,0.0651,0.37546,0.83846
no_batch,40,0,43,0.06518,0.37113,0.83319
no_batch,40,0,44,0.06521,0.36667,0.82773
no_batch,40,0,45,0.06519,0.36209,0.82208
no_batch,40,0,46,0.06511,0.3574,0.81623
no_batch,40,0,47,0.06498,0.3526,0.81019
no_batch,40,0,48,0.0648,0.34771,0.80394
no_batch,40,0,49,0.06458,0.34272,0.7975
no_batch,40,0,50,0.0643,0.33765,0.79086
no_batch,40,0,51,0.06398,0.33251,0.78402
no_batch,40,0,52,0.06362,0.32729,0.77698
no_batch,40,0,53,0.06322,0.32202,0.76974
no_batch,40,0,54,0.06278,0.31669,0.76229
no_batch,40,0,55,0.0623,0.31132,0.75464
no_batch,40,0,56,0.06179,0.30591,0.74679
no_batch,40,0,57,0.06125,0.30047,0.73873
no_batch,40,0,58,0.06069,0.295,0.73046
no_batch,40,0,59,0.0601,0.28952,0.72199
no_batch,40,0,60,0.05949,0.28403,0.7133
no_batch,40,0,61,0.05887,0.27854,0.70441
no_batch,40,0,62,0.05823,0.27305,0.6953
no_batch,40,0,63,0.05758,0.26758,0.686
no_batch,40,0,64,0.05692,0.26213,0.6765
no_batch,40,0,65,0.05625,0.25671,0.66681
no_batch,40,0,66,0.05557,0.25132,0.65694
no_batch,40,0,67,0.0549,0.24598,0.6469
no_batch,40,0,68,0.05422,0.24068,0.63671
no_batch,40,0,69,0.05354,0.23544,0.62636
no_batch,40,0,70,0.05286,0.23026,0.61589
no_batch,40,0,71,0.05218,0.22514,0.6053
no_batch,40,0,72,0.0515,0.22009,0.59461
no_batch,40,0,73,0.05083,0.21512,0.58383
no_batch,40,0,74,0.05016,0.21023,0.57299
no_batch,40,0,75,0.0495,0.20543,0.5621
no_batch,40,0,76,0.04884,0.20071,0.55118
no_batch,40,0,77,0.04819,0.19608,0.54025
no_batch,40,0,78,0.04754,0.19154,0.52932
no_batch,40,0,79,0.0469,0.18711,0.51843
no_batch,40,0,80,0.04627,0.18277,0.50758
no_batch,40,0,81,0.04565,0.17853,0.4968
no_batch,40,0,82,0.04504,0.17439,0.4861
no_batch,40,0,83,0.04444,0.17036,0.47551
no_batch,40,0,84,0.04385,0.16643,0.46503
no_batch,40,0,85,0.04327,0.16261,0.45469
no_batch,40,0,86,0.0427,0.1589,0.4445
no_batch,40,0,87,0.04214,0.1553,0.43447
no_batch,40,0,88,0.04159,0.1518,0.42462
no_batch,40,0,89,0.04106,0.14841,0.41496
no_batch,40,0,90,0.04054,0.14513,0.40551
no_batch,40,0,91,0.04003,0.14196,0.39626
no_batch,40,0,92,0.03954,0.13889,0.38723
no_batch,40,0,93,0.03906,0.13594,0.37843
no_batch,40,0,94,0.0386,0.13309,0.36987
no_batch,40,0,95,0.03816,0.13034,0.36154
no_batch,40,0,96,0.03773,0.1277,0.35345
no_batch,40,0,97,0.03731,0.12517,0.3456
no_batch,40,0,98,0.03692,0.12273,0.33801
no_batch,40,0,99,0.03654,0.1204,0.33066
no_batch,40,0,100,0.03619,0.11817,0.32356
no_batch,40,0,101,0.03585,0.11605,0.31671
no_batch,40,0,102,0.03553,0.11402,0.31011
no_batch,40,0,103,0.03524,0.11209,0.30375
no_batch,40,0,104,0.03497,0.11025,0.29764
no_batch,40,0,105,0.03472,0.10851,0.29177
no_batch,40,0,106,0.03449,0.10687,0.28613
no_batch,40,0,107,0.03429,0.10533,0.28074
no_batch,40,0,108,0.03411,0.10387,0.27558
no_batch,40,0,109,0.03396,0.1025,0.27064
no_batch,40,0,110,0.03383,0.10122,0.26591
no_batch,40,0,111,0.03372,0.10001,0.26139
no_batch,40,0,112,0.03363,0.09888,0.25707
no_batch,40,0,113,0.03356,0.09782,0.25294
no_batch,40,0,114,0.03351,0.09683,0.24899
no_batch,40,0,115,0.03348,0.09591,0.24523
no_batch,40,0,116,0.03346,0.09505,0.24163
no_batch,40,0,117,0.03347,0.09425,0.2382
no_batch,40,0,118,0.03349,0.0935,0.23493
no_batch,40,0,119,0.03352,0.09281,0.23181
no_batch,40,0,120,0.03357,0.09217,0.22884
no_batch,40,0,121,0.03363,0.09158,0.22602
no_batch,40,0,122,0.03371,0.09104,0.22333
no_batch,40,0,123,0.0338,0.09054,0.22077
no_batch,40,0,124,0.0339,0.09008,0.21834
no_batch,40,0,125,0.03401,0.08967,0.21603
no_batch,40,0,126,0.03414,0.08929,0.21383
no_batch,40,0,127,0.03427,0.08895,0.21175
no_batch,40,0,128,0.03442,0.08865,0.20977
no_batch,40,0,129,0.03457,0.08838,0.20789
no_batch,40,0,130,0.03474,0.08814,0.20611
no_batch,40,0,131,0.03491,0.08794,0.20442
no_batch,40,0,132,0.0351,0.08776,0.20281
no_batch,40,0,133,0.03529,0.0876,0.20128
no_batch,40,0,134,0.03549,0.08748,0.19983
no_batch,40,0,135,0.0357,0.08737,0.19844
no_batch,40,0,136,0.03592,0.08729,0.19712
no_batch,40,0,137,0.03615,0.08723,0.19586
no_batch,40,0,138,0.03638,0.08719,0.19465
no_batch,40,0,139,0.03662,0.08717,0.19348
no_batch,40,0,140,0.03687,0.08717,0.19236
no_batch,40,0,141,0.03713,0.08718,0.19128
no_batch,40,0,142,0.0374,0.0872,0.19023
no_batch,40,0,143,0.03767,0.08724,0.1892
no_batch,40,0,144,0.03796,0.08729,0.1882
no_batch,40,0,145,0.03825,0.08735,0.18722
no_batch,40,0,146,0.03854,0.08741,0.18625
no_batch,40,0,147,0.03885,0.08749,0.18529
no_batch,40,0,148,0.03916,0.08757,0.18433
no_batch,40,0,149,0.03948,0.08765,0.18338
no_batch,40,0,150,0.0398,0.08774,0.18243
no_batch,40,0,151,0.04013,0.08782,0.18147
no_batch,40,0,152,0.04047,0.08791,0.18052
no_batch,40,0,153,0.0408,0.088,0.17956
no_batch,40,0,154,0.04114,0.08808,0.17859
no_batch,40,0,155,0.04148,0.08816,0.17763
no_batch,40,0,156,0.04182,0.08824,0.17666
no_batch,40,0,157,0.04216,0.08831,0.17572
no_batch,40,0,158,0.04249,0.08838,0.17478
no_batch,40,0,159,0.04281,0.08844,0.17387
no_batch,40,0,160,0.04313,0.0885,0.17299
no_batch,40,0,161,0.04344,0.08856,0.17213
no_batch,40,0,162,0.04373,0.08861,0.1713
no_batch,40,0,163,0.04402,0.08866,0.17051
no_batch,40,0,164,0.0443,0.08871,0.16975
no_batch,40,0,165,0.04456,0.08875,0.16901
no_batch,40,0,166,0.04482,0.08879,0.16831
no_batch,40,0,167,0.04507,0.08883,0.16763
no_batch,40,0,168,0.0453,0.08886,0.16696
no_batch,40,0,169,0.04554,0.08889,0.16632
no_batch,40,0,170,0.04576,0.08891,0.16568
no_batch,40,0,171,0.04599,0.08893,0.16504
no_batch,40,0,172,0.04621,0.08895,0.1644
no_batch,40,0,173,0.04643,0.08896,0.16375
no_batch,40,0,174,0.04666,0.08897,0.16308
no_batch,40,0,175,0.04689,0.08897,0.16238
no_batch,40,0,176,0.04713,0.08897,0.16166
no_batch,40,0,177,0.04738,0.08897,0.1609
no_batch,40,0,178,0.04764,0.08896,0.1601
no_batch,40,0,179,0.04791,0.08895,0.15927
no_batch,40,0,180,0.04819,0.08894,0.1584
no_batch,40,0,181,0.04848,0.08892,0.15749
no_batch,40,0,182,0.04878,0.08889,0.15657
no_batch,40,0,183,0.04908,0.08887,0.15564
no_batch,40,0,184,0.04937,0.08884,0.15471
no_batch,40,0,185,0.04966,0.0888,0.15382
no_batch,40,0,186,0.04991,0.08876,0.15298
no_batch,40,0,187,0.05013,0.08872,0.15225
no_batch,40,0,188,0.0503,0.08868,0.15166
no_batch,40,0,189,0.05039,0.08862,0.15126
no_batch,40,0,190,0.05037,0.08857,0.15113
no_batch,40,0,191,0.05023,0.08851,0.15133
no_batch,40,0,192,0.04993,0.08845,0.15193
no_batch,40,1,20,0.15999,0.608,0.92664
no_batch,40,1,21,0.16249,0.60495,0.92358
no_batch,40,1,22,0.1644,0.60149,0.9205
no_batch,40,1,23,0.16576,0.59763,0.91737
no_batch,40,1,24,0.16659,0.59338,0.91419
no_batch,40,1,25,0.16695,0.58874,0.91092
no_batch,40,1,26,0.16687,0.58374,0.90756
no_batch,40,1,27,0.1664,0.57837,0.90409
no_batch,40,1,28,0.16558,0.57266,0.90049
no_batch,40,1,29,0.16444,0.5666,0.89674
no_batch,40,1,30,0.16302,0.56021,0.89282
no_batch,40,1,31,0.16136,0.5535,0.88873
no_batch,40,1,32,0.15947,0.54649,0.88444
no_batch,40,1,33,0.1574,0.53919,0.87994
no_batch,40,1,34,0.15516,0.53161,0.87522
no_batch,40,1,35,0.15277,0.52376,0.87026
no_batch,40,1,36,0.15026,0.51566,0.86505
no_batch,40,1,37,0.14765,0.50734,0.85959
no_batch,40,1,38,0.14494,0.4988,0.85386
no_batch,40,1,39,0.14216,0.49006,0.84786
no_batch,40,1,40,0.13932,0.48114,0.84158
no_batch,40,1,41,0.13642,0.47206,0.83502
no_batch,40,1,42,0.13348,0.46285,0.82817
no_batch,40,1,43,0.13051,0.45351,0.82104
no_batch,40,1,44,0.12752,0.44407,0.81363
no_batch,40,1,45,0.12452,0.43456,0.80593
no_batch,40,1,46,0.12151,0.42499,0.79795
no_batch,40,1,47,0.1185,0.41538,0.78971
no_batch,40,1,48,0.1155,0.40576,0.7812
no_batch,40,1,49,0.11252,0.39614,0.77243
no_batch,40,1,50,0.10957,0.38655,0.76342
no_batch,40,1,51,0.10664,0.37701,0.75416
no_batch,40,1,52,0.10376,0.36753,0.74469
no_batch,40,1,53,0.10092,0.35814,0.735
no_batch,40,1,54,0.09813,0.34885,0.72511
no_batch,40,1,55,0.0954,0.33968,0.71503
no_batch,40,1,56,0.09274,0.33066,0.70478
no_batch,40,1,57,0.09015,0.32178,0.69436
no_batch,40,1,58,0.08763,0.31307,0.6838
no_batch,40,1,59,0.0852,0.30455,0.6731
no_batch,40,1,60,0.08285,0.29621,0.66227
no_batch,40,1,61,0.08059,0.28808,0.65134
no_batch,40,1,62,0.07841,0.28014,0.6403
no_batch,40,1,63,0.07632,0.27241,0.62916
no_batch,40,1,64,0.07431,0.26489,0.61795
no_batch,40,1,65,0.07238,0.25756,0.60667
no_batch,40,1,66,0.07053,0.25044,0.59534
no_batch,40,1,67,0.06875,0.24352,0.58397
no_batch,40,1,68,0.06704,0.2368,0.57258
no_batch,40,1,69,0.06541,0.23027,0.56118
no_batch,40,1,70,0.06384,0.22395,0.5498
no_batch,40,1,71,0.06233,0.21782,0.53845
no_batch,40,1,72,0.06089,0.21188,0.52714
no_batch,40,1,73,0.0595,0.20613,0.51589
no_batch,40,1,74,0.05817,0.20057,0.50473
no_batch,40,1,75,0.05689,0.19519,0.49367
no_batch,40,1,76,0.05567,0.18999,0.48273
no_batch,40,1,77,0.05449,0.18496,0.47192
no_batch,40,1,78,0.05336,0.18011,0.46126
no_batch,40,1,79,0.05227,0.17543,0.45076
no_batch,40,1,80,0.05123,0.17092,0.44044
no_batch,40,1,81,0.05023,0.16657,0.43031
no_batch,40,1,82,0.04926,0.16237,0.42038
no_batch,40,1,83,0.04833,0.15833,0.41066
no_batch,40,1,84,0.04744,0.15444,0.40117
no_batch,40,1,85,0.04658,0.1507,0.39191
no_batch,40,1,86,0.04575,0.1471,0.38288
no_batch,40,1,87,0.04496,0.14364,0.3741
no_batch,40,1,88,0.04419,0.14032,0.36556
no_batch,40,1,89,0.04345,0.13712,0.35728
no_batch,40,1,90,0.04275,0.13406,0.34925
no_batch,40,1,91,0.04207,0.13112,0.34148
no_batch,40,1,92,0.04142,0.1283,0.33396
no_batch,40,1,93,0.04079,0.1256,0.3267
no_batch,40,1,94,0.04019,0.12302,0.31968
no_batch,40,1,95,0.03962,0.12055,0.31292
no_batch,40,1,96,0.03907,0.11818,0.30641
no_batch,40,1,97,0.03855,0.11592,0.30013
no_batch,40,1,98,0.03805,0.11377,0.2941
no_batch,40,1,99,0.03758,0.11171,0.2883
no_batch,40,1,100,0.03713,0.10976,0.28273
no_batch,40,1,101,0.03671,0.1079,0.27739
no_batch,40,1,102,0.03631,0.10613,0.27226
no_batch,40,1,103,0.03594,0.10445,0.26734
no_batch,40,1,104,0.03559,0.10286,0.26263
no_batch,40,1,105,0.03527,0.10135,0.25812
no_batch,40,1,106,0.03497,0.09993,0.25381
no_batch,40,1,107,0.0347,0.0986,0.24969
no_batch,40,1,108,0.03446,0.09734,0.24576
no_batch,40,1,109,0.03424,0.09616,0.242
no_batch,40,1,110,0.03404,0.09505,0.23841
no_batch,40,1,111,0.03386,0.09401,0.23499
no_batch,40,1,112,0.03371,0.09303,0.23173
no_batch,40,1,113,0.03357,0.09212,0.22862
no_batch,40,1,114,0.03345,0.09127,0.22566
no_batch,40,1,115,0.03335,0.09047,0.22285
no_batch,40,1,116,0.03327,0.08973,0.22018
no_batch,40,1,117,0.0332,0.08904,0.21764
no_batch,40,1,118,0.03315,0.0884,0.21523
no_batch,40,1,119,0.03311,0.08781,0.21296
no_batch,40,1,120,0.03309,0.08726,0.2108
no_batch,40,1,121,0.03308,0.08676,0.20876
no_batch,40,1,122,0.03307,0.0863,0.20684
no_batch,40,1,123,0.03308,0.08587,0.20503
no_batch,40,1,124,0.03311,0.08549,0.20332
no_batch,40,1,125,0.03314,0.08514,0.20171
no_batch,40,1,126,0.03318,0.08482,0.20021
no_batch,40,1,127,0.03323,0.08454,0.19879
no_batch,40,1,128,0.03329,0.08429,0.19746
no_batch,40,1,129,0.03336,0.08406,0.19621
no_batch,40,1,130,0.03343,0.08387,0.19504
no_batch,40,1,131,0.03352,0.0837,0.19394
no_batch,40,1,132,0.03361,0.08356,0.19291
no_batch,40,1,133,0.03371,0.08344,0.19193
no_batch,40,1,134,0.03382,0.08334,0.19102
no_batch,40,1,135,0.03394,0.08326,0.19015
no_batch,40,1,136,0.03407,0.0832,0.18932
no_batch,40,1,137,0.0342,0.08316,0.18854
no_batch,40,1,138,0.03434,0.08314,0.18778
no_batch,40,1,139,0.0345,0.08313,0.18705
no_batch,40,1,140,0.03466,0.08314,0.18635
no_batch,40,1,141,0.03483,0.08316,0.18565
no_batch,40,1,142,0.03501,0.08319,0.18497
no_batch,40,1,143,0.0352,0.08323,0.18428
no_batch,40,1,144,0.0354,0.08329,0.1836
no_batch,40,1,145,0.03561,0.08335,0.18291
no_batch,40,1,146,0.03584,0.08341,0.18221
no_batch,40,1,147,0.03607,0.08348,0.18149
no_batch,40,1,148,0.03631,0.08356,0.18075
no_batch,40,1,149,0.03656,0.08364,0.18
no_batch,40,1,150,0.03682,0.08372,0.17921
no_batch,40,1,151,0.03709,0.0838,0.17841
no_batch,40,1,152,0.03737,0.08388,0.17757
no_batch,40,1,153,0.03766,0.08395,0.17672
no_batch,40,1,154,0.03795,0.08403,0.17584
no_batch,40,1,155,0.03824,0.0841,0.17494
no_batch,40,1,156,0.03854,0.08416,0.17404
no_batch,40,1,157,0.03883,0.08423,0.17314
no_batch,40,1,158,0.03912,0.08429,0.17226
no_batch,40,1,159,0.0394,0.08434,0.17141
no_batch,40,1,160,0.03967,0.0844,0.17059
no_batch,40,1,161,0.03994,0.08446,0.16982
no_batch,40,1,162,0.04019,0.08451,0.16908
no_batch,40,1,163,0.04044,0.08457,0.1684
no_batch,40,1,164,0.04067,0.08462,0.16777
no_batch,40,1,165,0.04089,0.08468,0.1672
no_batch,40,1,166,0.04109,0.08474,0.16667
no_batch,40,1,167,0.04129,0.0848,0.16619
no_batch,40,1,168,0.04148,0.08486,0.16575
no_batch,40,1,169,0.04166,0.08492,0.16535
no_batch,40,1,170,0.04184,0.08499,0.16498
no_batch,40,1,171,0.04202,0.08506,0.16464
no_batch,40,1,172,0.04219,0.08514,0.16431
no_batch,40,1,173,0.04237,0.08522,0.16398
no_batch,40,1,174,0.04256,0.08531,0.16365
no_batch,40,1,175,0.04276,0.0854,0.16331
no_batch,40,1,176,0.04298,0.0855,0.16295
no_batch,40,1,177,0.04321,0.08561,0.16256
no_batch,40,1,178,0.04345,0.08573,0.16214
no_batch,40,1,179,0.04372,0.08585,0.1617
no_batch,40,1,180,0.04401,0.08598,0.16123
no_batch,40,1,181,0.04432,0.08612,0.16073
no_batch,40,1,182,0.04464,0.08627,0.16022
no_batch,40,1,183,0.04497,0.08643,0.15972
no_batch,40,1,184,0.04532,0.0866,0.15924
no_batch,40,1,185,0.04565,0.08679,0.15882
no_batch,40,1,186,0.04598,0.08698,0.15849
no_batch,40,1,187,0.04627,0.08719,0.15831
no_batch,40,1,188,0.0465,0.08741,0.15833
no_batch,40,1,189,0.04666,0.08765,0.15864
no_batch,40,1,190,0.04672,0.0879,0.1593
no_batch,40,1,191,0.04664,0.08816,0.16042
no_batch,40,1,192,0.0464,0.08844,0.16211
no_batch,40,2,20,0.09335,0.56919,0.9443
no_batch,40,2,21,0.09857,0.57109,0.9419
no_batch,40,2,22,0.10345,0.57242,0.93951
no_batch,40,2,23,0.10797,0.57319,0.93711
no_batch,40,2,24,0.11212,0.57341,0.93468
no_batch,40,2,25,0.11587,0.5731,0.93221
no_batch,40,2,26,0.11924,0.57227,0.92968
no_batch,40,2,27,0.12223,0.57092,0.92709
no_batch,40,2,28,0.12483,0.56908,0.9244
no_batch,40,2,29,0.12707,0.56674,0.9216
no_batch,40,2,30,0.12896,0.56393,0.91867
no_batch,40,2,31,0.1305,0.56065,0.91561
no_batch,40,2,32,0.13173,0.5569,0.91237
no_batch,40,2,33,0.13265,0.55271,0.90896
no_batch,40,2,34,0.13328,0.54808,0.90535
no_batch,40,2,35,0.13364,0.54303,0.90152
no_batch,40,2,36,0.13374,0.53755,0.89745
no_batch,40,2,37,0.1336,0.53167,0.89314
no_batch,40,2,38,0.13323,0.5254,0.88855
no_batch,40,2,39,0.13264,0.51874,0.88369
no_batch,40,2,40,0.13185,0.51172,0.87852
no_batch,40,2,41,0.13086,0.50434,0.87304
no_batch,40,2,42,0.1297,0.49663,0.86723
no_batch,40,2,43,0.12836,0.48859,0.86107
no_batch,40,2,44,0.12687,0.48025,0.85456
no_batch,40,2,45,0.12522,0.47161,0.84769
no_batch,40,2,46,0.12343,0.46271,0.84044
no_batch,40,2,47,0.12152,0.45357,0.8328
no_batch,40,2,48,0.11948,0.44419,0.82477
no_batch,40,2,49,0.11733,0.4346,0.81634
no_batch,40,2,50,0.11509,0.42484,0.8075
no_batch,40,2,51,0.11276,0.41491,0.79826
no_batch,40,2,52,0.11035,0.40484,0.7886
no_batch,40,2,53,0.10788,0.39466,0.77852
no_batch,40,2,54,0.10535,0.38439,0.76803
no_batch,40,2,55,0.10279,0.37406,0.75712
no_batch,40,2,56,0.10019,0.36369,0.7458
no_batch,40,2,57,0.09758,0.35331,0.73407
no_batch,40,2,58,0.09496,0.34294,0.72193
no_batch,40,2,59,0.09235,0.3326,0.70938
no_batch,40,2,60,0.08976,0.32232,0.69643
no_batch,40,2,61,0.08719,0.31212,0.68308
no_batch,40,2,62,0.08466,0.30202,0.66935
no_batch,40,2,63,0.08218,0.29205,0.65525
no_batch,40,2,64,0.07975,0.28222,0.6408
no_batch,40,2,65,0.07737,0.27255,0.62602
no_batch,40,2,66,0.07505,0.26305,0.61094
no_batch,40,2,67,0.07279,0.25375,0.59559
no_batch,40,2,68,0.0706,0.24465,0.58001
no_batch,40,2,69,0.06847,0.23577,0.56424
no_batch,40,2,70,0.06641,0.22712,0.54832
no_batch,40,2,71,0.06442,0.21871,0.53229
no_batch,40,2,72,0.06249,0.21054,0.5162
no_batch,40,2,73,0.06064,0.20263,0.5001
no_batch,40,2,74,0.05884,0.19497,0.48404
no_batch,40,2,75,0.05712,0.18757,0.46806
no_batch,40,2,76,0.05545,0.18043,0.45222
no_batch,40,2,77,0.05386,0.17356,0.43656
no_batch,40,2,78,0.05232,0.16695,0.42112
no_batch,40,2,79,0.05085,0.16061,0.40595
no_batch,40,2,80,0.04944,0.15452,0.39109
no_batch,40,2,81,0.04808,0.1487,0.37657
no_batch,40,2,82,0.04678,0.14312,0.36243
no_batch,40,2,83,0.04554,0.1378,0.3487
no_batch,40,2,84,0.04435,0.13273,0.33539
no_batch,40,2,85,0.04322,0.12789,0.32254
no_batch,40,2,86,0.04213,0.12329,0.31016
no_batch,40,2,87,0.0411,0.11892,0.29825
no_batch,40,2,88,0.04012,0.11477,0.28684
no_batch,40,2,89,0.03918,0.11084,0.27593
no_batch,40,2,90,0.0383,0.10713,0.26551
no_batch,40,2,91,0.03745,0.10361,0.2556
no_batch,40,2,92,0.03666,0.10029,0.24617
no_batch,40,2,93,0.03591,0.09717,0.23724
no_batch,40,2,94,0.0352,0.09423,0.22879
no_batch,40,2,95,0.03454,0.09147,0.22081
no_batch,40,2,96,0.03392,0.08889,0.21329
no_batch,40,2,97,0.03334,0.08647,0.20622
no_batch,40,2,98,0.03281,0.08422,0.19959
no_batch,40,2,99,0.03232,0.08213,0.19338
no_batch,40,2,100,0.03187,0.08019,0.18758
no_batch,40,2,101,0.03146,0.0784,0.18218
no_batch,40,2,102,0.0311,0.07675,0.17716
no_batch,40,2,103,0.03079,0.07525,0.1725
no_batch,40,2,104,0.03052,0.07389,0.1682
no_batch,40,2,105,0.03029,0.07266,0.16425
no_batch,40,2,106,0.03011,0.07157,0.16062
no_batch,40,2,107,0.02998,0.0706,0.15732
no_batch,40,2,108,0.0299,0.06977,0.15433
no_batch,40,2,109,0.02987,0.06906,0.15163
no_batch,40,2,110,0.02989,0.06847,0.14921
no_batch,40,2,111,0.02995,0.068,0.14705
no_batch,40,2,112,0.03006,0.06762,0.14512
no_batch,40,2,113,0.0302,0.06735,0.14343
no_batch,40,2,114,0.03039,0.06717,0.14195
no_batch,40,2,115,0.03062,0.06709,0.14066
no_batch,40,2,116,0.03089,0.06708,0.13957
no_batch,40,2,117,0.0312,0.06716,0.13866
no_batch,40,2,118,0.03154,0.06732,0.13792
no_batch,40,2,119,0.03191,0.06755,0.13734
no_batch,40,2,120,0.03233,0.06786,0.13691
no_batch,40,2,121,0.03277,0.06823,0.13663
no_batch,40,2,122,0.03324,0.06866,0.13649
no_batch,40,2,123,0.03375,0.06916,0.13647
no_batch,40,2,124,0.03428,0.06971,0.13658
no_batch,40,2,125,0.03485,0.07033,0.13681
no_batch,40,2,126,0.03544,0.07099,0.13714
no_batch,40,2,127,0.03605,0.0717,0.13758
no_batch,40,2,128,0.03669,0.07247,0.13812
no_batch,40,2,129,0.03736,0.07327,0.13874
no_batch,40,2,130,0.03804,0.07412,0.13944
no_batch,40,2,131,0.03875,0.075,0.14022
no_batch,40,2,132,0.03947,0.07592,0.14106
no_batch,40,2,133,0.04022,0.07687,0.14196
no_batch,40,2,134,0.04098,0.07784,0.14291
no_batch,40,2,135,0.04176,0.07883,0.14389
no_batch,40,2,136,0.04255,0.07985,0.1449
no_batch,40,2,137,0.04335,0.08088,0.14593
no_batch,40,2,138,0.04417,0.08191,0.14697
no_batch,40,2,139,0.04499,0.08296,0.148
no_batch,40,2,140,0.04582,0.084,0.14901
no_batch,40,2,141,0.04666,0.08503,0.14999
no_batch,40,2,142,0.0475,0.08605,0.15094
no_batch,40,2,143,0.04835,0.08706,0.15183
no_batch,40,2,144,0.04919,0.08804,0.15265
no_batch,40,2,145,0.05003,0.08899,0.15339
no_batch,40,2,146,0.05087,0.08991,0.15404
no_batch,40,2,147,0.0517,0.09079,0.15459
no_batch,40,2,148,0.05253,0.09161,0.15502
no_batch,40,2,149,0.05333,0.09238,0.15533
no_batch,40,2,150,0.05413,0.09309,0.15549
no_batch,40,2,151,0.0549,0.09373,0.15551
no_batch,40,2,152,0.05564,0.09429,0.15538
no_batch,40,2,153,0.05635,0.09477,0.15508
no_batch,40,2,154,0.05703,0.09517,0.15462
no_batch,40,2,155,0.05766,0.09546,0.15399
no_batch,40,2,156,0.05825,0.09567,0.15321
no_batch,40,2,157,0.05878,0.09578,0.15229
no_batch,40,2,158,0.05925,0.0958,0.15126
no_batch,40,2,159,0.05966,0.09573,0.15014
no_batch,40,2,160,0.05999,0.09558,0.14893
no_batch,40,2,161,0.06026,0.09534,0.14765
no_batch,40,2,162,0.06044,0.09503,0.14633
no_batch,40,2,163,0.06055,0.09464,0.14496
no_batch,40,2,164,0.06058,0.09418,0.14357
no_batch,40,2,165,0.06052,0.09365,0.14215
no_batch,40,2,166,0.06039,0.09305,0.14072
no_batch,40,2,167,0.06018,0.09239,0.13927
no_batch,40,2,168,0.0599,0.09166,0.13781
no_batch,40,2,169,0.05954,0.09089,0.13634
no_batch,40,2,170,0.05913,0.09006,0.13486
no_batch,40,2,171,0.05865,0.08918,0.13335
no_batch,40,2,172,0.05813,0.08826,0.13182
no_batch,40,2,173,0.05757,0.0873,0.13025
no_batch,40,2,174,0.05697,0.0863,0.12865
no_batch,40,2,175,0.05635,0.08526,0.12701
no_batch,40,2,176,0.05571,0.0842,0.12531
no_batch,40,2,177,0.05506,0.08311,0.12357
no_batch,40,2,178,0.0544,0.08199,0.12177
no_batch,40,2,179,0.05374,0.08086,0.11992
no_batch,40,2,180,0.05308,0.0797,0.11801
no_batch,40,2,181,0.05242,0.07854,0.11607
no_batch,40,2,182,0.05176,0.07736,0.11409
no_batch,40,2,183,0.0511,0.07617,0.1121
no_batch,40,2,184,0.05043,0.07498,0.11011
no_batch,40,2,185,0.04974,0.07379,0.10814
no_batch,40,2,186,0.04902,0.0726,0.10624
no_batch,40,2,187,0.04826,0.0714,0.10443
no_batch,40,2,188,0.04743,0.07022,0.10277
no_batch,40,2,189,0.04652,0.06904,0.1013
no_batch,40,2,190,0.0455,0.06787,0.10007
no_batch,40,2,191,0.04435,0.06671,0.09915
no_batch,40,2,192,0.04306,0.06556,0.09859
no_batch,40,3,20,0.06652,0.43189,0.89023
no_batch,40,3,21,0.06978,0.43579,0.88831
no_batch,40,3,22,0.07283,0.43919,0.88646
no_batch,40,3,23,0.07568,0.44209,0.88465
no_batch,40,3,24,0.07831,0.4445,0.88285
no_batch,40,3,25,0.08072,0.44644,0.88105
no_batch,40,3,26,0.08292,0.44791,0.87922
no_batch,40,3,27,0.08491,0.44892,0.87733
no_batch,40,3,28,0.0867,0.44949,0.87536
no_batch,40,3,29,0.08828,0.44962,0.8733
no_batch,40,3,30,0.08967,0.44933,0.87112
no_batch,40,3,31,0.09087,0.44862,0.86882
no_batch,40,3,32,0.0919,0.44751,0.86636
no_batch,40,3,33,0.09276,0.44601,0.86375
no_batch,40,3,34,0.09345,0.44413,0.86097
no_batch,40,3,35,0.094,0.44188,0.858
no_batch,40,3,36,0.09439,0.43928,0.85483
no_batch,40,3,37,0.09465,0.43634,0.85146
no_batch,40,3,38,0.09477,0.43307,0.84788
no_batch,40,3,39,0.09476,0.42948,0.84408
no_batch,40,3,40,0.09463,0.42559,0.84005
no_batch,40,3,41,0.09439,0.42142,0.8358
no_batch,40,3,42,0.09403,0.41696,0.83131
no_batch,40,3,43,0.09356,0.41225,0.82657
no_batch,40,3,44,0.09299,0.40728,0.8216
no_batch,40,3,45,0.09232,0.40209,0.81639
no_batch,40,3,46,0.09156,0.39667,0.81093
no_batch,40,3,47,0.09071,0.39106,0.80523
no_batch,40,3,48,0.08978,0.38526,0.79928
no_batch,40,3,49,0.08877,0.37929,0.79309
no_batch,40,3,50,0.08768,0.37316,0.78666
no_batch,40,3,51,0.08653,0.36689,0.77998
no_batch,40,3,52,0.08532,0.3605,0.77307
no_batch,40,3,53,0.08406,0.354,0.76592
no_batch,40,3,54,0.08275,0.34741,0.75854
no_batch,40,3,55,0.08139,0.34074,0.75092
no_batch,40,3,56,0.08001,0.33401,0.74308
no_batch,40,3,57,0.0786,0.32724,0.73501
no_batch,40,3,58,0.07716,0.32044,0.72671
no_batch,40,3,59,0.07572,0.31362,0.71819
no_batch,40,3,60,0.07427,0.3068,0.70945
no_batch,40,3,61,0.07281,0.3,0.7005
no_batch,40,3,62,0.07137,0.29323,0.69132
no_batch,40,3,63,0.06994,0.28649,0.68194
no_batch,40,3,64,0.06852,0.27981,0.67235
no_batch,40,3,65,0.06712,0.27318,0.66255
no_batch,40,3,66,0.06574,0.26661,0.65257
no_batch,40,3,67,0.06438,0.26012,0.64241
no_batch,40,3,68,0.06304,0.25371,0.63207
no_batch,40,3,69,0.06172,0.24739,0.62158
no_batch,40,3,70,0.06044,0.24117,0.61095
no_batch,40,3,71,0.05917,0.23505,0.60019
no_batch,40,3,72,0.05794,0.22904,0.58932
no_batch,40,3,73,0.05673,0.22314,0.57837
no_batch,40,3,74,0.05555,0.21736,0.56734
no_batch,40,3,75,0.0544,0.2117,0.55626
no_batch,40,3,76,0.05328,0.20617,0.54515
no_batch,40,3,77,0.05219,0.20077,0.53404
no_batch,40,3,78,0.05112,0.19551,0.52293
no_batch,40,3,79,0.05009,0.19037,0.51187
no_batch,40,3,80,0.04908,0.18538,0.50086
no_batch,40,3,81,0.0481,0.18053,0.48992
no_batch,40,3,82,0.04714,0.17581,0.47909
no_batch,40,3,83,0.04622,0.17124,0.46837
no_batch,40,3,84,0.04532,0.16681,0.45779
no_batch,40,3,85,0.04445,0.16252,0.44737
no_batch,40,3,86,0.04361,0.15837,0.43711
no_batch,40,3,87,0.04279,0.15436,0.42705
no_batch,40,3,88,0.042,0.1505,0.41719
no_batch,40,3,89,0.04124,0.14677,0.40755
no_batch,40,3,90,0.04051,0.14318,0.39813
no_batch,40,3,91,0.0398,0.13973,0.38896
no_batch,40,3,92,0.03912,0.13642,0.38003
no_batch,40,3,93,0.03846,0.13324,0.37136
no_batch,40,3,94,0.03784,0.1302,0.36295
no_batch,40,3,95,0.03724,0.12728,0.35481
no_batch,40,3,96,0.03667,0.1245,0.34694
no_batch,40,3,97,0.03612,0.12184,0.33934
no_batch,40,3,98,0.03561,0.11931,0.33203
no_batch,40,3,99,0.03512,0.1169,0.32499
no_batch,40,3,100,0.03466,0.11461,0.31823
no_batch,40,3,101,0.03422,0.11245,0.31175
no_batch,40,3,102,0.03382,0.1104,0.30554
no_batch,40,3,103,0.03345,0.10847,0.29961
no_batch,40,3,104,0.0331,0.10666,0.29396
no_batch,40,3,105,0.03279,0.10496,0.28857
no_batch,40,3,106,0.03251,0.10337,0.28346
no_batch,40,3,107,0.03225,0.10189,0.27861
no_batch,40,3,108,0.03203,0.10053,0.27402
no_batch,40,3,109,0.03184,0.09927,0.2697
no_batch,40,3,110,0.03168,0.09811,0.26562
no_batch,40,3,111,0.03155,0.09705,0.26178
no_batch,40,3,112,0.03144,0.09608,0.25816
no_batch,40,3,113,0.03136,0.09519,0.25477
no_batch,40,3,114,0.0313,0.09439,0.25159
no_batch,40,3,115,0.03127,0.09367,0.24861
no_batch,40,3,116,0.03126,0.09302,0.24583
no_batch,40,3,117,0.03127,0.09244,0.24323
no_batch,40,3,118,0.0313,0.09193,0.24082
no_batch,40,3,119,0.03135,0.09149,0.23858
no_batch,40,3,120,0.03142,0.09111,0.23651
no_batch,40,3,121,0.0315,0.09078,0.2346
no_batch,40,3,122,0.0316,0.09051,0.23284
no_batch,40,3,123,0.03172,0.0903,0.23123
no_batch,40,3,124,0.03185,0.09014,0.22976
no_batch,40,3,125,0.032,0.09002,0.22843
no_batch,40,3,126,0.03216,0.08995,0.22722
no_batch,40,3,127,0.03233,0.08993,0.22613
no_batch,40,3,128,0.03252,0.08994,0.22516
no_batch,40,3,129,0.03272,0.09,0.22429
no_batch,40,3,130,0.03293,0.09009,0.22353
no_batch,40,3,131,0.03316,0.09022,0.22285
no_batch,40,3,132,0.03339,0.09038,0.22226
no_batch,40,3,133,0.03364,0.09058,0.22175
no_batch,40,3,134,0.0339,0.0908,0.22131
no_batch,40,3,135,0.03417,0.09105,0.22092
no_batch,40,3,136,0.03446,0.09132,0.2206
no_batch,40,3,137,0.03475,0.09162,0.22031
no_batch,40,3,138,0.03506,0.09194,0.22006
no_batch,40,3,139,0.03537,0.09228,0.21985
no_batch,40,3,140,0.0357,0.09263,0.21965
no_batch,40,3,141,0.03605,0.093,0.21946
no_batch,40,3,142,0.0364,0.09338,0.21928
no_batch,40,3,143,0.03677,0.09378,0.21909
no_batch,40,3,144,0.03714,0.09418,0.21889
no_batch,40,3,145,0.03754,0.09459,0.21866
no_batch,40,3,146,0.03794,0.095,0.21841
no_batch,40,3,147,0.03835,0.09542,0.21813
no_batch,40,3,148,0.03878,0.09583,0.2178
no_batch,40,3,149,0.03922,0.09624,0.21742
no_batch,40,3,150,0.03967,0.09665,0.217
no_batch,40,3,151,0.04013,0.09705,0.21651
no_batch,40,3,152,0.04059,0.09744,0.21597
no_batch,40,3,153,0.04107,0.09782,0.21537
no_batch,40,3,154,0.04155,0.09818,0.2147
no_batch,40,3,155,0.04204,0.09853,0.21398
no_batch,40,3,156,0.04252,0.09886,0.21321
no_batch,40,3,157,0.04301,0.09917,0.21241
no_batch,40,3,158,0.04349,0.09947,0.21159
no_batch,40,3,159,0.04396,0.09976,0.21077
no_batch,40,3,160,0.04443,0.10004,0.20997
no_batch,40,3,161,0.04488,0.1003,0.20918
no_batch,40,3,162,0.04532,0.10056,0.20843
no_batch,40,3,163,0.04575,0.10081,0.20771
no_batch,40,3,164,0.04616,0.10105,0.20704
no_batch,40,3,165,0.04655,0.10128,0.20642
no_batch,40,3,166,0.04693,0.10151,0.20585
no_batch,40,3,167,0.0473,0.10174,0.20534
no_batch,40,3,168,0.04765,0.10197,0.20487
no_batch,40,3,169,0.04799,0.10219,0.20445
no_batch,40,3,170,0.04832,0.10242,0.20408
no_batch,40,3,171,0.04864,0.10264,0.20374
no_batch,40,3,172,0.04896,0.10287,0.20344
no_batch,40,3,173,0.04928,0.10311,0.20315
no_batch,40,3,174,0.0496,0.10334,0.20288
no_batch,40,3,175,0.04993,0.10359,0.20262
no_batch,40,3,176,0.05027,0.10384,0.20236
no_batch,40,3,177,0.05062,0.10411,0.20209
no_batch,40,3,178,0.05098,0.10438,0.20182
no_batch,40,3,179,0.05137,0.10467,0.20153
no_batch,40,3,180,0.05177,0.10497,0.20124
no_batch,40,3,181,0.05219,0.10529,0.20094
no_batch,40,3,182,0.05263,0.10562,0.20065
no_batch,40,3,183,0.05308,0.10597,0.20039
no_batch,40,3,184,0.05354,0.10634,0.20018
no_batch,40,3,185,0.054,0.10673,0.20004
no_batch,40,3,186,0.05445,0.10714,0.20003
no_batch,40,3,187,0.05486,0.10758,0.2002
no_batch,40,3,188,0.05523,0.10804,0.20061
no_batch,40,3,189,0.05553,0.10853,0.20133
no_batch,40,3,190,0.05572,0.10904,0.20247
no_batch,40,3,191,0.05577,0.10959,0.20411
no_batch,40,3,192,0.05566,0.11017,0.2064
no_batch,40,4,20,0.03916,0.51205,0.96431
no_batch,40,4,21,0.04149,0.51115,0.96192
no_batch,40,4,22,0.04379,0.51,0.95944
no_batch,40,4,23,0.04607,0.50861,0.95687
no_batch,40,4,24,0.0483,0.50698,0.9542
no_batch,40,4,25,0.0505,0.50511,0.95143
no_batch,40,4,26,0.05265,0.503,0.94854
no_batch,40,4,27,0.05474,0.50065,0.94553
no_batch,40,4,28,0.05679,0.49808,0.94238
no_batch,40,4,29,0.05877,0.49527,0.9391
no_batch,40,4,30,0.0607,0.49223,0.93566
no_batch,40,4,31,0.06256,0.48897,0.93206
no_batch,40,4,32,0.06436,0.48548,0.92828
no_batch,40,4,33,0.0661,0.48177,0.92431
no_batch,40,4,34,0.06776,0.47785,0.92014
no_batch,40,4,35,0.06936,0.47371,0.91576
no_batch,40,4,36,0.07088,0.46935,0.91115
no_batch,40,4,37,0.07232,0.46479,0.90631
no_batch,40,4,38,0.07369,0.46002,0.90122
no_batch,40,4,39,0.07497,0.45505,0.89588
no_batch,40,4,40,0.07616,0.44989,0.89026
no_batch,40,4,41,0.07727,0.44453,0.88436
no_batch,40,4,42,0.07829,0.43898,0.87817
no_batch,40,4,43,0.07921,0.43325,0.87168
no_batch,40,4,44,0.08004,0.42734,0.86488
no_batch,40,4,45,0.08076,0.42126,0.85776
no_batch,40,4,46,0.08139,0.41501,0.85032
no_batch,40,4,47,0.08191,0.40861,0.84254
no_batch,40,4,48,0.08232,0.40205,0.83443
no_batch,40,4,49,0.08263,0.39534,0.82597
no_batch,40,4,50,0.08283,0.38849,0.81716
no_batch,40,4,51,0.08292,0.38152,0.808
no_batch,40,4,52,0.08291,0.37442,0.79848
no_batch,40,4,53,0.08279,0.3672,0.7886
no_batch,40,4,54,0.08257,0.35988,0.77835
no_batch,40,4,55,0.08226,0.35246,0.76774
no_batch,40,4,56,0.08185,0.34495,0.75675
no_batch,40,4,57,0.08134,0.33737,0.74538
no_batch,40,4,58,0.08076,0.32972,0.73363
no_batch,40,4,59,0.08009,0.322,0.7215
no_batch,40,4,60,0.07936,0.31425,0.70898
no_batch,40,4,61,0.07856,0.30645,0.69606
no_batch,40,4,62,0.0777,0.29864,0.68277
no_batch,40,4,63,0.07678,0.29084,0.66912
no_batch,40,4,64,0.07583,0.28304,0.65512
no_batch,40,4,65,0.07483,0.27529,0.64079
no_batch,40,4,66,0.07381,0.26758,0.62616
no_batch,40,4,67,0.07275,0.25993,0.61125
no_batch,40,4,68,0.07167,0.25237,0.59609
no_batch,40,4,69,0.07058,0.24489,0.58072
no_batch,40,4,70,0.06947,0.23752,0.56518
no_batch,40,4,71,0.06835,0.23026,0.54949
no_batch,40,4,72,0.06723,0.22313,0.53371
no_batch,40,4,73,0.0661,0.21614,0.51788
no_batch,40,4,74,0.06498,0.20929,0.50203
no_batch,40,4,75,0.06385,0.2026,0.48622
no_batch,40,4,76,0.06274,0.19606,0.47048
no_batch,40,4,77,0.06163,0.18969,0.45487
no_batch,40,4,78,0.06053,0.18349,0.43942
no_batch,40,4,79,0.05944,0.17747,0.42417
no_batch,40,4,80,0.05836,0.17162,0.40916
no_batch,40,4,81,0.0573,0.16596,0.39444
no_batch,40,4,82,0.05626,0.16048,0.38003
no_batch,40,4,83,0.05523,0.15519,0.36596
no_batch,40,4,84,0.05423,0.15008,0.35227
no_batch,40,4,85,0.05324,0.14516,0.33896
no_batch,40,4,86,0.05227,0.14042,0.32608
no_batch,40,4,87,0.05132,0.13586,0.31362
no_batch,40,4,88,0.0504,0.13149,0.30161
no_batch,40,4,89,0.0495,0.1273,0.29006
no_batch,40,4,90,0.04863,0.12329,0.27897
no_batch,40,4,91,0.04778,0.11945,0.26834
no_batch,40,4,92,0.04695,0.11578,0.25817
no_batch,40,4,93,0.04616,0.11228,0.24847
no_batch,40,4,94,0.04539,0.10895,0.23922
no_batch,40,4,95,0.04465,0.10578,0.23043
no_batch,40,4,96,0.04394,0.10277,0.22208
no_batch,40,4,97,0.04326,0.09991,0.21416
no_batch,40,4,98,0.04261,0.09721,0.20667
no_batch,40,4,99,0.04199,0.09465,0.19958
no_batch,40,4,100,0.04141,0.09224,0.19289
no_batch,40,4,101,0.04087,0.08997,0.18659
no_batch,40,4,102,0.04035,0.08783,0.18066
no_batch,40,4,103,0.03988,0.08584,0.17508
no_batch,40,4,104,0.03945,0.08397,0.16985
no_batch,40,4,105,0.03905,0.08223,0.16495
no_batch,40,4,106,0.0387,0.08062,0.16037
no_batch,40,4,107,0.03839,0.07913,0.15609
no_batch,40,4,108,0.03812,0.07776,0.15209
no_batch,40,4,109,0.0379,0.0765,0.14837
no_batch,40,4,110,0.03771,0.07535,0.14491
no_batch,40,4,111,0.03757,0.0743,0.14169
no_batch,40,4,112,0.03746,0.07335,0.13869
no_batch,40,4,113,0.03739,0.07249,0.1359
no_batch,40,4,114,0.03735,0.07172,0.13332
no_batch,40,4,115,0.03735,0.07102,0.13093
no_batch,40,4,116,0.03738,0.07041,0.12873
no_batch,40,4,117,0.03745,0.06988,0.1267
no_batch,40,4,118,0.03755,0.06942,0.12483
no_batch,40,4,119,0.03768,0.06903,0.12312
no_batch,40,4,120,0.03784,0.0687,0.12156
no_batch,40,4,121,0.03803,0.06845,0.12015
no_batch,40,4,122,0.03825,0.06825,0.11888
no_batch,40,4,123,0.0385,0.06812,0.11774
no_batch,40,4,124,0.03878,0.06805,0.11672
no_batch,40,4,125,0.03908,0.06803,0.11583
no_batch,40,4,126,0.03942,0.06807,0.11506
no_batch,40,4,127,0.03978,0.06817,0.1144
no_batch,40,4,128,0.04017,0.06832,0.11386
no_batch,40,4,129,0.04059,0.06852,0.11341
no_batch,40,4,130,0.04103,0.06878,0.11307
no_batch,40,4,131,0.04151,0.06908,0.11283
no_batch,40,4,132,0.04201,0.06944,0.11268
no_batch,40,4,133,0.04254,0.06984,0.11261
no_batch,40,4,134,0.0431,0.0703,0.11264
no_batch,40,4,135,0.04369,0.0708,0.11274
no_batch,40,4,136,0.04431,0.07134,0.11292
no_batch,40,4,137,0.04496,0.07194,0.11318
no_batch,40,4,138,0.04565,0.07257,0.1135
no_batch,40,4,139,0.04636,0.07326,0.11389
no_batch,40,4,140,0.04712,0.07399,0.11433
no_batch,40,4,141,0.04791,0.07476,0.11484
no_batch,40,4,142,0.04874,0.07557,0.11539
no_batch,40,4,143,0.04961,0.07643,0.11599
no_batch,40,4,144,0.05052,0.07733,0.11664
no_batch,40,4,145,0.05147,0.07828,0.11732
no_batch,40,4,146,0.05247,0.07926,0.11803
no_batch,40,4,147,0.05351,0.08029,0.11878
no_batch,40,4,148,0.05461,0.08135,0.11955
no_batch,40,4,149,0.05575,0.08246,0.12034
no_batch,40,4,150,0.05694,0.0836,0.12115
no_batch,40,4,151,0.05818,0.08479,0.12198
no_batch,40,4,152,0.05948,0.08601,0.12283
no_batch,40,4,153,0.06082,0.08726,0.12369
no_batch,40,4,154,0.06222,0.08856,0.12456
no_batch,40,4,155,0.06366,0.08988,0.12546
no_batch,40,4,156,0.06514,0.09123,0.12637
no_batch,40,4,157,0.06663,0.0926,0.1273
no_batch,40,4,158,0.06814,0.09397,0.12826
no_batch,40,4,159,0.06964,0.09535,0.12923
no_batch,40,4,160,0.07113,0.09672,0.13023
no_batch,40,4,161,0.07258,0.09807,0.13125
no_batch,40,4,162,0.07399,0.0994,0.13229
no_batch,40,4,163,0.07533,0.10069,0.13334
no_batch,40,4,164,0.0766,0.10193,0.13441
no_batch,40,4,165,0.07778,0.10311,0.13547
no_batch,40,4,166,0.07887,0.10422,0.13652
no_batch,40,4,167,0.07984,0.10526,0.13755
no_batch,40,4,168,0.08071,0.1062,0.13853
no_batch,40,4,169,0.08145,0.10704,0.13943
no_batch,40,4,170,0.08208,0.10776,0.14025
no_batch,40,4,171,0.08258,0.10836,0.14095
no_batch,40,4,172,0.08296,0.10882,0.14149
no_batch,40,4,173,0.08322,0.10913,0.14186
no_batch,40,4,174,0.08337,0.10929,0.14202
no_batch,40,4,175,0.0834,0.10927,0.14193
no_batch,40,4,176,0.08332,0.10908,0.14158
no_batch,40,4,177,0.08313,0.10871,0.14093
no_batch,40,4,178,0.08284,0.10814,0.13997
no_batch,40,4,179,0.08245,0.10737,0.13867
no_batch,40,4,180,0.08196,0.10639,0.13702
no_batch,40,4,181,0.08137,0.10521,0.135
no_batch,40,4,182,0.08068,0.10381,0.13262
no_batch,40,4,183,0.07988,0.10221,0.12989
no_batch,40,4,184,0.07897,0.10039,0.12681
no_batch,40,4,185,0.07794,0.09836,0.12341
no_batch,40,4,186,0.07676,0.09612,0.11974
no_batch,40,4,187,0.07542,0.09369,0.11583
no_batch,40,4,188,0.07389,0.09107,0.11176
no_batch,40,4,189,0.07211,0.08826,0.10761
no_batch,40,4,190,0.07005,0.08529,0.10348
no_batch,40,4,191,0.06763,0.08216,0.09949
no_batch,40,4,192,0.06481,0.0789,0.09573
no_batch,40,5,20,0.36219,0.60219,0.8014
no_batch,40,5,21,0.38079,0.61106,0.80056
no_batch,40,5,22,0.39739,0.61891,0.79999
no_batch,40,5,23,0.41195,0.62578,0.79966
no_batch,40,5,24,0.42451,0.63169,0.79951
no_batch,40,5,25,0.43511,0.63669,0.79948
no_batch,40,5,26,0.44387,0.64081,0.7995
no_batch,40,5,27,0.4509,0.64409,0.79953
no_batch,40,5,28,0.45631,0.64655,0.79948
no_batch,40,5,29,0.46024,0.64823,0.7993
no_batch,40,5,30,0.46281,0.64916,0.79894
no_batch,40,5,31,0.46414,0.64935,0.79835
no_batch,40,5,32,0.46434,0.64882,0.79748
no_batch,40,5,33,0.46351,0.64761,0.79629
no_batch,40,5,34,0.46174,0.64572,0.79476
no_batch,40,5,35,0.4591,0.64317,0.79285
no_batch,40,5,36,0.45567,0.63997,0.79056
no_batch,40,5,37,0.4515,0.63615,0.78785
no_batch,40,5,38,0.44664,0.63171,0.78472
no_batch,40,5,39,0.44115,0.62667,0.78116
no_batch,40,5,40,0.43505,0.62104,0.77716
no_batch,40,5,41,0.4284,0.61483,0.77272
no_batch,40,5,42,0.42122,0.60806,0.76783
no_batch,40,5,43,0.41356,0.60074,0.7625
no_batch,40,5,44,0.40543,0.59289,0.75672
no_batch,40,5,45,0.39687,0.58453,0.7505
no_batch,40,5,46,0.38793,0.57566,0.74384
no_batch,40,5,47,0.37862,0.56633,0.73675
no_batch,40,5,48,0.369,0.55653,0.72923
no_batch,40,5,49,0.35908,0.54631,0.72129
no_batch,40,5,50,0.34893,0.53568,0.71294
no_batch,40,5,51,0.33858,0.52468,0.70418
no_batch,40,5,52,0.32807,0.51334,0.69502
no_batch,40,5,53,0.31745,0.50169,0.68547
no_batch,40,5,54,0.30677,0.48976,0.67553
no_batch,40,5,55,0.29607,0.47759,0.66523
no_batch,40,5,56,0.28541,0.46523,0.65456
no_batch,40,5,57,0.27483,0.4527,0.64353
no_batch,40,5,58,0.26437,0.44006,0.63216
no_batch,40,5,59,0.25409,0.42734,0.62046
no_batch,40,5,60,0.244,0.41458,0.60843
no_batch,40,5,61,0.23417,0.40183,0.5961
no_batch,40,5,62,0.2246,0.38912,0.58347
no_batch,40,5,63,0.21532,0.37649,0.57057
no_batch,40,5,64,0.20633,0.36396,0.55742
no_batch,40,5,65,0.19765,0.35155,0.54405
no_batch,40,5,66,0.18926,0.33931,0.53048
no_batch,40,5,67,0.18118,0.32724,0.51674
no_batch,40,5,68,0.1734,0.31538,0.50288
no_batch,40,5,69,0.16593,0.30375,0.48893
no_batch,40,5,70,0.15875,0.29236,0.47493
no_batch,40,5,71,0.15187,0.28124,0.46092
no_batch,40,5,72,0.14528,0.2704,0.44694
no_batch,40,5,73,0.13896,0.25986,0.43303
no_batch,40,5,74,0.13292,0.24962,0.41924
no_batch,40,5,75,0.12715,0.2397,0.40559
no_batch,40,5,76,0.12163,0.23011,0.39213
no_batch,40,5,77,0.11637,0.22084,0.37889
no_batch,40,5,78,0.11135,0.21191,0.36591
no_batch,40,5,79,0.10656,0.20332,0.35322
no_batch,40,5,80,0.10199,0.19506,0.34084
no_batch,40,5,81,0.09764,0.18714,0.32879
no_batch,40,5,82,0.0935,0.17956,0.31711
no_batch,40,5,83,0.08957,0.17231,0.30581
no_batch,40,5,84,0.08582,0.16538,0.2949
no_batch,40,5,85,0.08227,0.15877,0.28439
no_batch,40,5,86,0.07889,0.15248,0.27429
no_batch,40,5,87,0.07568,0.1465,0.2646
no_batch,40,5,88,0.07264,0.14081,0.25534
no_batch,40,5,89,0.06976,0.13542,0.24649
no_batch,40,5,90,0.06704,0.13031,0.23806
no_batch,40,5,91,0.06446,0.12547,0.23004
no_batch,40,5,92,0.06202,0.1209,0.22242
no_batch,40,5,93,0.05973,0.11659,0.21521
no_batch,40,5,94,0.05756,0.11253,0.20838
no_batch,40,5,95,0.05552,0.1087,0.20193
no_batch,40,5,96,0.0536,0.10511,0.19586
no_batch,40,5,97,0.05181,0.10174,0.19014
no_batch,40,5,98,0.05012,0.09858,0.18477
no_batch,40,5,99,0.04855,0.09563,0.17974
no_batch,40,5,100,0.04708,0.09288,0.17504
no_batch,40,5,101,0.04572,0.09032,0.17065
no_batch,40,5,102,0.04445,0.08795,0.16657
no_batch,40,5,103,0.04329,0.08575,0.16279
no_batch,40,5,104,0.04221,0.08373,0.15929
no_batch,40,5,105,0.04123,0.08188,0.15608
no_batch,40,5,106,0.04034,0.08019,0.15313
no_batch,40,5,107,0.03953,0.07866,0.15046
no_batch,40,5,108,0.0388,0.07728,0.14804
no_batch,40,5,109,0.03815,0.07605,0.14586
no_batch,40,5,110,0.03757,0.07494,0.14392
no_batch,40,5,111,0.03706,0.07396,0.14219
no_batch,40,5,112,0.03661,0.0731,0.14066
no_batch,40,5,113,0.03621,0.07235,0.13934
no_batch,40,5,114,0.03587,0.0717,0.1382
no_batch,40,5,115,0.03557,0.07115,0.13724
no_batch,40,5,116,0.03532,0.07069,0.13646
no_batch,40,5,117,0.03511,0.07032,0.13584
no_batch,40,5,118,0.03495,0.07003,0.13537
no_batch,40,5,119,0.03482,0.06982,0.13507
no_batch,40,5,120,0.03472,0.06968,0.1349
no_batch,40,5,121,0.03466,0.06961,0.13488
no_batch,40,5,122,0.03463,0.06961,0.135
no_batch,40,5,123,0.03463,0.06968,0.13524
no_batch,40,5,124,0.03465,0.0698,0.1356
no_batch,40,5,125,0.0347,0.06999,0.13609
no_batch,40,5,126,0.03478,0.07023,0.13668
no_batch,40,5,127,0.03488,0.07052,0.13738
no_batch,40,5,128,0.035,0.07085,0.13818
no_batch,40,5,129,0.03514,0.07124,0.13907
no_batch,40,5,130,0.0353,0.07167,0.14005
no_batch,40,5,131,0.03549,0.07214,0.14111
no_batch,40,5,132,0.03569,0.07265,0.14223
no_batch,40,5,133,0.03591,0.07319,0.14342
no_batch,40,5,134,0.03615,0.07377,0.14466
no_batch,40,5,135,0.0364,0.07437,0.14595
no_batch,40,5,136,0.03667,0.075,0.14727
no_batch,40,5,137,0.03696,0.07566,0.14863
no_batch,40,5,138,0.03726,0.07633,0.15
no_batch,40,5,139,0.03758,0.07703,0.15137
no_batch,40,5,140,0.03791,0.07773,0.15275
no_batch,40,5,141,0.03826,0.07845,0.15411
no_batch,40,5,142,0.03861,0.07918,0.15545
no_batch,40,5,143,0.03899,0.0799,0.15676
no_batch,40,5,144,0.03937,0.08063,0.15803
no_batch,40,5,145,0.03976,0.08135,0.15924
no_batch,40,5,146,0.04016,0.08207,0.16039
no_batch,40,5,147,0.04057,0.08277,0.16147
no_batch,40,5,148,0.04098,0.08345,0.16248
no_batch,40,5,149,0.04139,0.08411,0.16339
no_batch,40,5,150,0.04181,0.08474,0.16422
no_batch,40,5,151,0.04222,0.08535,0.16495
no_batch,40,5,152,0.04262,0.08592,0.16558
no_batch,40,5,153,0.04302,0.08644,0.1661
no_batch,40,5,154,0.0434,0.08693,0.16654
no_batch,40,5,155,0.04376,0.08738,0.1669
no_batch,40,5,156,0.0441,0.08779,0.16721
no_batch,40,5,157,0.04442,0.08817,0.16749
no_batch,40,5,158,0.04471,0.08852,0.16775
no_batch,40,5,159,0.04497,0.08885,0.168
no_batch,40,5,160,0.04521,0.08915,0.16826
no_batch,40,5,161,0.04542,0.08943,0.16854
no_batch,40,5,162,0.0456,0.08969,0.16886
no_batch,40,5,163,0.04575,0.08993,0.16921
no_batch,40,5,164,0.04588,0.09017,0.16961
no_batch,40,5,165,0.04599,0.0904,0.17005
no_batch,40,5,166,0.04608,0.09062,0.17053
no_batch,40,5,167,0.04615,0.09084,0.17106
no_batch,40,5,168,0.04621,0.09107,0.17164
no_batch,40,5,169,0.04626,0.09129,0.17225
no_batch,40,5,170,0.04631,0.09153,0.1729
no_batch,40,5,171,0.04637,0.09178,0.17357
no_batch,40,5,172,0.04644,0.09205,0.17427
no_batch,40,5,173,0.04652,0.09233,0.17499
no_batch,40,5,174,0.04662,0.09264,0.17572
no_batch,40,5,175,0.04674,0.09298,0.17647
no_batch,40,5,176,0.0469,0.09334,0.17723
no_batch,40,5,177,0.04708,0.09374,0.17801
no_batch,40,5,178,0.04729,0.09418,0.17882
no_batch,40,5,179,0.04754,0.09466,0.17966
no_batch,40,5,180,0.04782,0.09518,0.18055
no_batch,40,5,181,0.04813,0.09576,0.18153
no_batch,40,5,182,0.04846,0.09639,0.18261
no_batch,40,5,183,0.04881,0.09707,0.18385
no_batch,40,5,184,0.04915,0.09783,0.1853
no_batch,40,5,185,0.04949,0.09865,0.18701
no_batch,40,5,186,0.0498,0.09954,0.18908
no_batch,40,5,187,0.05005,0.10051,0.19158
no_batch,40,5,188,0.05023,0.10157,0.19464
no_batch,40,5,189,0.05029,0.10272,0.19838
no_batch,40,5,190,0.05022,0.10396,0.20294
no_batch,40,5,191,0.04997,0.10531,0.20848
no_batch,40,5,192,0.04953,0.10677,0.21518
no_batch,40,6,20,0.17347,0.55733,0.88308
no_batch,40,6,21,0.17904,0.55879,0.8803
no_batch,40,6,22,0.18388,0.55975,0.87767
no_batch,40,6,23,0.18801,0.56023,0.87514
no_batch,40,6,24,0.19146,0.56025,0.87268
no_batch,40,6,25,0.19426,0.55981,0.87027
no_batch,40,6,26,0.19646,0.55892,0.86786
no_batch,40,6,27,0.19809,0.55761,0.86543
no_batch,40,6,28,0.19921,0.55587,0.86296
no_batch,40,6,29,0.19985,0.55372,0.8604
no_batch,40,6,30,0.20007,0.55116,0.85774
no_batch,40,6,31,0.1999,0.54822,0.85494
no_batch,40,6,32,0.19937,0.5449,0.852
no_batch,40,6,33,0.19852,0.5412,0.84889
no_batch,40,6,34,0.19738,0.53715,0.8456
no_batch,40,6,35,0.19599,0.53275,0.8421
no_batch,40,6,36,0.19436,0.52801,0.83838
no_batch,40,6,37,0.19251,0.52294,0.83444
no_batch,40,6,38,0.19047,0.51756,0.83027
no_batch,40,6,39,0.18825,0.51188,0.82584
no_batch,40,6,40,0.18587,0.50591,0.82117
no_batch,40,6,41,0.18335,0.49966,0.81624
no_batch,40,6,42,0.18068,0.49315,0.81106
no_batch,40,6,43,0.17789,0.48638,0.80561
no_batch,40,6,44,0.17499,0.47939,0.79989
no_batch,40,6,45,0.17199,0.47217,0.79392
no_batch,40,6,46,0.16889,0.46475,0.78769
no_batch,40,6,47,0.1657,0.45714,0.78119
no_batch,40,6,48,0.16244,0.44935,0.77445
no_batch,40,6,49,0.15912,0.44142,0.76745
no_batch,40,6,50,0.15574,0.43334,0.76021
no_batch,40,6,51,0.15232,0.42515,0.75273
no_batch,40,6,52,0.14886,0.41686,0.74502
no_batch,40,6,53,0.14537,0.40848,0.73708
no_batch,40,6,54,0.14188,0.40003,0.72891
no_batch,40,6,55,0.13838,0.39154,0.72054
no_batch,40,6,56,0.13489,0.38302,0.71195
no_batch,40,6,57,0.13142,0.37448,0.70316
no_batch,40,6,58,0.12798,0.36595,0.69417
no_batch,40,6,59,0.12459,0.35745,0.68499
no_batch,40,6,60,0.12124,0.34898,0.67561
no_batch,40,6,61,0.11796,0.34057,0.66606
no_batch,40,6,62,0.11474,0.33223,0.65633
no_batch,40,6,63,0.1116,0.32397,0.64642
no_batch,40,6,64,0.10853,0.3158,0.63635
no_batch,40,6,65,0.10554,0.30773,0.62612
no_batch,40,6,66,0.10263,0.29976,0.61574
no_batch,40,6,67,0.0998,0.29191,0.60522
no_batch,40,6,68,0.09704,0.28418,0.59458
no_batch,40,6,69,0.09436,0.27658,0.58384
no_batch,40,6,70,0.09176,0.26911,0.57299
no_batch,40,6,71,0.08924,0.26179,0.56207
no_batch,40,6,72,0.08679,0.25461,0.55109
no_batch,40,6,73,0.08442,0.24758,0.54007
no_batch,40,6,74,0.08212,0.2407,0.52902
no_batch,40,6,75,0.07989,0.23398,0.51797
no_batch,40,6,76,0.07773,0.22743,0.50694
no_batch,40,6,77,0.07565,0.22104,0.49594
no_batch,40,6,78,0.07362,0.21481,0.48499
no_batch,40,6,79,0.07167,0.20875,0.47412
no_batch,40,6,80,0.06977,0.20286,0.46335
no_batch,40,6,81,0.06794,0.19713,0.45268
no_batch,40,6,82,0.06617,0.19158,0.44214
no_batch,40,6,83,0.06446,0.1862,0.43174
no_batch,40,6,84,0.0628,0.18098,0.42151
no_batch,40,6,85,0.06121,0.17593,0.41145
no_batch,40,6,86,0.05966,0.17105,0.40157
no_batch,40,6,87,0.05817,0.16633,0.3919
no_batch,40,6,88,0.05673,0.16177,0.38243
no_batch,40,6,89,0.05535,0.15738,0.37318
no_batch,40,6,90,0.05401,0.15314,0.36416
no_batch,40,6,91,0.05272,0.14906,0.35538
no_batch,40,6,92,0.05149,0.14513,0.34683
no_batch,40,6,93,0.0503,0.14136,0.33852
no_batch,40,6,94,0.04915,0.13773,0.33047
no_batch,40,6,95,0.04805,0.13425,0.32266
no_batch,40,6,96,0.047,0.13091,0.3151
no_batch,40,6,97,0.046,0.12772,0.30779
no_batch,40,6,98,0.04503,0.12466,0.30073
no_batch,40,6,99,0.04411,0.12173,0.29392
no_batch,40,6,100,0.04324,0.11894,0.28736
no_batch,40,6,101,0.0424,0.11627,0.28104
no_batch,40,6,102,0.04161,0.11373,0.27497
no_batch,40,6,103,0.04086,0.11131,0.26914
no_batch,40,6,104,0.04015,0.10901,0.26354
no_batch,40,6,105,0.03948,0.10683,0.25818
no_batch,40,6,106,0.03886,0.10477,0.25305
no_batch,40,6,107,0.03827,0.10281,0.24814
no_batch,40,6,108,0.03772,0.10097,0.24347
no_batch,40,6,109,0.0372,0.09923,0.239
no_batch,40,6,110,0.03672,0.09759,0.23475
no_batch,40,6,111,0.03627,0.09604,0.2307
no_batch,40,6,112,0.03585,0.09458,0.22685
no_batch,40,6,113,0.03546,0.0932,0.2232
no_batch,40,6,114,0.0351,0.09191,0.21972
no_batch,40,6,115,0.03476,0.09069,0.21643
no_batch,40,6,116,0.03445,0.08955,0.21332
no_batch,40,6,117,0.03415,0.08848,0.21038
no_batch,40,6,118,0.03388,0.08747,0.2076
no_batch,40,6,119,0.03363,0.08653,0.20498
no_batch,40,6,120,0.0334,0.08565,0.20252
no_batch,40,6,121,0.03318,0.08482,0.2002
no_batch,40,6,122,0.03298,0.08406,0.19804
no_batch,40,6,123,0.0328,0.08335,0.19601
no_batch,40,6,124,0.03263,0.08269,0.19411
no_batch,40,6,125,0.03248,0.08207,0.19234
no_batch,40,6,126,0.03234,0.08151,0.19069
no_batch,40,6,127,0.03222,0.08099,0.18916
no_batch,40,6,128,0.03211,0.08052,0.18774
no_batch,40,6,129,0.03202,0.08009,0.18642
no_batch,40,6,130,0.03194,0.07969,0.1852
no_batch,40,6,131,0.03187,0.07934,0.18407
no_batch,40,6,132,0.03182,0.07902,0.18303
no_batch,40,6,133,0.03178,0.07874,0.18206
no_batch,40,6,134,0.03176,0.0785,0.18116
no_batch,40,6,135,0.03175,0.07828,0.18033
no_batch,40,6,136,0.03175,0.0781,0.17956
no_batch,40,6,137,0.03177,0.07795,0.17884
no_batch,40,6,138,0.03181,0.07783,0.17817
no_batch,40,6,139,0.03186,0.07773,0.17753
no_batch,40,6,140,0.03193,0.07767,0.17693
no_batch,40,6,141,0.03202,0.07763,0.17635
no_batch,40,6,142,0.03213,0.07761,0.17579
no_batch,40,6,143,0.03225,0.07762,0.17525
no_batch,40,6,144,0.03239,0.07765,0.17472
no_batch,40,6,145,0.03255,0.0777,0.17419
no_batch,40,6,146,0.03273,0.07777,0.17367
no_batch,40,6,147,0.03293,0.07786,0.17314
no_batch,40,6,148,0.03314,0.07797,0.17261
no_batch,40,6,149,0.03338,0.0781,0.17206
no_batch,40,6,150,0.03363,0.07824,0.17151
no_batch,40,6,151,0.03391,0.0784,0.17096
no_batch,40,6,152,0.0342,0.07858,0.17039
no_batch,40,6,153,0.0345,0.07877,0.16982
no_batch,40,6,154,0.03483,0.07897,0.16925
no_batch,40,6,155,0.03516,0.07918,0.1687
no_batch,40,6,156,0.0355,0.07941,0.16818
no_batch,40,6,157,0.03584,0.07965,0.1677
no_batch,40,6,158,0.03619,0.07991,0.16727
no_batch,40,6,159,0.03654,0.08018,0.1669
no_batch,40,6,160,0.03689,0.08046,0.1666
no_batch,40,6,161,0.03723,0.08076,0.16637
no_batch,40,6,162,0.03757,0.08106,0.16622
no_batch,40,6,163,0.0379,0.08139,0.16615
no_batch,40,6,164,0.03822,0.08172,0.16617
no_batch,40,6,165,0.03854,0.08207,0.16626
no_batch,40,6,166,0.03885,0.08243,0.16644
no_batch,40,6,167,0.03916,0.08281,0.16669
no_batch,40,6,168,0.03946,0.0832,0.16701
no_batch,40,6,169,0.03976,0.08361,0.16739
no_batch,40,6,170,0.04006,0.08402,0.16782
no_batch,40,6,171,0.04036,0.08446,0.16829
no_batch,40,6,172,0.04066,0.0849,0.1688
no_batch,40,6,173,0.04098,0.08536,0.16932
no_batch,40,6,174,0.04131,0.08584,0.16986
no_batch,40,6,175,0.04165,0.08632,0.1704
no_batch,40,6,176,0.04201,0.08683,0.17092
no_batch,40,6,177,0.04239,0.08734,0.17143
no_batch,40,6,178,0.04279,0.08788,0.17192
no_batch,40,6,179,0.04322,0.08842,0.17239
no_batch,40,6,180,0.04367,0.08898,0.17284
no_batch,40,6,181,0.04413,0.08956,0.17327
no_batch,40,6,182,0.04462,0.09015,0.1737
no_batch,40,6,183,0.04511,0.09076,0.17415
no_batch,40,6,184,0.04561,0.09138,0.17465
no_batch,40,6,185,0.04611,0.09201,0.17523
no_batch,40,6,186,0.04657,0.09267,0.17595
no_batch,40,6,187,0.047,0.09333,0.17686
no_batch,40,6,188,0.04736,0.09402,0.17805
no_batch,40,6,189,0.04762,0.09471,0.17959
no_batch,40,6,190,0.04776,0.09543,0.18159
no_batch,40,6,191,0.04775,0.09616,0.18417
no_batch,40,6,192,0.04754,0.09691,0.18746
no_batch,40,7,20,0.20213,0.6382,0.92471
no_batch,40,7,21,0.2042,0.63567,0.92226
no_batch,40,7,22,0.20551,0.6329,0.91994
no_batch,40,7,23,0.20615,0.6299,0.91773
no_batch,40,7,24,0.20618,0.62667,0.9156
no_batch,40,7,25,0.20568,0.6232,0.91353
no_batch,40,7,26,0.2047,0.6195,0.9115
no_batch,40,7,27,0.20331,0.61558,0.90949
no_batch,40,7,28,0.20155,0.61142,0.90748
no_batch,40,7,29,0.19949,0.60704,0.90544
no_batch,40,7,30,0.19716,0.60243,0.90338
no_batch,40,7,31,0.19461,0.5976,0.90125
no_batch,40,7,32,0.19187,0.59254,0.89907
no_batch,40,7,33,0.18895,0.58727,0.8968
no_batch,40,7,34,0.1859,0.58177,0.89444
no_batch,40,7,35,0.18273,0.57606,0.89199
no_batch,40,7,36,0.17946,0.57014,0.88943
no_batch,40,7,37,0.17609,0.56401,0.88675
no_batch,40,7,38,0.17265,0.55768,0.88396
no_batch,40,7,39,0.16914,0.55114,0.88104
no_batch,40,7,40,0.16558,0.5444,0.87798
no_batch,40,7,41,0.16196,0.53747,0.8748
no_batch,40,7,42,0.15829,0.53036,0.87148
no_batch,40,7,43,0.15459,0.52306,0.86803
no_batch,40,7,44,0.15085,0.51558,0.86443
no_batch,40,7,45,0.14709,0.50793,0.86069
no_batch,40,7,46,0.14331,0.50012,0.8568
no_batch,40,7,47,0.13951,0.49215,0.85277
no_batch,40,7,48,0.13571,0.48403,0.84859
no_batch,40,7,49,0.1319,0.47577,0.84426
no_batch,40,7,50,0.1281,0.46738,0.83977
no_batch,40,7,51,0.12432,0.45887,0.83512
no_batch,40,7,52,0.12056,0.45024,0.8303
no_batch,40,7,53,0.11682,0.44151,0.82532
no_batch,40,7,54,0.11313,0.43269,0.82015
no_batch,40,7,55,0.10948,0.42378,0.8148
no_batch,40,7,56,0.10588,0.4148,0.80926
no_batch,40,7,57,0.10235,0.40576,0.80352
no_batch,40,7,58,0.09888,0.39668,0.79756
no_batch,40,7,59,0.09548,0.38755,0.79137
no_batch,40,7,60,0.09217,0.37841,0.78495
no_batch,40,7,61,0.08894,0.36925,0.77829
no_batch,40,7,62,0.0858,0.3601,0.77139
no_batch,40,7,63,0.08275,0.35098,0.76425
no_batch,40,7,64,0.07979,0.3419,0.75686
no_batch,40,7,65,0.07692,0.33288,0.74924
no_batch,40,7,66,0.07415,0.32394,0.74138
no_batch,40,7,67,0.07147,0.31508,0.73329
no_batch,40,7,68,0.06888,0.30633,0.72499
no_batch,40,7,69,0.06638,0.29769,0.71647
no_batch,40,7,70,0.06397,0.28918,0.70775
no_batch,40,7,71,0.06165,0.28082,0.69884
no_batch,40,7,72,0.05942,0.27261,0.68976
no_batch,40,7,73,0.05727,0.26456,0.68051
no_batch,40,7,74,0.0552,0.25668,0.67113
no_batch,40,7,75,0.05322,0.24898,0.66162
no_batch,40,7,76,0.05131,0.24146,0.65201
no_batch,40,7,77,0.04948,0.23414,0.64231
no_batch,40,7,78,0.04772,0.22702,0.63254
no_batch,40,7,79,0.04603,0.2201,0.62273
no_batch,40,7,80,0.04442,0.21339,0.61291
no_batch,40,7,81,0.04287,0.20689,0.60308
no_batch,40,7,82,0.04138,0.2006,0.59327
no_batch,40,7,83,0.03996,0.19452,0.58352
no_batch,40,7,84,0.0386,0.18865,0.57382
no_batch,40,7,85,0.0373,0.183,0.56422
no_batch,40,7,86,0.03606,0.17756,0.55472
no_batch,40,7,87,0.03488,0.17233,0.54536
no_batch,40,7,88,0.03375,0.16731,0.53614
no_batch,40,7,89,0.03267,0.16249,0.52708
no_batch,40,7,90,0.03165,0.15789,0.51821
no_batch,40,7,91,0.03067,0.15348,0.50954
no_batch,40,7,92,0.02975,0.14928,0.50108
no_batch,40,7,93,0.02887,0.14527,0.49285
no_batch,40,7,94,0.02803,0.14146,0.48486
no_batch,40,7,95,0.02725,0.13783,0.47712
no_batch,40,7,96,0.0265,0.13439,0.46964
no_batch,40,7,97,0.0258,0.13114,0.46243
no_batch,40,7,98,0.02514,0.12806,0.45551
no_batch,40,7,99,0.02452,0.12516,0.44887
no_batch,40,7,100,0.02393,0.12243,0.44253
no_batch,40,7,101,0.02339,0.11988,0.43649
no_batch,40,7,102,0.02288,0.11748,0.43076
no_batch,40,7,103,0.02241,0.11525,0.42535
no_batch,40,7,104,0.02198,0.11319,0.42025
no_batch,40,7,105,0.02158,0.11128,0.41548
no_batch,40,7,106,0.02121,0.10952,0.41104
no_batch,40,7,107,0.02088,0.10792,0.40693
no_batch,40,7,108,0.02058,0.10646,0.40314
no_batch,40,7,109,0.02031,0.10513,0.39967
no_batch,40,7,110,0.02006,0.10393,0.3965
no_batch,40,7,111,0.01984,0.10285,0.39363
no_batch,40,7,112,0.01965,0.10188,0.39104
no_batch,40,7,113,0.01947,0.10102,0.38874
no_batch,40,7,114,0.01932,0.10027,0.38671
no_batch,40,7,115,0.01918,0.09961,0.38495
no_batch,40,7,116,0.01906,0.09905,0.38345
no_batch,40,7,117,0.01896,0.09857,0.38219
no_batch,40,7,118,0.01888,0.09818,0.38119
no_batch,40,7,119,0.01881,0.09787,0.38042
no_batch,40,7,120,0.01875,0.09763,0.37987
no_batch,40,7,121,0.01871,0.09747,0.37955
no_batch,40,7,122,0.01868,0.09738,0.37944
no_batch,40,7,123,0.01866,0.09736,0.37953
no_batch,40,7,124,0.01866,0.0974,0.37981
no_batch,40,7,125,0.01866,0.0975,0.38028
no_batch,40,7,126,0.01868,0.09765,0.38092
no_batch,40,7,127,0.0187,0.09787,0.38172
no_batch,40,7,128,0.01874,0.09813,0.38268
no_batch,40,7,129,0.01879,0.09844,0.38378
no_batch,40,7,130,0.01884,0.0988,0.38501
no_batch,40,7,131,0.0189,0.09921,0.38636
no_batch,40,7,132,0.01897,0.09966,0.38781
no_batch,40,7,133,0.01905,0.10014,0.38936
no_batch,40,7,134,0.01914,0.10066,0.39099
no_batch,40,7,135,0.01924,0.10122,0.39269
no_batch,40,7,136,0.01934,0.1018,0.39445
no_batch,40,7,137,0.01945,0.10242,0.39625
no_batch,40,7,138,0.01957,0.10306,0.39807
no_batch,40,7,139,0.0197,0.10372,0.39992
no_batch,40,7,140,0.01983,0.1044,0.40176
no_batch,40,7,141,0.01997,0.1051,0.4036
no_batch,40,7,142,0.02012,0.10581,0.40542
no_batch,40,7,143,0.02028,0.10653,0.4072
no_batch,40,7,144,0.02044,0.10726,0.40893
no_batch,40,7,145,0.02061,0.108,0.41061
no_batch,40,7,146,0.02078,0.10873,0.41222
no_batch,40,7,147,0.02096,0.10946,0.41375
no_batch,40,7,148,0.02114,0.11019,0.4152
no_batch,40,7,149,0.02133,0.11091,0.41655
no_batch,40,7,150,0.02152,0.11161,0.4178
no_batch,40,7,151,0.02171,0.11229,0.41896
no_batch,40,7,152,0.0219,0.11296,0.42
no_batch,40,7,153,0.02209,0.1136,0.42094
no_batch,40,7,154,0.02228,0.11421,0.42178
no_batch,40,7,155,0.02246,0.11478,0.42253
no_batch,40,7,156,0.02264,0.11532,0.42318
no_batch,40,7,157,0.0228,0.11581,0.42375
no_batch,40,7,158,0.02295,0.11625,0.42424
no_batch,40,7,159,0.02308,0.11664,0.42464
no_batch,40,7,160,0.02319,0.11697,0.42497
no_batch,40,7,161,0.02328,0.11723,0.4252
no_batch,40,7,162,0.02335,0.11742,0.42534
no_batch,40,7,163,0.0234,0.11754,0.42538
no_batch,40,7,164,0.02343,0.11757,0.42532
no_batch,40,7,165,0.02342,0.11753,0.42513
no_batch,40,7,166,0.02339,0.11739,0.42482
no_batch,40,7,167,0.02333,0.11716,0.42436
no_batch,40,7,168,0.02325,0.11684,0.42373
no_batch,40,7,169,0.02314,0.11641,0.42292
no_batch,40,7,170,0.023,0.11588,0.42192
no_batch,40,7,171,0.02283,0.11524,0.4207
no_batch,40,7,172,0.02263,0.11449,0.41926
no_batch,40,7,173,0.02241,0.11363,0.41756
no_batch,40,7,174,0.02216,0.11265,0.4156
no_batch,40,7,175,0.02189,0.11156,0.41336
no_batch,40,7,176,0.02159,0.11035,0.41083
no_batch,40,7,177,0.02126,0.10901,0.40802
no_batch,40,7,178,0.0209,0.10756,0.4049
no_batch,40,7,179,0.02052,0.10599,0.40149
no_batch,40,7,180,0.02012,0.1043,0.3978
no_batch,40,7,181,0.01968,0.1025,0.39383
no_batch,40,7,182,0.01922,0.10058,0.38961
no_batch,40,7,183,0.01872,0.09855,0.38517
no_batch,40,7,184,0.0182,0.09642,0.38055
no_batch,40,7,185,0.01764,0.09418,0.3758
no_batch,40,7,186,0.01705,0.09184,0.37096
no_batch,40,7,187,0.01642,0.08941,0.36611
no_batch,40,7,188,0.01575,0.08689,0.36132
no_batch,40,7,189,0.01505,0.08429,0.35667
no_batch,40,7,190,0.01432,0.08162,0.35226
no_batch,40,7,191,0.01354,0.07888,0.34819
no_batch,40,7,192,0.01274,0.07609,0.34456
no_batch,40,8,20,0.1752,0.63663,0.93528
no_batch,40,8,21,0.1759,0.6317,0.93235
no_batch,40,8,22,0.17599,0.62661,0.92951
no_batch,40,8,23,0.17551,0.62136,0.92674
no_batch,40,8,24,0.17454,0.61595,0.92404
no_batch,40,8,25,0.17314,0.61038,0.92139
no_batch,40,8,26,0.17137,0.60465,0.91877
no_batch,40,8,27,0.16928,0.59877,0.91617
no_batch,40,8,28,0.16693,0.59272,0.91357
no_batch,40,8,29,0.16436,0.58653,0.91096
no_batch,40,8,30,0.1616,0.58018,0.90833
no_batch,40,8,31,0.1587,0.57369,0.90566
no_batch,40,8,32,0.15568,0.56705,0.90294
no_batch,40,8,33,0.15257,0.56027,0.90017
no_batch,40,8,34,0.14939,0.55334,0.89732
no_batch,40,8,35,0.14615,0.54628,0.89439
no_batch,40,8,36,0.14288,0.53909,0.89138
no_batch,40,8,37,0.13959,0.53177,0.88827
no_batch,40,8,38,0.13627,0.52432,0.88507
no_batch,40,8,39,0.13296,0.51676,0.88176
no_batch,40,8,40,0.12964,0.50908,0.87834
no_batch,40,8,41,0.12632,0.50129,0.87481
no_batch,40,8,42,0.12302,0.49339,0.87117
no_batch,40,8,43,0.11973,0.4854,0.8674
no_batch,40,8,44,0.11646,0.47732,0.86352
no_batch,40,8,45,0.11321,0.46916,0.85952
no_batch,40,8,46,0.10999,0.46092,0.85539
no_batch,40,8,47,0.1068,0.4526,0.85114
no_batch,40,8,48,0.10364,0.44423,0.84675
no_batch,40,8,49,0.10052,0.4358,0.84223
no_batch,40,8,50,0.09745,0.42732,0.83758
no_batch,40,8,51,0.09442,0.4188,0.83278
no_batch,40,8,52,0.09144,0.41025,0.82784
no_batch,40,8,53,0.08851,0.40168,0.82274
no_batch,40,8,54,0.08564,0.39309,0.81748
no_batch,40,8,55,0.08283,0.38449,0.81206
no_batch,40,8,56,0.08009,0.3759,0.80645
no_batch,40,8,57,0.07742,0.36731,0.80066
no_batch,40,8,58,0.07482,0.35875,0.79468
no_batch,40,8,59,0.07229,0.35021,0.78848
no_batch,40,8,60,0.06984,0.34171,0.78206
no_batch,40,8,61,0.06747,0.33326,0.77542
no_batch,40,8,62,0.06518,0.32486,0.76856
no_batch,40,8,63,0.06297,0.31655,0.76147
no_batch,40,8,64,0.06083,0.30831,0.75416
no_batch,40,8,65,0.05877,0.30018,0.74663
no_batch,40,8,66,0.05678,0.29215,0.73888
no_batch,40,8,67,0.05487,0.28424,0.73092
no_batch,40,8,68,0.05303,0.27646,0.72277
no_batch,40,8,69,0.05126,0.26881,0.71442
no_batch,40,8,70,0.04955,0.26131,0.7059
no_batch,40,8,71,0.04791,0.25395,0.69721
no_batch,40,8,72,0.04633,0.24676,0.68837
no_batch,40,8,73,0.04482,0.23973,0.67939
no_batch,40,8,74,0.04336,0.23287,0.67029
no_batch,40,8,75,0.04196,0.22618,0.66108
no_batch,40,8,76,0.04062,0.21967,0.65179
no_batch,40,8,77,0.03932,0.21333,0.64244
no_batch,40,8,78,0.03808,0.20719,0.63304
no_batch,40,8,79,0.03689,0.20122,0.62362
no_batch,40,8,80,0.03574,0.19544,0.61419
no_batch,40,8,81,0.03464,0.18985,0.60478
no_batch,40,8,82,0.03359,0.18444,0.59541
no_batch,40,8,83,0.03257,0.17922,0.58609
no_batch,40,8,84,0.0316,0.17418,0.57685
no_batch,40,8,85,0.03067,0.16933,0.56771
no_batch,40,8,86,0.02978,0.16466,0.55868
no_batch,40,8,87,0.02893,0.16018,0.54978
no_batch,40,8,88,0.02811,0.15587,0.54104
no_batch,40,8,89,0.02733,0.15174,0.53246
no_batch,40,8,90,0.02658,0.14778,0.52406
no_batch,40,8,91,0.02587,0.144,0.51586
no_batch,40,8,92,0.02519,0.14038,0.50787
no_batch,40,8,93,0.02455,0.13693,0.50009
no_batch,40,8,94,0.02393,0.13364,0.49254
no_batch,40,8,95,0.02335,0.13052,0.48523
no_batch,40,8,96,0.02279,0.12755,0.47816
no_batch,40,8,97,0.02227,0.12474,0.47135
no_batch,40,8,98,0.02178,0.12207,0.46481
no_batch,40,8,99,0.02131,0.11956,0.45852
no_batch,40,8,100,0.02088,0.11719,0.45251
no_batch,40,8,101,0.02047,0.11497,0.44678
no_batch,40,8,102,0.02009,0.11288,0.44132
no_batch,40,8,103,0.01973,0.11094,0.43615
no_batch,40,8,104,0.0194,0.10913,0.43127
no_batch,40,8,105,0.0191,0.10746,0.42668
no_batch,40,8,106,0.01883,0.10592,0.42239
no_batch,40,8,107,0.01858,0.10451,0.41839
no_batch,40,8,108,0.01835,0.10322,0.41468
no_batch,40,8,109,0.01815,0.10204,0.41125
no_batch,40,8,110,0.01797,0.10097,0.40808
no_batch,40,8,111,0.01781,0.10001,0.40518
no_batch,40,8,112,0.01766,0.09915,0.40254
no_batch,40,8,113,0.01753,0.09838,0.40016
no_batch,40,8,114,0.01742,0.0977,0.39801
no_batch,40,8,115,0.01733,0.0971,0.39611
no_batch,40,8,116,0.01725,0.09659,0.39444
no_batch,40,8,117,0.01718,0.09615,0.39299
no_batch,40,8,118,0.01712,0.09578,0.39176
no_batch,40,8,119,0.01708,0.09549,0.39075
no_batch,40,8,120,0.01705,0.09526,0.38994
no_batch,40,8,121,0.01703,0.09509,0.38933
no_batch,40,8,122,0.01701,0.09499,0.38891
no_batch,40,8,123,0.01701,0.09494,0.38868
no_batch,40,8,124,0.01702,0.09495,0.38861
no_batch,40,8,125,0.01704,0.09501,0.38872
no_batch,40,8,126,0.01706,0.09512,0.38898
no_batch,40,8,127,0.0171,0.09528,0.3894
no_batch,40,8,128,0.01714,0.09549,0.38995
no_batch,40,8,129,0.01718,0.09573,0.39063
no_batch,40,8,130,0.01724,0.09602,0.39143
no_batch,40,8,131,0.0173,0.09634,0.39234
no_batch,40,8,132,0.01737,0.0967,0.39334
no_batch,40,8,133,0.01745,0.0971,0.39444
no_batch,40,8,134,0.01753,0.09752,0.3956
no_batch,40,8,135,0.01762,0.09797,0.39683
no_batch,40,8,136,0.01771,0.09845,0.39812
no_batch,40,8,137,0.01781,0.09895,0.39944
no_batch,40,8,138,0.01792,0.09948,0.40079
no_batch,40,8,139,0.01803,0.10002,0.40215
no_batch,40,8,140,0.01815,0.10058,0.40352
no_batch,40,8,141,0.01827,0.10115,0.40488
no_batch,40,8,142,0.0184,0.10173,0.40621
no_batch,40,8,143,0.01854,0.10232,0.40752
no_batch,40,8,144,0.01868,0.10292,0.40879
no_batch,40,8,145,0.01883,0.10352,0.41
no_batch,40,8,146,0.01898,0.10412,0.41115
no_batch,40,8,147,0.01913,0.10471,0.41224
no_batch,40,8,148,0.01929,0.1053,0.41324
no_batch,40,8,149,0.01945,0.10588,0.41416
no_batch,40,8,150,0.01961,0.10645,0.415
no_batch,40,8,151,0.01978,0.107,0.41574
no_batch,40,8,152,0.01994,0.10754,0.41638
no_batch,40,8,153,0.02011,0.10805,0.41693
no_batch,40,8,154,0.02027,0.10853,0.41739
no_batch,40,8,155,0.02043,0.10899,0.41777
no_batch,40,8,156,0.02057,0.1094,0.41806
no_batch,40,8,157,0.02071,0.10978,0.41828
no_batch,40,8,158,0.02084,0.11011,0.41842
no_batch,40,8,159,0.02095,0.1104,0.41849
no_batch,40,8,160,0.02105,0.11063,0.41847
no_batch,40,8,161,0.02113,0.11079,0.41838
no_batch,40,8,162,0.02119,0.1109,0.41819
no_batch,40,8,163,0.02123,0.11094,0.41791
no_batch,40,8,164,0.02124,0.1109,0.41753
no_batch,40,8,165,0.02124,0.11079,0.41704
no_batch,40,8,166,0.02121,0.11059,0.41641
no_batch,40,8,167,0.02116,0.11032,0.41564
no_batch,40,8,168,0.02108,0.10995,0.41472
no_batch,40,8,169,0.02098,0.10949,0.41362
no_batch,40,8,170,0.02086,0.10893,0.41232
no_batch,40,8,171,0.02071,0.10828,0.41082
no_batch,40,8,172,0.02053,0.10752,0.4091
no_batch,40,8,173,0.02034,0.10666,0.40713
no_batch,40,8,174,0.02012,0.1057,0.4049
no_batch,40,8,175,0.01987,0.10463,0.40241
no_batch,40,8,176,0.01961,0.10345,0.39964
no_batch,40,8,177,0.01932,0.10216,0.39659
no_batch,40,8,178,0.019,0.10076,0.39325
no_batch,40,8,179,0.01867,0.09926,0.38963
no_batch,40,8,180,0.01831,0.09765,0.38574
no_batch,40,8,181,0.01792,0.09593,0.38159
no_batch,40,8,182,0.01751,0.09411,0.3772
no_batch,40,8,183,0.01707,0.09219,0.37261
no_batch,40,8,184,0.0166,0.09017,0.36785
no_batch,40,8,185,0.0161,0.08805,0.36296
no_batch,40,8,186,0.01557,0.08585,0.35802
no_batch,40,8,187,0.015,0.08356,0.35307
no_batch,40,8,188,0.01441,0.0812,0.3482
no_batch,40,8,189,0.01378,0.07876,0.34349
no_batch,40,8,190,0.01311,0.07625,0.33902
no_batch,40,8,191,0.01241,0.07369,0.33491
no_batch,40,8,192,0.01168,0.07108,0.33124
no_batch,40,9,20,0.14601,0.54539,0.89382
no_batch,40,9,21,0.15088,0.54731,0.89162
no_batch,40,9,22,0.15507,0.54882,0.88966
no_batch,40,9,23,0.15859,0.54994,0.88792
no_batch,40,9,24,0.16148,0.55067,0.88635
no_batch,40,9,25,0.16377,0.55101,0.88493
no_batch,40,9,26,0.1655,0.55098,0.88362
no_batch,40,9,27,0.16672,0.55058,0.88238
no_batch,40,9,28,0.16747,0.54982,0.88117
no_batch,40,9,29,0.16779,0.54871,0.87998
no_batch,40,9,30,0.16773,0.54725,0.87878
no_batch,40,9,31,0.16733,0.54544,0.87753
no_batch,40,9,32,0.16661,0.5433,0.87622
no_batch,40,9,33,0.16562,0.54084,0.87484
no_batch,40,9,34,0.16438,0.53805,0.87335
no_batch,40,9,35,0.16291,0.53494,0.87177
no_batch,40,9,36,0.16125,0.53152,0.87006
no_batch,40,9,37,0.1594,0.5278,0.86822
no_batch,40,9,38,0.15739,0.52378,0.86625
no_batch,40,9,39,0.15522,0.51948,0.86414
no_batch,40,9,40,0.15292,0.51489,0.86188
no_batch,40,9,41,0.1505,0.51002,0.85947
no_batch,40,9,42,0.14795,0.50488,0.85691
no_batch,40,9,43,0.14531,0.49949,0.85419
no_batch,40,9,44,0.14256,0.49384,0.85131
no_batch,40,9,45,0.13973,0.48795,0.84828
no_batch,40,9,46,0.13681,0.48183,0.84509
no_batch,40,9,47,0.13383,0.47548,0.84174
no_batch,40,9,48,0.13078,0.46891,0.83822
no_batch,40,9,49,0.12768,0.46214,0.83455
no_batch,40,9,50,0.12453,0.45518,0.83071
no_batch,40,9,51,0.12135,0.44803,0.82671
no_batch,40,9,52,0.11814,0.44071,0.82254
no_batch,40,9,53,0.11491,0.43323,0.8182
no_batch,40,9,54,0.11167,0.42561,0.81369
no_batch,40,9,55,0.10844,0.41784,0.80901
no_batch,40,9,56,0.10521,0.40996,0.80414
no_batch,40,9,57,0.10201,0.40197,0.79908
no_batch,40,9,58,0.09884,0.39388,0.79383
no_batch,40,9,59,0.0957,0.38571,0.78837
no_batch,40,9,60,0.09262,0.37747,0.78271
no_batch,40,9,61,0.08958,0.36919,0.77683
no_batch,40,9,62,0.08661,0.36086,0.77073
no_batch,40,9,63,0.08371,0.3525,0.76439
no_batch,40,9,64,0.08087,0.34415,0.75783
no_batch,40,9,65,0.07811,0.3358,0.75103
no_batch,40,9,66,0.07542,0.32747,0.74401
no_batch,40,9,67,0.07281,0.31919,0.73677
no_batch,40,9,68,0.07028,0.31096,0.7293
no_batch,40,9,69,0.06782,0.30279,0.72162
no_batch,40,9,70,0.06545,0.29471,0.71374
no_batch,40,9,71,0.06315,0.28673,0.70566
no_batch,40,9,72,0.06092,0.27885,0.69739
no_batch,40,9,73,0.05877,0.27109,0.68896
no_batch,40,9,74,0.0567,0.26346,0.68036
no_batch,40,9,75,0.0547,0.25596,0.67162
no_batch,40,9,76,0.05277,0.24862,0.66274
no_batch,40,9,77,0.05092,0.24143,0.65376
no_batch,40,9,78,0.04913,0.2344,0.64468
no_batch,40,9,79,0.04741,0.22755,0.63552
no_batch,40,9,80,0.04575,0.22087,0.62631
no_batch,40,9,81,0.04416,0.21437,0.61706
no_batch,40,9,82,0.04264,0.20805,0.60779
no_batch,40,9,83,0.04117,0.20192,0.59852
no_batch,40,9,84,0.03976,0.19598,0.58928
no_batch,40,9,85,0.03842,0.19023,0.58008
no_batch,40,9,86,0.03712,0.18468,0.57095
no_batch,40,9,87,0.03589,0.17932,0.5619
no_batch,40,9,88,0.0347,0.17415,0.55295
no_batch,40,9,89,0.03357,0.16917,0.54412
no_batch,40,9,90,0.03249,0.16439,0.53542
no_batch,40,9,91,0.03146,0.1598,0.52688
no_batch,40,9,92,0.03048,0.1554,0.51851
no_batch,40,9,93,0.02954,0.15119,0.51033
no_batch,40,9,94,0.02865,0.14716,0.50234
no_batch,40,9,95,0.02781,0.14332,0.49456
no_batch,40,9,96,0.027,0.13965,0.48701
no_batch,40,9,97,0.02624,0.13617,0.47969
no_batch,40,9,98,0.02552,0.13285,0.47261
no_batch,40,9,99,0.02485,0.12972,0.46579
no_batch,40,9,100,0.02421,0.12675,0.45923
no_batch,40,9,101,0.0236,0.12394,0.45295
no_batch,40,9,102,0.02304,0.1213,0.44693
no_batch,40,9,103,0.02251,0.11882,0.44121
no_batch,40,9,104,0.02202,0.1165,0.43577
no_batch,40,9,105,0.02156,0.11434,0.43063
no_batch,40,9,106,0.02114,0.11233,0.42579
no_batch,40,9,107,0.02075,0.11047,0.42126
no_batch,40,9,108,0.02039,0.10875,0.41705
no_batch,40,9,109,0.02006,0.10719,0.41315
no_batch,40,9,110,0.01977,0.10576,0.40956
no_batch,40,9,111,0.0195,0.10446,0.40627
no_batch,40,9,112,0.01925,0.10328,0.40326
no_batch,40,9,113,0.01903,0.10222,0.40055
no_batch,40,9,114,0.01883,0.10127,0.3981
no_batch,40,9,115,0.01866,0.10042,0.39594
no_batch,40,9,116,0.0185,0.09968,0.39403
no_batch,40,9,117,0.01836,0.09902,0.39238
no_batch,40,9,118,0.01824,0.09846,0.39099
no_batch,40,9,119,0.01814,0.09799,0.38984
no_batch,40,9,120,0.01805,0.0976,0.38893
no_batch,40,9,121,0.01797,0.09729,0.38824
no_batch,40,9,122,0.01791,0.09705,0.38779
no_batch,40,9,123,0.01786,0.09689,0.38754
no_batch,40,9,124,0.01783,0.09679,0.38751
no_batch,40,9,125,0.0178,0.09676,0.38768
no_batch,40,9,126,0.01779,0.09679,0.38804
no_batch,40,9,127,0.01779,0.09689,0.38859
no_batch,40,9,128,0.01779,0.09704,0.38931
no_batch,40,9,129,0.01781,0.09725,0.3902
no_batch,40,9,130,0.01784,0.09751,0.39125
no_batch,40,9,131,0.01787,0.09781,0.39245
no_batch,40,9,132,0.01792,0.09817,0.39378
no_batch,40,9,133,0.01797,0.09858,0.39524
no_batch,40,9,134,0.01803,0.09902,0.39681
no_batch,40,9,135,0.0181,0.09951,0.3985
no_batch,40,9,136,0.01818,0.10003,0.40027
no_batch,40,9,137,0.01826,0.1006,0.40213
no_batch,40,9,138,0.01835,0.10119,0.40406
no_batch,40,9,139,0.01845,0.10182,0.40605
no_batch,40,9,140,0.01856,0.10247,0.40809
no_batch,40,9,141,0.01867,0.10315,0.41016
no_batch,40,9,142,0.01879,0.10386,0.41225
no_batch,40,9,143,0.01891,0.10458,0.41436
no_batch,40,9,144,0.01905,0.10532,0.41647
no_batch,40,9,145,0.01919,0.10608,0.41857
no_batch,40,9,146,0.01933,0.10685,0.42065
no_batch,40,9,147,0.01948,0.10763,0.42269
no_batch,40,9,148,0.01964,0.10842,0.4247
no_batch,40,9,149,0.0198,0.10921,0.42666
no_batch,40,9,150,0.01996,0.11001,0.42856
no_batch,40,9,151,0.02013,0.11079,0.43039
no_batch,40,9,152,0.0203,0.11158,0.43216
no_batch,40,9,153,0.02048,0.11235,0.43385
no_batch,40,9,154,0.02065,0.11311,0.43546
no_batch,40,9,155,0.02083,0.11386,0.437
no_batch,40,9,156,0.021,0.11458,0.43847
no_batch,40,9,157,0.02116,0.11528,0.43987
no_batch,40,9,158,0.02133,0.11596,0.4412
no_batch,40,9,159,0.02148,0.1166,0.44248
no_batch,40,9,160,0.02162,0.11721,0.44371
no_batch,40,9,161,0.02176,0.11778,0.44488
no_batch,40,9,162,0.02188,0.11831,0.44599
no_batch,40,9,163,0.02198,0.11879,0.44705
no_batch,40,9,164,0.02207,0.11922,0.44804
no_batch,40,9,165,0.02215,0.1196,0.44896
no_batch,40,9,166,0.02221,0.11992,0.44981
no_batch,40,9,167,0.02225,0.12018,0.45056
no_batch,40,9,168,0.02227,0.12037,0.45122
no_batch,40,9,169,0.02227,0.1205,0.45176
no_batch,40,9,170,0.02226,0.12055,0.45218
no_batch,40,9,171,0.02222,0.12053,0.45246
no_batch,40,9,172,0.02217,0.12043,0.45258
no_batch,40,9,173,0.0221,0.12025,0.45253
no_batch,40,9,174,0.02201,0.11998,0.45229
no_batch,40,9,175,0.02191,0.11962,0.45185
no_batch,40,9,176,0.02178,0.11917,0.45119
no_batch,40,9,177,0.02164,0.11863,0.45031
no_batch,40,9,178,0.02148,0.118,0.44919
no_batch,40,9,179,0.0213,0.11727,0.44784
no_batch,40,9,180,0.0211,0.11644,0.44624
no_batch,40,9,181,0.02087,0.11551,0.44441
no_batch,40,9,182,0.02063,0.11447,0.44235
no_batch,40,9,183,0.02037,0.11334,0.44008
no_batch,40,9,184,0.02007,0.1121,0.43762
no_batch,40,9,185,0.01976,0.11076,0.43499
no_batch,40,9,186,0.01941,0.10932,0.43224
no_batch,40,9,187,0.01902,0.10778,0.42941
no_batch,40,9,188,0.0186,0.10614,0.42656
no_batch,40,9,189,0.01814,0.1044,0.42376
no_batch,40,9,190,0.01764,0.10257,0.42108
no_batch,40,9,191,0.0171,0.10064,0.41861
no_batch,40,9,192,0.0165,0.09862,0.41645
no_batch,80,0,20,0.1589,0.60251,0.92402
no_batch,80,0,21,0.16227,0.6014,0.92158
no_batch,80,0,22,0.16511,0.59992,0.91916
no_batch,80,0,23,0.16746,0.59809,0.91673
no_batch,80,0,24,0.16934,0.5959,0.91429
no_batch,80,0,25,0.17078,0.59336,0.9118
no_batch,80,0,26,0.17182,0.59048,0.90927
no_batch,80,0,27,0.17248,0.58727,0.90666
no_batch,80,0,28,0.1728,0.58372,0.90396
no_batch,80,0,29,0.1728,0.57985,0.90117
no_batch,80,0,30,0.17251,0.57566,0.89825
no_batch,80,0,31,0.17196,0.57116,0.8952
no_batch,80,0,32,0.17117,0.56635,0.892
no_batch,80,0,33,0.17015,0.56124,0.88864
no_batch,80,0,34,0.16894,0.55583,0.8851
no_batch,80,0,35,0.16754,0.55013,0.88138
no_batch,80,0,36,0.16597,0.54416,0.87747
no_batch,80,0,37,0.16424,0.53791,0.87334
no_batch,80,0,38,0.16237,0.53139,0.869
no_batch,80,0,39,0.16036,0.52462,0.86444
no_batch,80,0,40,0.15823,0.5176,0.85964
no_batch,80,0,41,0.15599,0.51035,0.8546
no_batch,80,0,42,0.15364,0.50287,0.84932
no_batch,80,0,43,0.15119,0.49517,0.84378
no_batch,80,0,44,0.14865,0.48727,0.83799
no_batch,80,0,45,0.14603,0.47917,0.83193
no_batch,80,0,46,0.14334,0.4709,0.8256
no_batch,80,0,47,0.14057,0.46246,0.81901
no_batch,80,0,48,0.13775,0.45387,0.81214
no_batch,80,0,49,0.13488,0.44514,0.805
no_batch,80,0,50,0.13196,0.43629,0.79758
no_batch,80,0,51,0.129,0.42732,0.78989
no_batch,80,0,52,0.12602,0.41827,0.78191
no_batch,80,0,53,0.12302,0.40914,0.77366
no_batch,80,0,54,0.12001,0.39995,0.76512
no_batch,80,0,55,0.117,0.39071,0.7563
no_batch,80,0,56,0.114,0.38144,0.7472
no_batch,80,0,57,0.11101,0.37217,0.73781
no_batch,80,0,58,0.10805,0.36289,0.72813
no_batch,80,0,59,0.10512,0.35364,0.71817
no_batch,80,0,60,0.10224,0.34442,0.70791
no_batch,80,0,61,0.0994,0.33525,0.69738
no_batch,80,0,62,0.09662,0.32615,0.68656
no_batch,80,0,63,0.09389,0.31713,0.67547
no_batch,80,0,64,0.09122,0.3082,0.66412
no_batch,80,0,65,0.08861,0.29938,0.65253
no_batch,80,0,66,0.08607,0.29068,0.6407
no_batch,80,0,67,0.0836,0.28211,0.62865
no_batch,80,0,68,0.08119,0.27369,0.61641
no_batch,80,0,69,0.07885,0.26541,0.60399
no_batch,80,0,70,0.07657,0.25731,0.59142
no_batch,80,0,71,0.07437,0.24937,0.57871
no_batch,80,0,72,0.07223,0.24161,0.56591
no_batch,80,0,73,0.07015,0.23403,0.55303
no_batch,80,0,74,0.06815,0.22664,0.54011
no_batch,80,0,75,0.06621,0.21945,0.52716
no_batch,80,0,76,0.06433,0.21246,0.51423
no_batch,80,0,77,0.06252,0.20567,0.50133
no_batch,80,0,78,0.06077,0.19909,0.48851
no_batch,80,0,79,0.05908,0.19271,0.47578
no_batch,80,0,80,0.05745,0.18655,0.46318
no_batch,80,0,81,0.05588,0.18058,0.45073
no_batch,80,0,82,0.05437,0.17483,0.43845
no_batch,80,0,83,0.05291,0.16928,0.42638
no_batch,80,0,84,0.05151,0.16394,0.41453
no_batch,80,0,85,0.05016,0.1588,0.40292
no_batch,80,0,86,0.04886,0.15386,0.39157
no_batch,80,0,87,0.04762,0.14912,0.3805
no_batch,80,0,88,0.04643,0.14457,0.36973
no_batch,80,0,89,0.04529,0.14022,0.35926
no_batch,80,0,90,0.04419,0.13605,0.3491
no_batch,80,0,91,0.04315,0.13207,0.33927
no_batch,80,0,92,0.04215,0.12827,0.32977
no_batch,80,0,93,0.04119,0.12464,0.32061
no_batch,80,0,94,0.04029,0.12119,0.31179
no_batch,80,0,95,0.03943,0.11791,0.3033
no_batch,80,0,96,0.03861,0.11479,0.29516
no_batch,80,0,97,0.03783,0.11184,0.28736
no_batch,80,0,98,0.0371,0.10904,0.2799
no_batch,80,0,99,0.03641,0.10639,0.27277
no_batch,80,0,100,0.03577,0.10389,0.26598
no_batch,80,0,101,0.03516,0.10154,0.25951
no_batch,80,0,102,0.0346,0.09933,0.25336
no_batch,80,0,103,0.03408,0.09726,0.24753
no_batch,80,0,104,0.0336,0.09532,0.24202
no_batch,80,0,105,0.03317,0.09352,0.23681
no_batch,80,0,106,0.03277,0.09185,0.2319
no_batch,80,0,107,0.03241,0.0903,0.22729
no_batch,80,0,108,0.0321,0.08888,0.22296
no_batch,80,0,109,0.03182,0.08757,0.2189
no_batch,80,0,110,0.03158,0.08637,0.2151
no_batch,80,0,111,0.03138,0.08528,0.21155
no_batch,80,0,112,0.0312,0.08428,0.20822
no_batch,80,0,113,0.03106,0.08337,0.20512
no_batch,80,0,114,0.03094,0.08255,0.20223
no_batch,80,0,115,0.03086,0.08181,0.19955
no_batch,80,0,116,0.0308,0.08114,0.19705
no_batch,80,0,117,0.03076,0.08055,0.19474
no_batch,80,0,118,0.03075,0.08003,0.1926
no_batch,80,0,119,0.03076,0.07958,0.19063
no_batch,80,0,120,0.0308,0.07919,0.18881
no_batch,80,0,121,0.03085,0.07886,0.18715
no_batch,80,0,122,0.03092,0.07858,0.18563
no_batch,80,0,123,0.03101,0.07836,0.18425
no_batch,80,0,124,0.03112,0.07819,0.183
no_batch,80,0,125,0.03125,0.07807,0.18186
no_batch,80,0,126,0.03139,0.07799,0.18085
no_batch,80,0,127,0.03155,0.07795,0.17994
no_batch,80,0,128,0.03172,0.07796,0.17914
no_batch,80,0,129,0.03191,0.078,0.17843
no_batch,80,0,130,0.03211,0.07808,0.1778
no_batch,80,0,131,0.03232,0.07819,0.17726
no_batch,80,0,132,0.03254,0.07834,0.1768
no_batch,80,0,133,0.03278,0.07851,0.1764
no_batch,80,0,134,0.03303,0.07871,0.17606
no_batch,80,0,135,0.03329,0.07893,0.17577
no_batch,80,0,136,0.03356,0.07918,0.17553
no_batch,80,0,137,0.03385,0.07944,0.17533
no_batch,80,0,138,0.03414,0.07973,0.17516
no_batch,80,0,139,0.03444,0.08003,0.17502
no_batch,80,0,140,0.03475,0.08034,0.17489
no_batch,80,0,141,0.03507,0.08066,0.17477
no_batch,80,0,142,0.03541,0.08099,0.17466
no_batch,80,0,143,0.03574,0.08133,0.17453
no_batch,80,0,144,0.03609,0.08167,0.1744
no_batch,80,0,145,0.03645,0.08202,0.17425
no_batch,80,0,146,0.03681,0.08236,0.17408
no_batch,80,0,147,0.03718,0.08269,0.17387
no_batch,80,0,148,0.03755,0.08303,0.17363
no_batch,80,0,149,0.03793,0.08335,0.17335
no_batch,80,0,150,0.03831,0.08366,0.17303
no_batch,80,0,151,0.03869,0.08395,0.17265
no_batch,80,0,152,0.03908,0.08423,0.17222
no_batch,80,0,153,0.03946,0.08449,0.17174
no_batch,80,0,154,0.03983,0.08473,0.17121
no_batch,80,0,155,0.0402,0.08494,0.17063
no_batch,80,0,156,0.04056,0.08514,0.17001
no_batch,80,0,157,0.04091,0.08531,0.16937
no_batch,80,0,158,0.04125,0.08546,0.16872
no_batch,80,0,159,0.04157,0.08559,0.16806
no_batch,80,0,160,0.04187,0.08571,0.16741
no_batch,80,0,161,0.04216,0.08581,0.16676
no_batch,80,0,162,0.04243,0.08589,0.16614
no_batch,80,0,163,0.04268,0.08596,0.16555
no_batch,80,0,164,0.04291,0.08602,0.16498
no_batch,80,0,165,0.04313,0.08607,0.16444
no_batch,80,0,166,0.04332,0.08611,0.16393
no_batch,80,0,167,0.04351,0.08615,0.16344
no_batch,80,0,168,0.04367,0.08618,0.16299
no_batch,80,0,169,0.04383,0.0862,0.16255
no_batch,80,0,170,0.04398,0.08622,0.16214
no_batch,80,0,171,0.04412,0.08623,0.16173
no_batch,80,0,172,0.04427,0.08625,0.16133
no_batch,80,0,173,0.04441,0.08627,0.16092
no_batch,80,0,174,0.04456,0.08628,0.16051
no_batch,80,0,175,0.04472,0.08631,0.16008
no_batch,80,0,176,0.04489,0.08633,0.15963
no_batch,80,0,177,0.04508,0.08636,0.15915
no_batch,80,0,178,0.04529,0.0864,0.15864
no_batch,80,0,179,0.04552,0.08645,0.15809
no_batch,80,0,180,0.04578,0.08651,0.15752
no_batch,80,0,181,0.04605,0.08658,0.15691
no_batch,80,0,182,0.04636,0.08667,0.15629
no_batch,80,0,183,0.04668,0.08677,0.15566
no_batch,80,0,184,0.04702,0.08688,0.15504
no_batch,80,0,185,0.04737,0.08701,0.15445
no_batch,80,0,186,0.04773,0.08716,0.15393
no_batch,80,0,187,0.04807,0.08734,0.15351
no_batch,80,0,188,0.04838,0.08753,0.15325
no_batch,80,0,189,0.04865,0.08775,0.1532
no_batch,80,0,190,0.04885,0.08799,0.15344
no_batch,80,0,191,0.04894,0.08826,0.15404
no_batch,80,0,192,0.04891,0.08855,0.1551
no_batch,80,1,20,0.24277,0.63724,0.90589
no_batch,80,1,21,0.24651,0.63572,0.903
no_batch,80,1,22,0.2495,0.63385,0.90014
no_batch,80,1,23,0.25178,0.63163,0.8973
no_batch,80,1,24,0.25341,0.62908,0.89445
no_batch,80,1,25,0.25443,0.6262,0.89158
no_batch,80,1,26,0.25491,0.62298,0.88865
no_batch,80,1,27,0.25488,0.61944,0.88565
no_batch,80,1,28,0.25439,0.61557,0.88256
no_batch,80,1,29,0.25348,0.61138,0.87936
no_batch,80,1,30,0.2522,0.60688,0.87603
no_batch,80,1,31,0.25058,0.60207,0.87255
no_batch,80,1,32,0.24866,0.59695,0.86891
no_batch,80,1,33,0.24645,0.59153,0.86509
no_batch,80,1,34,0.24399,0.58581,0.86108
no_batch,80,1,35,0.24131,0.5798,0.85686
no_batch,80,1,36,0.23842,0.5735,0.85242
no_batch,80,1,37,0.23533,0.56692,0.84775
no_batch,80,1,38,0.23207,0.56006,0.84283
no_batch,80,1,39,0.22865,0.55293,0.83767
no_batch,80,1,40,0.22508,0.54555,0.83225
no_batch,80,1,41,0.22138,0.53791,0.82657
no_batch,80,1,42,0.21755,0.53002,0.82061
no_batch,80,1,43,0.2136,0.52191,0.81438
no_batch,80,1,44,0.20955,0.51357,0.80787
no_batch,80,1,45,0.2054,0.50502,0.80107
no_batch,80,1,46,0.20116,0.49626,0.79399
no_batch,80,1,47,0.19685,0.48732,0.78662
no_batch,80,1,48,0.19247,0.47821,0.77895
no_batch,80,1,49,0.18803,0.46893,0.771
no_batch,80,1,50,0.18354,0.45951,0.76276
no_batch,80,1,51,0.17902,0.44995,0.75423
no_batch,80,1,52,0.17447,0.44028,0.7454
no_batch,80,1,53,0.16991,0.43052,0.73629
no_batch,80,1,54,0.16535,0.42066,0.72689
no_batch,80,1,55,0.16079,0.41075,0.7172
no_batch,80,1,56,0.15626,0.40078,0.70722
no_batch,80,1,57,0.15176,0.39079,0.69696
no_batch,80,1,58,0.1473,0.38078,0.68641
no_batch,80,1,59,0.14291,0.37077,0.67558
no_batch,80,1,60,0.13857,0.36078,0.66447
no_batch,80,1,61,0.13432,0.35084,0.65308
no_batch,80,1,62,0.13014,0.34095,0.64142
no_batch,80,1,63,0.12606,0.33113,0.62951
no_batch,80,1,64,0.12207,0.32141,0.61737
no_batch,80,1,65,0.11817,0.31179,0.605
no_batch,80,1,66,0.11438,0.3023,0.59243
no_batch,80,1,67,0.11069,0.29295,0.57969
no_batch,80,1,68,0.10711,0.28376,0.5668
no_batch,80,1,69,0.10363,0.27472,0.55377
no_batch,80,1,70,0.10026,0.26587,0.54065
no_batch,80,1,71,0.097,0.25721,0.52745
no_batch,80,1,72,0.09384,0.24874,0.51421
no_batch,80,1,73,0.09079,0.24048,0.50096
no_batch,80,1,74,0.08785,0.23243,0.48773
no_batch,80,1,75,0.085,0.2246,0.47455
no_batch,80,1,76,0.08226,0.217,0.46145
no_batch,80,1,77,0.07962,0.20962,0.44846
no_batch,80,1,78,0.07707,0.20248,0.43561
no_batch,80,1,79,0.07462,0.19557,0.42293
no_batch,80,1,80,0.07227,0.18889,0.41044
no_batch,80,1,81,0.07001,0.18245,0.39817
no_batch,80,1,82,0.06784,0.17625,0.38614
no_batch,80,1,83,0.06575,0.17027,0.37437
no_batch,80,1,84,0.06375,0.16454,0.36289
no_batch,80,1,85,0.06184,0.15902,0.3517
no_batch,80,1,86,0.06,0.15374,0.34083
no_batch,80,1,87,0.05825,0.14868,0.33028
no_batch,80,1,88,0.05657,0.14384,0.32007
no_batch,80,1,89,0.05497,0.13921,0.3102
no_batch,80,1,90,0.05344,0.1348,0.30068
no_batch,80,1,91,0.05198,0.13059,0.29151
no_batch,80,1,92,0.05059,0.12658,0.28271
no_batch,80,1,93,0.04928,0.12277,0.27425
no_batch,80,1,94,0.04803,0.11915,0.26616
no_batch,80,1,95,0.04684,0.11572,0.25842
no_batch,80,1,96,0.04572,0.11247,0.25103
no_batch,80,1,97,0.04466,0.10939,0.24399
no_batch,80,1,98,0.04366,0.10649,0.23729
no_batch,80,1,99,0.04273,0.10376,0.23093
no_batch,80,1,100,0.04185,0.10119,0.2249
no_batch,80,1,101,0.04103,0.09877,0.2192
no_batch,80,1,102,0.04027,0.09652,0.21381
no_batch,80,1,103,0.03957,0.09441,0.20874
no_batch,80,1,104,0.03892,0.09245,0.20397
no_batch,80,1,105,0.03833,0.09063,0.19949
no_batch,80,1,106,0.03779,0.08895,0.19531
no_batch,80,1,107,0.03731,0.08741,0.19142
no_batch,80,1,108,0.03688,0.086,0.1878
no_batch,80,1,109,0.0365,0.08472,0.18443
no_batch,80,1,110,0.03617,0.08355,0.18132
no_batch,80,1,111,0.03588,0.08249,0.17844
no_batch,80,1,112,0.03564,0.08154,0.17578
no_batch,80,1,113,0.03543,0.08068,0.17333
no_batch,80,1,114,0.03526,0.07992,0.17108
no_batch,80,1,115,0.03513,0.07924,0.16902
no_batch,80,1,116,0.03503,0.07864,0.16714
no_batch,80,1,117,0.03497,0.07813,0.16543
no_batch,80,1,118,0.03493,0.07769,0.16389
no_batch,80,1,119,0.03493,0.07732,0.1625
no_batch,80,1,120,0.03495,0.07702,0.16126
no_batch,80,1,121,0.03499,0.07678,0.16017
no_batch,80,1,122,0.03507,0.0766,0.15921
no_batch,80,1,123,0.03516,0.07648,0.15838
no_batch,80,1,124,0.03528,0.07641,0.15767
no_batch,80,1,125,0.03542,0.0764,0.15707
no_batch,80,1,126,0.03558,0.07644,0.15658
no_batch,80,1,127,0.03576,0.07652,0.1562
no_batch,80,1,128,0.03596,0.07665,0.15591
no_batch,80,1,129,0.03618,0.07681,0.15571
no_batch,80,1,130,0.03642,0.07702,0.1556
no_batch,80,1,131,0.03667,0.07727,0.15556
no_batch,80,1,132,0.03694,0.07755,0.15559
no_batch,80,1,133,0.03723,0.07786,0.15569
no_batch,80,1,134,0.03753,0.07821,0.15584
no_batch,80,1,135,0.03785,0.07858,0.15604
no_batch,80,1,136,0.03818,0.07898,0.15629
no_batch,80,1,137,0.03853,0.0794,0.15656
no_batch,80,1,138,0.03889,0.07984,0.15687
no_batch,80,1,139,0.03926,0.0803,0.1572
no_batch,80,1,140,0.03965,0.08077,0.15754
no_batch,80,1,141,0.04005,0.08126,0.15789
no_batch,80,1,142,0.04047,0.08176,0.15823
no_batch,80,1,143,0.0409,0.08227,0.15857
no_batch,80,1,144,0.04133,0.08278,0.15889
no_batch,80,1,145,0.04178,0.08329,0.15919
no_batch,80,1,146,0.04225,0.08381,0.15946
no_batch,80,1,147,0.04271,0.08432,0.15969
no_batch,80,1,148,0.04319,0.08482,0.15988
no_batch,80,1,149,0.04368,0.08532,0.16002
no_batch,80,1,150,0.04417,0.0858,0.16011
no_batch,80,1,151,0.04466,0.08627,0.16014
no_batch,80,1,152,0.04516,0.08672,0.16011
no_batch,80,1,153,0.04565,0.08715,0.16002
no_batch,80,1,154,0.04615,0.08755,0.15987
no_batch,80,1,155,0.04663,0.08792,0.15966
no_batch,80,1,156,0.0471,0.08827,0.1594
no_batch,80,1,157,0.04756,0.08859,0.1591
no_batch,80,1,158,0.04801,0.08889,0.15877
no_batch,80,1,159,0.04843,0.08915,0.15842
no_batch,80,1,160,0.04883,0.08939,0.15806
no_batch,80,1,161,0.0492,0.08961,0.1577
no_batch,80,1,162,0.04954,0.08979,0.15733
no_batch,80,1,163,0.04986,0.08995,0.15697
no_batch,80,1,164,0.05014,0.09009,0.15661
no_batch,80,1,165,0.05039,0.0902,0.15627
no_batch,80,1,166,0.05061,0.09028,0.15593
no_batch,80,1,167,0.0508,0.09034,0.15559
no_batch,80,1,168,0.05096,0.09037,0.15525
no_batch,80,1,169,0.0511,0.09037,0.15491
no_batch,80,1,170,0.05121,0.09036,0.15456
no_batch,80,1,171,0.0513,0.09032,0.15419
no_batch,80,1,172,0.05137,0.09025,0.15379
no_batch,80,1,173,0.05142,0.09016,0.15336
no_batch,80,1,174,0.05147,0.09005,0.15288
no_batch,80,1,175,0.05151,0.08991,0.15235
no_batch,80,1,176,0.05154,0.08976,0.15176
no_batch,80,1,177,0.05158,0.08958,0.1511
no_batch,80,1,178,0.05162,0.08937,0.15037
no_batch,80,1,179,0.05166,0.08915,0.14956
no_batch,80,1,180,0.05171,0.08891,0.14868
no_batch,80,1,181,0.05177,0.08865,0.14771
no_batch,80,1,182,0.05183,0.08837,0.14668
no_batch,80,1,183,0.05189,0.08806,0.14558
no_batch,80,1,184,0.05195,0.08774,0.14444
no_batch,80,1,185,0.052,0.08741,0.14327
no_batch,80,1,186,0.05203,0.08705,0.1421
no_batch,80,1,187,0.05203,0.08668,0.14097
no_batch,80,1,188,0.05198,0.08629,0.13991
no_batch,80,1,189,0.05185,0.08588,0.13898
no_batch,80,1,190,0.05163,0.08546,0.13824
no_batch,80,1,191,0.05128,0.08503,0.13775
no_batch,80,1,192,0.05078,0.08458,0.1376
no_batch,80,2,20,0.09987,0.48704,0.89041
no_batch,80,2,21,0.10307,0.48955,0.88894
no_batch,80,2,22,0.10586,0.49156,0.88757
no_batch,80,2,23,0.10826,0.49307,0.88627
no_batch,80,2,24,0.11028,0.4941,0.885
no_batch,80,2,25,0.11194,0.49466,0.88374
no_batch,80,2,26,0.11325,0.49476,0.88246
no_batch,80,2,27,0.11425,0.4944,0.88114
no_batch,80,2,28,0.11494,0.49361,0.87976
no_batch,80,2,29,0.11536,0.49239,0.87828
no_batch,80,2,30,0.11552,0.49075,0.8767
no_batch,80,2,31,0.11545,0.48871,0.875
no_batch,80,2,32,0.11516,0.48627,0.87317
no_batch,80,2,33,0.11467,0.48345,0.87118
no_batch,80,2,34,0.114,0.48026,0.86904
no_batch,80,2,35,0.11317,0.4767,0.86672
no_batch,80,2,36,0.11219,0.4728,0.86423
no_batch,80,2,37,0.11106,0.46857,0.86154
no_batch,80,2,38,0.10981,0.46402,0.85867
no_batch,80,2,39,0.10845,0.45915,0.85559
no_batch,80,2,40,0.10698,0.45399,0.85231
no_batch,80,2,41,0.10541,0.44855,0.84883
no_batch,80,2,42,0.10375,0.44284,0.84513
no_batch,80,2,43,0.10202,0.43687,0.84121
no_batch,80,2,44,0.10021,0.43067,0.83708
no_batch,80,2,45,0.09833,0.42424,0.83273
no_batch,80,2,46,0.0964,0.41761,0.82816
no_batch,80,2,47,0.09442,0.41078,0.82337
no_batch,80,2,48,0.09239,0.40378,0.81836
no_batch,80,2,49,0.09033,0.39662,0.81313
no_batch,80,2,50,0.08824,0.38932,0.80767
no_batch,80,2,51,0.08613,0.3819,0.802
no_batch,80,2,52,0.084,0.37436,0.7961
no_batch,80,2,53,0.08187,0.36674,0.78998
no_batch,80,2,54,0.07973,0.35904,0.78363
no_batch,80,2,55,0.0776,0.35129,0.77707
no_batch,80,2,56,0.07549,0.3435,0.77028
no_batch,80,2,57,0.07339,0.33569,0.76327
no_batch,80,2,58,0.07132,0.32788,0.75603
no_batch,80,2,59,0.06927,0.32007,0.74857
no_batch,80,2,60,0.06727,0.31229,0.74089
no_batch,80,2,61,0.0653,0.30456,0.73298
no_batch,80,2,62,0.06339,0.29688,0.72485
no_batch,80,2,63,0.06152,0.28927,0.71649
no_batch,80,2,64,0.05969,0.28174,0.70791
no_batch,80,2,65,0.05792,0.2743,0.69912
no_batch,80,2,66,0.0562,0.26695,0.69012
no_batch,80,2,67,0.05453,0.25972,0.68092
no_batch,80,2,68,0.05291,0.2526,0.67153
no_batch,80,2,69,0.05134,0.2456,0.66197
no_batch,80,2,70,0.04983,0.23873,0.65223
no_batch,80,2,71,0.04836,0.232,0.64234
no_batch,80,2,72,0.04693,0.22542,0.63232
no_batch,80,2,73,0.04556,0.21898,0.62218
no_batch,80,2,74,0.04424,0.21269,0.61193
no_batch,80,2,75,0.04295,0.20656,0.60161
no_batch,80,2,76,0.04172,0.20059,0.59122
no_batch,80,2,77,0.04053,0.19478,0.58078
no_batch,80,2,78,0.03938,0.18914,0.57033
no_batch,80,2,79,0.03827,0.18366,0.55987
no_batch,80,2,80,0.0372,0.17835,0.54943
no_batch,80,2,81,0.03617,0.1732,0.53904
no_batch,80,2,82,0.03518,0.16823,0.5287
no_batch,80,2,83,0.03423,0.16342,0.51845
no_batch,80,2,84,0.03331,0.15877,0.5083
no_batch,80,2,85,0.03243,0.1543,0.49827
no_batch,80,2,86,0.03158,0.14998,0.48839
no_batch,80,2,87,0.03077,0.14583,0.47865
no_batch,80,2,88,0.02999,0.14184,0.4691
no_batch,80,2,89,0.02924,0.13801,0.45972
no_batch,80,2,90,0.02853,0.13433,0.45056
no_batch,80,2,91,0.02784,0.13081,0.4416
no_batch,80,2,92,0.02719,0.12744,0.43287
no_batch,80,2,93,0.02656,0.12422,0.42438
no_batch,80,2,94,0.02597,0.12115,0.41613
no_batch,80,2,95,0.0254,0.11821,0.40814
no_batch,80,2,96,0.02486,0.11542,0.40041
no_batch,80,2,97,0.02435,0.11277,0.39294
no_batch,80,2,98,0.02387,0.11025,0.38574
no_batch,80,2,99,0.02341,0.10787,0.37882
no_batch,80,2,100,0.02298,0.10561,0.37217
no_batch,80,2,101,0.02258,0.10348,0.36581
no_batch,80,2,102,0.0222,0.10148,0.35972
no_batch,80,2,103,0.02185,0.0996,0.35392
no_batch,80,2,104,0.02152,0.09784,0.3484
no_batch,80,2,105,0.02122,0.0962,0.34317
no_batch,80,2,106,0.02095,0.09468,0.33822
no_batch,80,2,107,0.0207,0.09327,0.33355
no_batch,80,2,108,0.02048,0.09197,0.32918
no_batch,80,2,109,0.02028,0.09079,0.32508
no_batch,80,2,110,0.02011,0.0897,0.32125
no_batch,80,2,111,0.01995,0.08872,0.31768
no_batch,80,2,112,0.01982,0.08783,0.31437
no_batch,80,2,113,0.01971,0.08703,0.3113
no_batch,80,2,114,0.01962,0.08632,0.30847
no_batch,80,2,115,0.01954,0.08569,0.30587
no_batch,80,2,116,0.01949,0.08513,0.30348
no_batch,80,2,117,0.01944,0.08465,0.30131
no_batch,80,2,118,0.01942,0.08424,0.29935
no_batch,80,2,119,0.01941,0.08389,0.29759
no_batch,80,2,120,0.01942,0.08362,0.29602
no_batch,80,2,121,0.01943,0.0834,0.29463
no_batch,80,2,122,0.01947,0.08324,0.29343
no_batch,80,2,123,0.01951,0.08314,0.29239
no_batch,80,2,124,0.01957,0.08309,0.29153
no_batch,80,2,125,0.01964,0.0831,0.29082
no_batch,80,2,126,0.01972,0.08316,0.29026
no_batch,80,2,127,0.01981,0.08326,0.28985
no_batch,80,2,128,0.01991,0.08341,0.28958
no_batch,80,2,129,0.02002,0.08361,0.28944
no_batch,80,2,130,0.02015,0.08384,0.28942
no_batch,80,2,131,0.02028,0.08412,0.28952
no_batch,80,2,132,0.02043,0.08444,0.28973
no_batch,80,2,133,0.02058,0.08479,0.29004
no_batch,80,2,134,0.02074,0.08518,0.29044
no_batch,80,2,135,0.02092,0.08561,0.29092
no_batch,80,2,136,0.0211,0.08606,0.29148
no_batch,80,2,137,0.02129,0.08654,0.29211
no_batch,80,2,138,0.02149,0.08706,0.2928
no_batch,80,2,139,0.0217,0.0876,0.29353
no_batch,80,2,140,0.02192,0.08816,0.29431
no_batch,80,2,141,0.02215,0.08874,0.29512
no_batch,80,2,142,0.02239,0.08935,0.29595
no_batch,80,2,143,0.02264,0.08998,0.29679
no_batch,80,2,144,0.02289,0.09062,0.29765
no_batch,80,2,145,0.02316,0.09127,0.2985
no_batch,80,2,146,0.02343,0.09194,0.29934
no_batch,80,2,147,0.02372,0.09262,0.30016
no_batch,80,2,148,0.02401,0.09331,0.30096
no_batch,80,2,149,0.02431,0.094,0.30172
no_batch,80,2,150,0.02461,0.0947,0.30245
no_batch,80,2,151,0.02493,0.0954,0.30314
no_batch,80,2,152,0.02525,0.09609,0.30378
no_batch,80,2,153,0.02557,0.09678,0.30437
no_batch,80,2,154,0.0259,0.09747,0.30491
no_batch,80,2,155,0.02623,0.09814,0.3054
no_batch,80,2,156,0.02656,0.09881,0.30584
no_batch,80,2,157,0.02689,0.09946,0.30625
no_batch,80,2,158,0.02722,0.1001,0.30662
no_batch,80,2,159,0.02754,0.10072,0.30697
no_batch,80,2,160,0.02785,0.10132,0.30731
no_batch,80,2,161,0.02816,0.1019,0.30762
no_batch,80,2,162,0.02846,0.10246,0.30792
no_batch,80,2,163,0.02874,0.10299,0.3082
no_batch,80,2,164,0.02901,0.1035,0.30847
no_batch,80,2,165,0.02927,0.10398,0.30872
no_batch,80,2,166,0.02951,0.10442,0.30895
no_batch,80,2,167,0.02974,0.10484,0.30915
no_batch,80,2,168,0.02995,0.10522,0.30931
no_batch,80,2,169,0.03015,0.10556,0.30942
no_batch,80,2,170,0.03033,0.10586,0.30948
no_batch,80,2,171,0.03049,0.10612,0.30947
no_batch,80,2,172,0.03064,0.10634,0.30938
no_batch,80,2,173,0.03078,0.10652,0.3092
no_batch,80,2,174,0.03089,0.10664,0.30892
no_batch,80,2,175,0.031,0.10672,0.30852
no_batch,80,2,176,0.03109,0.10675,0.308
no_batch,80,2,177,0.03117,0.10673,0.30735
no_batch,80,2,178,0.03123,0.10665,0.30657
no_batch,80,2,179,0.03128,0.10651,0.30564
no_batch,80,2,180,0.03131,0.10632,0.30457
no_batch,80,2,181,0.03132,0.10607,0.30337
no_batch,80,2,182,0.03131,0.10576,0.30205
no_batch,80,2,183,0.03128,0.10539,0.30061
no_batch,80,2,184,0.03122,0.10496,0.29909
no_batch,80,2,185,0.03113,0.10447,0.29751
no_batch,80,2,186,0.031,0.10391,0.29591
no_batch,80,2,187,0.03082,0.10328,0.29434
no_batch,80,2,188,0.0306,0.10259,0.29284
no_batch,80,2,189,0.0303,0.10184,0.29149
no_batch,80,2,190,0.02994,0.10102,0.29036
no_batch,80,2,191,0.02949,0.10013,0.28953
no_batch,80,2,192,0.02894,0.09918,0.28909
no_batch,80,3,20,0.28279,0.64755,0.89541
no_batch,80,3,21,0.28479,0.64553,0.89281
no_batch,80,3,22,0.28585,0.64317,0.89031
no_batch,80,3,23,0.28605,0.64045,0.88788
no_batch,80,3,24,0.28547,0.63739,0.8855
no_batch,80,3,25,0.2842,0.63399,0.88314
no_batch,80,3,26,0.2823,0.63026,0.88077
no_batch,80,3,27,0.27986,0.62619,0.87836
no_batch,80,3,28,0.27695,0.6218,0.87589
no_batch,80,3,29,0.27361,0.61708,0.87333
no_batch,80,3,30,0.26991,0.61204,0.87067
no_batch,80,3,31,0.2659,0.60669,0.86789
no_batch,80,3,32,0.26161,0.60103,0.86496
no_batch,80,3,33,0.25709,0.59506,0.86189
no_batch,80,3,34,0.25236,0.5888,0.85864
no_batch,80,3,35,0.24747,0.58224,0.85522
no_batch,80,3,36,0.24242,0.5754,0.85161
no_batch,80,3,37,0.23726,0.56828,0.8478
no_batch,80,3,38,0.23198,0.56088,0.84378
no_batch,80,3,39,0.22662,0.55323,0.83956
no_batch,80,3,40,0.22118,0.54532,0.83512
no_batch,80,3,41,0.21569,0.53717,0.83046
no_batch,80,3,42,0.21015,0.52878,0.82557
no_batch,80,3,43,0.20457,0.52018,0.82046
no_batch,80,3,44,0.19897,0.51137,0.81513
no_batch,80,3,45,0.19336,0.50236,0.80956
no_batch,80,3,46,0.18775,0.49317,0.80377
no_batch,80,3,47,0.18215,0.48381,0.79775
no_batch,80,3,48,0.17657,0.47431,0.7915
no_batch,80,3,49,0.17103,0.46467,0.78503
no_batch,80,3,50,0.16553,0.4549,0.77832
no_batch,80,3,51,0.16008,0.44504,0.77139
no_batch,80,3,52,0.1547,0.43509,0.76423
no_batch,80,3,53,0.14939,0.42508,0.75685
no_batch,80,3,54,0.14417,0.41502,0.74924
no_batch,80,3,55,0.13905,0.40492,0.7414
no_batch,80,3,56,0.13403,0.39482,0.73333
no_batch,80,3,57,0.12912,0.38472,0.72504
no_batch,80,3,58,0.12434,0.37464,0.71651
no_batch,80,3,59,0.11969,0.3646,0.70776
no_batch,80,3,60,0.11517,0.35462,0.69877
no_batch,80,3,61,0.11079,0.34472,0.68956
no_batch,80,3,62,0.10655,0.33491,0.68012
no_batch,80,3,63,0.10246,0.32521,0.67047
no_batch,80,3,64,0.09851,0.31562,0.66061
no_batch,80,3,65,0.0947,0.30618,0.65055
no_batch,80,3,66,0.09103,0.29688,0.64032
no_batch,80,3,67,0.0875,0.28774,0.62991
no_batch,80,3,68,0.0841,0.27878,0.61936
no_batch,80,3,69,0.08084,0.27,0.60867
no_batch,80,3,70,0.07771,0.26141,0.59786
no_batch,80,3,71,0.07471,0.25302,0.58696
no_batch,80,3,72,0.07182,0.24484,0.57599
no_batch,80,3,73,0.06906,0.23687,0.56496
no_batch,80,3,74,0.06642,0.22912,0.5539
no_batch,80,3,75,0.06389,0.22159,0.54284
no_batch,80,3,76,0.06146,0.21429,0.53179
no_batch,80,3,77,0.05915,0.20721,0.52078
no_batch,80,3,78,0.05693,0.20037,0.50983
no_batch,80,3,79,0.05481,0.19375,0.49897
no_batch,80,3,80,0.05279,0.18737,0.48821
no_batch,80,3,81,0.05086,0.18121,0.47758
no_batch,80,3,82,0.04901,0.17529,0.46709
no_batch,80,3,83,0.04726,0.16959,0.45677
no_batch,80,3,84,0.04558,0.16411,0.44663
no_batch,80,3,85,0.04398,0.15885,0.4367
no_batch,80,3,86,0.04246,0.15381,0.42698
no_batch,80,3,87,0.04101,0.14899,0.41749
no_batch,80,3,88,0.03963,0.14437,0.40824
no_batch,80,3,89,0.03832,0.13996,0.39924
no_batch,80,3,90,0.03708,0.13575,0.39051
no_batch,80,3,91,0.0359,0.13173,0.38204
no_batch,80,3,92,0.03478,0.12791,0.37386
no_batch,80,3,93,0.03372,0.12428,0.36596
no_batch,80,3,94,0.03271,0.12082,0.35835
no_batch,80,3,95,0.03176,0.11755,0.35104
no_batch,80,3,96,0.03087,0.11445,0.34402
no_batch,80,3,97,0.03002,0.11152,0.33729
no_batch,80,3,98,0.02923,0.10875,0.33087
no_batch,80,3,99,0.02848,0.10614,0.32475
no_batch,80,3,100,0.02778,0.10368,0.31893
no_batch,80,3,101,0.02713,0.10138,0.31341
no_batch,80,3,102,0.02652,0.09923,0.30819
no_batch,80,3,103,0.02595,0.09722,0.30327
no_batch,80,3,104,0.02543,0.09535,0.29866
no_batch,80,3,105,0.02494,0.09362,0.29433
no_batch,80,3,106,0.0245,0.09203,0.29031
no_batch,80,3,107,0.02409,0.09056,0.28659
no_batch,80,3,108,0.02372,0.08923,0.28316
no_batch,80,3,109,0.02339,0.08801,0.28
no_batch,80,3,110,0.02309,0.08691,0.27712
no_batch,80,3,111,0.02282,0.08592,0.27451
no_batch,80,3,112,0.02257,0.08502,0.27214
no_batch,80,3,113,0.02236,0.08423,0.27001
no_batch,80,3,114,0.02217,0.08352,0.26812
no_batch,80,3,115,0.022,0.0829,0.26645
no_batch,80,3,116,0.02186,0.08236,0.265
no_batch,80,3,117,0.02173,0.0819,0.26376
no_batch,80,3,118,0.02163,0.08152,0.26272
no_batch,80,3,119,0.02154,0.0812,0.26188
no_batch,80,3,120,0.02147,0.08096,0.26122
no_batch,80,3,121,0.02142,0.08077,0.26075
no_batch,80,3,122,0.02139,0.08065,0.26045
no_batch,80,3,123,0.02136,0.08059,0.26031
no_batch,80,3,124,0.02136,0.08058,0.26034
no_batch,80,3,125,0.02136,0.08063,0.26052
no_batch,80,3,126,0.02138,0.08072,0.26084
no_batch,80,3,127,0.02141,0.08086,0.2613
no_batch,80,3,128,0.02146,0.08105,0.26189
no_batch,80,3,129,0.02151,0.08129,0.2626
no_batch,80,3,130,0.02157,0.08156,0.26343
no_batch,80,3,131,0.02165,0.08187,0.26436
no_batch,80,3,132,0.02173,0.08222,0.26539
no_batch,80,3,133,0.02183,0.0826,0.2665
no_batch,80,3,134,0.02193,0.08302,0.2677
no_batch,80,3,135,0.02204,0.08346,0.26897
no_batch,80,3,136,0.02216,0.08393,0.2703
no_batch,80,3,137,0.02229,0.08443,0.27168
no_batch,80,3,138,0.02242,0.08495,0.2731
no_batch,80,3,139,0.02257,0.08549,0.27456
no_batch,80,3,140,0.02272,0.08604,0.27604
no_batch,80,3,141,0.02287,0.08662,0.27753
no_batch,80,3,142,0.02304,0.0872,0.27903
no_batch,80,3,143,0.02321,0.0878,0.28051
no_batch,80,3,144,0.02338,0.0884,0.28199
no_batch,80,3,145,0.02357,0.08901,0.28343
no_batch,80,3,146,0.02375,0.08962,0.28484
no_batch,80,3,147,0.02394,0.09022,0.28621
no_batch,80,3,148,0.02413,0.09083,0.28753
no_batch,80,3,149,0.02433,0.09143,0.28879
no_batch,80,3,150,0.02453,0.09201,0.28998
no_batch,80,3,151,0.02473,0.09259,0.2911
no_batch,80,3,152,0.02492,0.09314,0.29215
no_batch,80,3,153,0.02512,0.09368,0.29311
no_batch,80,3,154,0.02531,0.09419,0.29399
no_batch,80,3,155,0.0255,0.09468,0.29479
no_batch,80,3,156,0.02568,0.09514,0.29551
no_batch,80,3,157,0.02585,0.09558,0.29617
no_batch,80,3,158,0.02601,0.09598,0.29678
no_batch,80,3,159,0.02616,0.09635,0.29733
no_batch,80,3,160,0.0263,0.09669,0.29783
no_batch,80,3,161,0.02643,0.097,0.2983
no_batch,80,3,162,0.02653,0.09727,0.29872
no_batch,80,3,163,0.02663,0.09751,0.2991
no_batch,80,3,164,0.0267,0.09771,0.29944
no_batch,80,3,165,0.02676,0.09787,0.29973
no_batch,80,3,166,0.0268,0.09799,0.29998
no_batch,80,3,167,0.02683,0.09807,0.30018
no_batch,80,3,168,0.02683,0.09812,0.30032
no_batch,80,3,169,0.02682,0.09811,0.30039
no_batch,80,3,170,0.0268,0.09807,0.30039
no_batch,80,3,171,0.02676,0.09798,0.3003
no_batch,80,3,172,0.0267,0.09785,0.30012
no_batch,80,3,173,0.02663,0.09767,0.29984
no_batch,80,3,174,0.02654,0.09744,0.29946
no_batch,80,3,175,0.02645,0.09717,0.29895
no_batch,80,3,176,0.02633,0.09685,0.29832
no_batch,80,3,177,0.02621,0.09648,0.29757
no_batch,80,3,178,0.02607,0.09606,0.29668
no_batch,80,3,179,0.02593,0.0956,0.29567
no_batch,80,3,180,0.02576,0.09508,0.29453
no_batch,80,3,181,0.02558,0.09452,0.29328
no_batch,80,3,182,0.02539,0.0939,0.29192
no_batch,80,3,183,0.02518,0.09324,0.29048
no_batch,80,3,184,0.02494,0.09253,0.28898
no_batch,80,3,185,0.02468,0.09176,0.28745
no_batch,80,3,186,0.02439,0.09095,0.28592
no_batch,80,3,187,0.02407,0.09009,0.28445
no_batch,80,3,188,0.02371,0.08919,0.28308
no_batch,80,3,189,0.0233,0.08823,0.28187
no_batch,80,3,190,0.02285,0.08723,0.28089
no_batch,80,3,191,0.02234,0.08618,0.28022
no_batch,80,3,192,0.02176,0.08509,0.27994
no_batch,80,4,20,0.12333,0.55005,0.91396
no_batch,80,4,21,0.1256,0.54974,0.91212
no_batch,80,4,22,0.12747,0.54915,0.91035
no_batch,80,4,23,0.12899,0.54828,0.90866
no_batch,80,4,24,0.13016,0.54712,0.90701
no_batch,80,4,25,0.13102,0.54568,0.90538
no_batch,80,4,26,0.13159,0.54396,0.90375
no_batch,80,4,27,0.1319,0.54197,0.90211
no_batch,80,4,28,0.13197,0.53971,0.90043
no_batch,80,4,29,0.13183,0.53719,0.8987
no_batch,80,4,30,0.1315,0.53439,0.89691
no_batch,80,4,31,0.13098,0.53134,0.89504
no_batch,80,4,32,0.13031,0.52802,0.89309
no_batch,80,4,33,0.12949,0.52445,0.89103
no_batch,80,4,34,0.12853,0.52063,0.88886
no_batch,80,4,35,0.12745,0.51655,0.88657
no_batch,80,4,36,0.12626,0.51223,0.88415
no_batch,80,4,37,0.12495,0.50766,0.8816
no_batch,80,4,38,0.12355,0.50286,0.8789
no_batch,80,4,39,0.12206,0.49782,0.87606
no_batch,80,4,40,0.12047,0.49255,0.87307
no_batch,80,4,41,0.1188,0.48705,0.86992
no_batch,80,4,42,0.11705,0.48133,0.8666
no_batch,80,4,43,0.11522,0.4754,0.86312
no_batch,80,4,44,0.11333,0.46925,0.85947
no_batch,80,4,45,0.11136,0.4629,0.85565
no_batch,80,4,46,0.10934,0.45636,0.85164
no_batch,80,4,47,0.10725,0.44962,0.84745
no_batch,80,4,48,0.10511,0.4427,0.84307
no_batch,80,4,49,0.10292,0.4356,0.83849
no_batch,80,4,50,0.10069,0.42833,0.83372
no_batch,80,4,51,0.09843,0.42091,0.82874
no_batch,80,4,52,0.09613,0.41333,0.82355
no_batch,80,4,53,0.09381,0.40562,0.81814
no_batch,80,4,54,0.09146,0.39777,0.8125
no_batch,80,4,55,0.08911,0.3898,0.80663
no_batch,80,4,56,0.08675,0.38173,0.80051
no_batch,80,4,57,0.0844,0.37355,0.79413
no_batch,80,4,58,0.08205,0.36529,0.78749
no_batch,80,4,59,0.07971,0.35695,0.78057
no_batch,80,4,60,0.0774,0.34855,0.77336
no_batch,80,4,61,0.07511,0.34009,0.76584
no_batch,80,4,62,0.07285,0.33161,0.75803
no_batch,80,4,63,0.07063,0.32312,0.74992
no_batch,80,4,64,0.06844,0.31464,0.7415
no_batch,80,4,65,0.06631,0.30618,0.73279
no_batch,80,4,66,0.06421,0.29777,0.72378
no_batch,80,4,67,0.06217,0.28941,0.71448
no_batch,80,4,68,0.06018,0.28114,0.70491
no_batch,80,4,69,0.05823,0.27295,0.69506
no_batch,80,4,70,0.05634,0.26487,0.68496
no_batch,80,4,71,0.05451,0.25691,0.67462
no_batch,80,4,72,0.05273,0.24909,0.66406
no_batch,80,4,73,0.051,0.2414,0.65328
no_batch,80,4,74,0.04933,0.23387,0.64232
no_batch,80,4,75,0.04771,0.22651,0.6312
no_batch,80,4,76,0.04615,0.21931,0.61993
no_batch,80,4,77,0.04464,0.2123,0.60854
no_batch,80,4,78,0.04318,0.20547,0.59706
no_batch,80,4,79,0.04178,0.19884,0.58552
no_batch,80,4,80,0.04043,0.1924,0.57394
no_batch,80,4,81,0.03913,0.18616,0.56234
no_batch,80,4,82,0.03788,0.18012,0.55077
no_batch,80,4,83,0.03667,0.17429,0.53924
no_batch,80,4,84,0.03552,0.16866,0.52778
no_batch,80,4,85,0.03441,0.16324,0.51641
no_batch,80,4,86,0.03335,0.15803,0.50518
no_batch,80,4,87,0.03234,0.15302,0.49408
no_batch,80,4,88,0.03137,0.14821,0.48317
no_batch,80,4,89,0.03044,0.1436,0.47244
no_batch,80,4,90,0.02956,0.1392,0.46193
no_batch,80,4,91,0.02872,0.13499,0.45166
no_batch,80,4,92,0.02792,0.13097,0.44163
no_batch,80,4,93,0.02716,0.12715,0.43188
no_batch,80,4,94,0.02644,0.12351,0.4224
no_batch,80,4,95,0.02575,0.12006,0.41322
no_batch,80,4,96,0.02511,0.11678,0.40435
no_batch,80,4,97,0.0245,0.11369,0.39579
no_batch,80,4,98,0.02393,0.11076,0.38756
no_batch,80,4,99,0.02339,0.108,0.37966
no_batch,80,4,100,0.02289,0.10541,0.3721
no_batch,80,4,101,0.02243,0.10298,0.36489
no_batch,80,4,102,0.02199,0.10071,0.35802
no_batch,80,4,103,0.02159,0.09859,0.3515
no_batch,80,4,104,0.02123,0.09663,0.34534
no_batch,80,4,105,0.0209,0.09481,0.33954
no_batch,80,4,106,0.02059,0.09315,0.3341
no_batch,80,4,107,0.02033,0.09162,0.32902
no_batch,80,4,108,0.02009,0.09024,0.32429
no_batch,80,4,109,0.01988,0.08899,0.31991
no_batch,80,4,110,0.0197,0.08786,0.31586
no_batch,80,4,111,0.01954,0.08685,0.31213
no_batch,80,4,112,0.01941,0.08594,0.30871
no_batch,80,4,113,0.0193,0.08515,0.30558
no_batch,80,4,114,0.01922,0.08445,0.30273
no_batch,80,4,115,0.01915,0.08384,0.30016
no_batch,80,4,116,0.01911,0.08332,0.29785
no_batch,80,4,117,0.01908,0.08289,0.2958
no_batch,80,4,118,0.01907,0.08254,0.29398
no_batch,80,4,119,0.01907,0.08227,0.29241
no_batch,80,4,120,0.0191,0.08206,0.29105
no_batch,80,4,121,0.01913,0.08193,0.28992
no_batch,80,4,122,0.01919,0.08186,0.28898
no_batch,80,4,123,0.01925,0.08186,0.28825
no_batch,80,4,124,0.01933,0.08192,0.28771
no_batch,80,4,125,0.01942,0.08203,0.28734
no_batch,80,4,126,0.01952,0.0822,0.28714
no_batch,80,4,127,0.01964,0.08242,0.2871
no_batch,80,4,128,0.01977,0.08269,0.28721
no_batch,80,4,129,0.01991,0.08301,0.28747
no_batch,80,4,130,0.02005,0.08337,0.28785
no_batch,80,4,131,0.02021,0.08377,0.28835
no_batch,80,4,132,0.02038,0.08421,0.28896
no_batch,80,4,133,0.02056,0.08469,0.28966
no_batch,80,4,134,0.02075,0.0852,0.29045
no_batch,80,4,135,0.02095,0.08574,0.29132
no_batch,80,4,136,0.02116,0.08632,0.29225
no_batch,80,4,137,0.02137,0.08692,0.29323
no_batch,80,4,138,0.0216,0.08754,0.29425
no_batch,80,4,139,0.02184,0.08819,0.29529
no_batch,80,4,140,0.02208,0.08885,0.29635
no_batch,80,4,141,0.02233,0.08953,0.29741
no_batch,80,4,142,0.02259,0.09022,0.29846
no_batch,80,4,143,0.02286,0.09092,0.29949
no_batch,80,4,144,0.02314,0.09163,0.30048
no_batch,80,4,145,0.02342,0.09234,0.30143
no_batch,80,4,146,0.02371,0.09305,0.30231
no_batch,80,4,147,0.02401,0.09375,0.30313
no_batch,80,4,148,0.02432,0.09445,0.30387
no_batch,80,4,149,0.02463,0.09514,0.30452
no_batch,80,4,150,0.02494,0.09581,0.30507
no_batch,80,4,151,0.02526,0.09647,0.30551
no_batch,80,4,152,0.02558,0.0971,0.30584
no_batch,80,4,153,0.0259,0.09771,0.30606
no_batch,80,4,154,0.02622,0.09829,0.30615
no_batch,80,4,155,0.02654,0.09883,0.30612
no_batch,80,4,156,0.02685,0.09935,0.306
no_batch,80,4,157,0.02716,0.09983,0.30578
no_batch,80,4,158,0.02746,0.10027,0.30549
no_batch,80,4,159,0.02775,0.10069,0.30513
no_batch,80,4,160,0.02803,0.10107,0.30472
no_batch,80,4,161,0.0283,0.10141,0.30427
no_batch,80,4,162,0.02855,0.10173,0.30378
no_batch,80,4,163,0.02879,0.10201,0.30326
no_batch,80,4,164,0.02901,0.10225,0.30271
no_batch,80,4,165,0.02922,0.10246,0.30215
no_batch,80,4,166,0.02941,0.10264,0.30155
no_batch,80,4,167,0.02958,0.10278,0.30094
no_batch,80,4,168,0.02974,0.10289,0.3003
no_batch,80,4,169,0.02988,0.10297,0.29963
no_batch,80,4,170,0.03,0.10301,0.29892
no_batch,80,4,171,0.03011,0.10301,0.29817
no_batch,80,4,172,0.0302,0.10299,0.29737
no_batch,80,4,173,0.03029,0.10293,0.29651
no_batch,80,4,174,0.03036,0.10283,0.29559
no_batch,80,4,175,0.03042,0.10271,0.2946
no_batch,80,4,176,0.03047,0.10255,0.29353
no_batch,80,4,177,0.03051,0.10236,0.29237
no_batch,80,4,178,0.03054,0.10214,0.29113
no_batch,80,4,179,0.03057,0.10188,0.28981
no_batch,80,4,180,0.03059,0.1016,0.28841
no_batch,80,4,181,0.03059,0.10128,0.28694
no_batch,80,4,182,0.03059,0.10093,0.2854
no_batch,80,4,183,0.03057,0.10055,0.28383
no_batch,80,4,184,0.03054,0.10015,0.28224
no_batch,80,4,185,0.03048,0.09971,0.28067
no_batch,80,4,186,0.0304,0.09925,0.27915
no_batch,80,4,187,0.03028,0.09876,0.27774
no_batch,80,4,188,0.03012,0.09824,0.27649
no_batch,80,4,189,0.02991,0.09769,0.27548
no_batch,80,4,190,0.02963,0.09712,0.27477
no_batch,80,4,191,0.02929,0.09652,0.27447
no_batch,80,4,192,0.02885,0.0959,0.27467
no_batch,80,5,20,0.14847,0.57285,0.91162
no_batch,80,5,21,0.15075,0.57168,0.90939
no_batch,80,5,22,0.15253,0.57019,0.90722
no_batch,80,5,23,0.15384,0.56836,0.90509
no_batch,80,5,24,0.15474,0.56622,0.90298
no_batch,80,5,25,0.15524,0.56376,0.90088
no_batch,80,5,26,0.15538,0.56099,0.89875
no_batch,80,5,27,0.15521,0.55792,0.89658
no_batch,80,5,28,0.15474,0.55454,0.89435
no_batch,80,5,29,0.15401,0.55087,0.89205
no_batch,80,5,30,0.15305,0.54691,0.88965
no_batch,80,5,31,0.15189,0.54266,0.88716
no_batch,80,5,32,0.15053,0.53813,0.88454
no_batch,80,5,33,0.149,0.53333,0.88179
no_batch,80,5,34,0.14733,0.52826,0.8789
no_batch,80,5,35,0.14551,0.52293,0.87586
no_batch,80,5,36,0.14358,0.51734,0.87266
no_batch,80,5,37,0.14153,0.5115,0.86929
no_batch,80,5,38,0.13938,0.50542,0.86574
no_batch,80,5,39,0.13714,0.4991,0.86201
no_batch,80,5,40,0.13481,0.49256,0.85809
no_batch,80,5,41,0.13241,0.48581,0.85399
no_batch,80,5,42,0.12994,0.47884,0.84968
no_batch,80,5,43,0.12741,0.47167,0.84517
no_batch,80,5,44,0.12482,0.46432,0.84046
no_batch,80,5,45,0.12218,0.45678,0.83553
no_batch,80,5,46,0.1195,0.44908,0.8304
no_batch,80,5,47,0.11678,0.44122,0.82505
no_batch,80,5,48,0.11402,0.43322,0.81948
no_batch,80,5,49,0.11125,0.42508,0.81369
no_batch,80,5,50,0.10845,0.41682,0.80768
no_batch,80,5,51,0.10565,0.40846,0.80143
no_batch,80,5,52,0.10284,0.4,0.79496
no_batch,80,5,53,0.10004,0.39146,0.78825
no_batch,80,5,54,0.09725,0.38285,0.78131
no_batch,80,5,55,0.09447,0.37419,0.77412
no_batch,80,5,56,0.09172,0.36549,0.76668
no_batch,80,5,57,0.089,0.35677,0.75898
no_batch,80,5,58,0.08632,0.34803,0.75102
no_batch,80,5,59,0.08368,0.3393,0.7428
no_batch,80,5,60,0.08109,0.33058,0.7343
no_batch,80,5,61,0.07855,0.32189,0.72553
no_batch,80,5,62,0.07607,0.31325,0.71648
no_batch,80,5,63,0.07365,0.30468,0.70716
no_batch,80,5,64,0.0713,0.29618,0.69758
no_batch,80,5,65,0.06901,0.28777,0.68774
no_batch,80,5,66,0.06678,0.27947,0.67766
no_batch,80,5,67,0.06462,0.27128,0.66734
no_batch,80,5,68,0.06253,0.26323,0.6568
no_batch,80,5,69,0.0605,0.25532,0.64606
no_batch,80,5,70,0.05854,0.24756,0.63513
no_batch,80,5,71,0.05665,0.23996,0.62403
no_batch,80,5,72,0.05482,0.23252,0.61279
no_batch,80,5,73,0.05306,0.22527,0.60143
no_batch,80,5,74,0.05136,0.21819,0.58996
no_batch,80,5,75,0.04972,0.21131,0.57842
no_batch,80,5,76,0.04814,0.20461,0.56683
no_batch,80,5,77,0.04662,0.19812,0.55522
no_batch,80,5,78,0.04516,0.19182,0.54361
no_batch,80,5,79,0.04375,0.18572,0.53203
no_batch,80,5,80,0.04241,0.17982,0.5205
no_batch,80,5,81,0.04111,0.17413,0.50906
no_batch,80,5,82,0.03987,0.16864,0.49772
no_batch,80,5,83,0.03868,0.16336,0.48651
no_batch,80,5,84,0.03754,0.15827,0.47546
no_batch,80,5,85,0.03645,0.15339,0.46459
no_batch,80,5,86,0.03541,0.1487,0.45391
no_batch,80,5,87,0.03441,0.14421,0.44345
no_batch,80,5,88,0.03346,0.13991,0.43323
no_batch,80,5,89,0.03255,0.1358,0.42326
no_batch,80,5,90,0.03169,0.13188,0.41355
no_batch,80,5,91,0.03087,0.12814,0.40413
no_batch,80,5,92,0.03009,0.12458,0.39499
no_batch,80,5,93,0.02935,0.1212,0.38616
no_batch,80,5,94,0.02865,0.11799,0.37763
no_batch,80,5,95,0.02799,0.11495,0.36943
no_batch,80,5,96,0.02736,0.11207,0.36154
no_batch,80,5,97,0.02678,0.10936,0.35398
no_batch,80,5,98,0.02623,0.1068,0.34675
no_batch,80,5,99,0.02571,0.1044,0.33985
no_batch,80,5,100,0.02524,0.10214,0.33328
no_batch,80,5,101,0.02479,0.10004,0.32705
no_batch,80,5,102,0.02439,0.09808,0.32116
no_batch,80,5,103,0.02401,0.09626,0.3156
no_batch,80,5,104,0.02367,0.09458,0.31038
no_batch,80,5,105,0.02337,0.09304,0.30549
no_batch,80,5,106,0.0231,0.09164,0.30093
no_batch,80,5,107,0.02286,0.09037,0.29671
no_batch,80,5,108,0.02265,0.08923,0.29282
no_batch,80,5,109,0.02248,0.08821,0.28924
no_batch,80,5,110,0.02234,0.0873,0.28595
no_batch,80,5,111,0.02222,0.0865,0.28296
no_batch,80,5,112,0.02213,0.08581,0.28024
no_batch,80,5,113,0.02206,0.08521,0.27778
no_batch,80,5,114,0.02202,0.0847,0.27557
no_batch,80,5,115,0.022,0.08429,0.2736
no_batch,80,5,116,0.022,0.08395,0.27186
no_batch,80,5,117,0.02202,0.08369,0.27035
no_batch,80,5,118,0.02206,0.08351,0.26905
no_batch,80,5,119,0.02212,0.0834,0.26794
no_batch,80,5,120,0.0222,0.08336,0.26704
no_batch,80,5,121,0.02229,0.08338,0.26631
no_batch,80,5,122,0.0224,0.08346,0.26577
no_batch,80,5,123,0.02252,0.0836,0.26539
no_batch,80,5,124,0.02266,0.0838,0.26516
no_batch,80,5,125,0.02281,0.08405,0.26509
no_batch,80,5,126,0.02298,0.08435,0.26516
no_batch,80,5,127,0.02315,0.08469,0.26536
no_batch,80,5,128,0.02334,0.08508,0.26567
no_batch,80,5,129,0.02354,0.08551,0.26611
no_batch,80,5,130,0.02375,0.08597,0.26664
no_batch,80,5,131,0.02398,0.08647,0.26727
no_batch,80,5,132,0.02421,0.08701,0.26797
no_batch,80,5,133,0.02445,0.08757,0.26875
no_batch,80,5,134,0.0247,0.08816,0.26959
no_batch,80,5,135,0.02496,0.08878,0.27048
no_batch,80,5,136,0.02523,0.08941,0.27141
no_batch,80,5,137,0.0255,0.09006,0.27237
no_batch,80,5,138,0.02579,0.09073,0.27334
no_batch,80,5,139,0.02608,0.09141,0.27431
no_batch,80,5,140,0.02637,0.09209,0.27528
no_batch,80,5,141,0.02667,0.09278,0.27622
no_batch,80,5,142,0.02698,0.09347,0.27713
no_batch,80,5,143,0.02729,0.09415,0.278
no_batch,80,5,144,0.02761,0.09483,0.27882
no_batch,80,5,145,0.02793,0.0955,0.27956
no_batch,80,5,146,0.02825,0.09615,0.28023
no_batch,80,5,147,0.02857,0.09679,0.28081
no_batch,80,5,148,0.02889,0.0974,0.28129
no_batch,80,5,149,0.02921,0.09798,0.28166
no_batch,80,5,150,0.02953,0.09854,0.28192
no_batch,80,5,151,0.02985,0.09905,0.28205
no_batch,80,5,152,0.03016,0.09953,0.28205
no_batch,80,5,153,0.03046,0.09996,0.28191
no_batch,80,5,154,0.03076,0.10035,0.28163
no_batch,80,5,155,0.03104,0.10068,0.28122
no_batch,80,5,156,0.03131,0.10096,0.28068
no_batch,80,5,157,0.03156,0.10118,0.28001
no_batch,80,5,158,0.03179,0.10135,0.27924
no_batch,80,5,159,0.03199,0.10146,0.27837
no_batch,80,5,160,0.03218,0.10151,0.27739
no_batch,80,5,161,0.03234,0.1015,0.27633
no_batch,80,5,162,0.03247,0.10143,0.27518
no_batch,80,5,163,0.03257,0.1013,0.27394
no_batch,80,5,164,0.03265,0.1011,0.27262
no_batch,80,5,165,0.03269,0.10084,0.27122
no_batch,80,5,166,0.0327,0.10052,0.26972
no_batch,80,5,167,0.03269,0.10013,0.26813
no_batch,80,5,168,0.03264,0.09967,0.26645
no_batch,80,5,169,0.03256,0.09915,0.26466
no_batch,80,5,170,0.03246,0.09856,0.26276
no_batch,80,5,171,0.03232,0.09791,0.26074
no_batch,80,5,172,0.03216,0.09719,0.2586
no_batch,80,5,173,0.03197,0.09641,0.25632
no_batch,80,5,174,0.03176,0.09556,0.2539
no_batch,80,5,175,0.03153,0.09465,0.25133
no_batch,80,5,176,0.03127,0.09367,0.24861
no_batch,80,5,177,0.031,0.09263,0.24574
no_batch,80,5,178,0.0307,0.09153,0.2427
no_batch,80,5,179,0.03039,0.09037,0.23951
no_batch,80,5,180,0.03005,0.08915,0.23617
no_batch,80,5,181,0.0297,0.08787,0.23269
no_batch,80,5,182,0.02932,0.08654,0.22909
no_batch,80,5,183,0.02892,0.08515,0.22538
no_batch,80,5,184,0.02849,0.08371,0.22158
no_batch,80,5,185,0.02803,0.08223,0.21772
no_batch,80,5,186,0.02754,0.08069,0.21385
no_batch,80,5,187,0.02701,0.07911,0.21
no_batch,80,5,188,0.02644,0.07749,0.20621
no_batch,80,5,189,0.02582,0.07582,0.20255
no_batch,80,5,190,0.02514,0.07413,0.19907
no_batch,80,5,191,0.0244,0.07239,0.19583
no_batch,80,5,192,0.02359,0.07063,0.1929
no_batch,80,6,20,0.13797,0.50863,0.87004
no_batch,80,6,21,0.14319,0.51331,0.86939
no_batch,80,6,22,0.14781,0.51735,0.86884
no_batch,80,6,23,0.15182,0.52074,0.86835
no_batch,80,6,24,0.15525,0.52351,0.86787
no_batch,80,6,25,0.1581,0.52568,0.86738
no_batch,80,6,26,0.16042,0.52725,0.86685
no_batch,80,6,27,0.16222,0.52825,0.86623
no_batch,80,6,28,0.16354,0.52868,0.86551
no_batch,80,6,29,0.16441,0.52856,0.86466
no_batch,80,6,30,0.16487,0.52792,0.86366
no_batch,80,6,31,0.16494,0.52675,0.86249
no_batch,80,6,32,0.16465,0.52508,0.86114
no_batch,80,6,33,0.16404,0.52292,0.8596
no_batch,80,6,34,0.16313,0.52028,0.85784
no_batch,80,6,35,0.16194,0.51718,0.85587
no_batch,80,6,36,0.16049,0.51363,0.85367
no_batch,80,6,37,0.15881,0.50965,0.85124
no_batch,80,6,38,0.15692,0.50525,0.84856
no_batch,80,6,39,0.15482,0.50045,0.84565
no_batch,80,6,40,0.15255,0.49526,0.84248
no_batch,80,6,41,0.15011,0.48969,0.83906
no_batch,80,6,42,0.14752,0.48377,0.83539
no_batch,80,6,43,0.1448,0.47751,0.83146
no_batch,80,6,44,0.14195,0.47093,0.82727
no_batch,80,6,45,0.13899,0.46405,0.82282
no_batch,80,6,46,0.13593,0.45688,0.81811
no_batch,80,6,47,0.1328,0.44944,0.81315
no_batch,80,6,48,0.12959,0.44176,0.80792
no_batch,80,6,49,0.12632,0.43385,0.80244
no_batch,80,6,50,0.12301,0.42575,0.7967
no_batch,80,6,51,0.11966,0.41746,0.7907
no_batch,80,6,52,0.1163,0.40901,0.78445
no_batch,80,6,53,0.11293,0.40042,0.77795
no_batch,80,6,54,0.10956,0.39172,0.7712
no_batch,80,6,55,0.1062,0.38293,0.7642
no_batch,80,6,56,0.10288,0.37406,0.75695
no_batch,80,6,57,0.09959,0.36516,0.74946
no_batch,80,6,58,0.09635,0.35623,0.74172
no_batch,80,6,59,0.09316,0.34729,0.73375
no_batch,80,6,60,0.09004,0.33838,0.72554
no_batch,80,6,61,0.087,0.32951,0.71709
no_batch,80,6,62,0.08403,0.3207,0.70841
no_batch,80,6,63,0.08115,0.31197,0.69951
no_batch,80,6,64,0.07835,0.30332,0.69038
no_batch,80,6,65,0.07564,0.29478,0.68103
no_batch,80,6,66,0.07302,0.28635,0.67148
no_batch,80,6,67,0.07048,0.27805,0.66172
no_batch,80,6,68,0.06803,0.26988,0.65178
no_batch,80,6,69,0.06567,0.26186,0.64167
no_batch,80,6,70,0.06338,0.254,0.6314
no_batch,80,6,71,0.06119,0.24629,0.62099
no_batch,80,6,72,0.05907,0.23876,0.61045
no_batch,80,6,73,0.05703,0.2314,0.59981
no_batch,80,6,74,0.05507,0.22423,0.58908
no_batch,80,6,75,0.05318,0.21724,0.57828
no_batch,80,6,76,0.05137,0.21045,0.56744
no_batch,80,6,77,0.04963,0.20384,0.55658
no_batch,80,6,78,0.04796,0.19744,0.54572
no_batch,80,6,79,0.04636,0.19123,0.53488
no_batch,80,6,80,0.04483,0.18522,0.52408
no_batch,80,6,81,0.04335,0.17941,0.51335
no_batch,80,6,82,0.04194,0.1738,0.50271
no_batch,80,6,83,0.04059,0.16839,0.49218
no_batch,80,6,84,0.03929,0.16318,0.48178
no_batch,80,6,85,0.03806,0.15816,0.47152
no_batch,80,6,86,0.03687,0.15334,0.46144
no_batch,80,6,87,0.03574,0.14871,0.45153
no_batch,80,6,88,0.03466,0.14426,0.44182
no_batch,80,6,89,0.03363,0.14,0.43233
no_batch,80,6,90,0.03265,0.13593,0.42307
no_batch,80,6,91,0.03171,0.13203,0.41404
no_batch,80,6,92,0.03082,0.12831,0.40526
no_batch,80,6,93,0.02997,0.12476,0.39675
no_batch,80,6,94,0.02917,0.12138,0.3885
no_batch,80,6,95,0.0284,0.11817,0.38052
no_batch,80,6,96,0.02768,0.11511,0.37282
no_batch,80,6,97,0.02699,0.11221,0.36541
no_batch,80,6,98,0.02635,0.10947,0.35829
no_batch,80,6,99,0.02574,0.10687,0.35146
no_batch,80,6,100,0.02517,0.10442,0.34492
no_batch,80,6,101,0.02463,0.10211,0.33868
no_batch,80,6,102,0.02413,0.09995,0.33273
no_batch,80,6,103,0.02367,0.09791,0.32708
no_batch,80,6,104,0.02323,0.09602,0.32173
no_batch,80,6,105,0.02283,0.09425,0.31668
no_batch,80,6,106,0.02246,0.09261,0.31192
no_batch,80,6,107,0.02213,0.0911,0.30747
no_batch,80,6,108,0.02182,0.08971,0.30331
no_batch,80,6,109,0.02155,0.08844,0.29944
no_batch,80,6,110,0.0213,0.08728,0.29586
no_batch,80,6,111,0.02108,0.08623,0.29255
no_batch,80,6,112,0.02089,0.08529,0.2895
no_batch,80,6,113,0.02072,0.08443,0.28671
no_batch,80,6,114,0.02057,0.08367,0.28416
no_batch,80,6,115,0.02045,0.083,0.28185
no_batch,80,6,116,0.02034,0.08241,0.27977
no_batch,80,6,117,0.02026,0.0819,0.27791
no_batch,80,6,118,0.02019,0.08146,0.27627
no_batch,80,6,119,0.02014,0.0811,0.27483
no_batch,80,6,120,0.0201,0.0808,0.2736
no_batch,80,6,121,0.02009,0.08057,0.27255
no_batch,80,6,122,0.02008,0.08041,0.2717
no_batch,80,6,123,0.02009,0.0803,0.27102
no_batch,80,6,124,0.02012,0.08026,0.27052
no_batch,80,6,125,0.02016,0.08026,0.27018
no_batch,80,6,126,0.02021,0.08033,0.27
no_batch,80,6,127,0.02027,0.08044,0.26998
no_batch,80,6,128,0.02035,0.0806,0.27009
no_batch,80,6,129,0.02043,0.08081,0.27035
no_batch,80,6,130,0.02053,0.08107,0.27074
no_batch,80,6,131,0.02064,0.08137,0.27124
no_batch,80,6,132,0.02076,0.08171,0.27187
no_batch,80,6,133,0.02089,0.08209,0.2726
no_batch,80,6,134,0.02104,0.08251,0.27342
no_batch,80,6,135,0.02119,0.08296,0.27434
no_batch,80,6,136,0.02135,0.08345,0.27534
no_batch,80,6,137,0.02152,0.08397,0.27641
no_batch,80,6,138,0.02171,0.08452,0.27754
no_batch,80,6,139,0.0219,0.0851,0.27873
no_batch,80,6,140,0.0221,0.08571,0.27996
no_batch,80,6,141,0.02231,0.08634,0.28123
no_batch,80,6,142,0.02253,0.08699,0.28253
no_batch,80,6,143,0.02277,0.08767,0.28385
no_batch,80,6,144,0.02301,0.08836,0.28517
no_batch,80,6,145,0.02326,0.08907,0.2865
no_batch,80,6,146,0.02352,0.0898,0.28782
no_batch,80,6,147,0.02378,0.09053,0.28913
no_batch,80,6,148,0.02406,0.09128,0.29041
no_batch,80,6,149,0.02435,0.09203,0.29166
no_batch,80,6,150,0.02464,0.09279,0.29287
no_batch,80,6,151,0.02493,0.09355,0.29405
no_batch,80,6,152,0.02524,0.09431,0.29517
no_batch,80,6,153,0.02555,0.09507,0.29625
no_batch,80,6,154,0.02586,0.09582,0.29727
no_batch,80,6,155,0.02617,0.09656,0.29825
no_batch,80,6,156,0.02649,0.09729,0.29917
no_batch,80,6,157,0.0268,0.09801,0.30006
no_batch,80,6,158,0.02711,0.09871,0.30092
no_batch,80,6,159,0.02741,0.09939,0.30175
no_batch,80,6,160,0.02771,0.10006,0.30256
no_batch,80,6,161,0.02799,0.10071,0.30335
no_batch,80,6,162,0.02827,0.10133,0.30412
no_batch,80,6,163,0.02853,0.10193,0.30488
no_batch,80,6,164,0.02878,0.1025,0.30562
no_batch,80,6,165,0.02902,0.10304,0.30633
no_batch,80,6,166,0.02924,0.10355,0.30703
no_batch,80,6,167,0.02944,0.10403,0.30769
no_batch,80,6,168,0.02963,0.10447,0.30831
no_batch,80,6,169,0.0298,0.10488,0.30887
no_batch,80,6,170,0.02996,0.10524,0.30938
no_batch,80,6,171,0.03009,0.10556,0.30982
no_batch,80,6,172,0.03022,0.10584,0.31017
no_batch,80,6,173,0.03033,0.10607,0.31042
no_batch,80,6,174,0.03042,0.10625,0.31057
no_batch,80,6,175,0.0305,0.10639,0.3106
no_batch,80,6,176,0.03056,0.10647,0.31049
no_batch,80,6,177,0.03061,0.10649,0.31025
no_batch,80,6,178,0.03065,0.10646,0.30986
no_batch,80,6,179,0.03067,0.10638,0.30932
no_batch,80,6,180,0.03068,0.10623,0.30862
no_batch,80,6,181,0.03067,0.10603,0.30778
no_batch,80,6,182,0.03063,0.10576,0.30681
no_batch,80,6,183,0.03058,0.10543,0.3057
no_batch,80,6,184,0.0305,0.10503,0.3045
no_batch,80,6,185,0.03039,0.10457,0.30321
no_batch,80,6,186,0.03024,0.10404,0.30188
no_batch,80,6,187,0.03005,0.10345,0.30056
no_batch,80,6,188,0.02981,0.10279,0.29929
no_batch,80,6,189,0.02951,0.10205,0.29813
no_batch,80,6,190,0.02915,0.10125,0.29716
no_batch,80,6,191,0.0287,0.10039,0.29647
no_batch,80,6,192,0.02817,0.09945,0.29613
no_batch,80,7,20,0.1193,0.54436,0.91333
no_batch,80,7,21,0.1223,0.54459,0.91121
no_batch,80,7,22,0.12489,0.54432,0.90908
no_batch,80,7,23,0.12707,0.54357,0.90692
no_batch,80,7,24,0.12886,0.54234,0.9047
no_batch,80,7,25,0.13029,0.54065,0.90241
no_batch,80,7,26,0.13137,0.53852,0.90004
no_batch,80,7,27,0.13213,0.53595,0.89756
no_batch,80,7,28,0.13259,0.53296,0.89495
no_batch,80,7,29,0.13276,0.52955,0.8922
no_batch,80,7,30,0.13268,0.52575,0.8893
no_batch,80,7,31,0.13236,0.52156,0.88623
no_batch,80,7,32,0.13183,0.517,0.88298
no_batch,80,7,33,0.13109,0.51208,0.87954
no_batch,80,7,34,0.13016,0.50681,0.87588
no_batch,80,7,35,0.12907,0.50121,0.87201
no_batch,80,7,36,0.12782,0.49529,0.86792
no_batch,80,7,37,0.12643,0.48906,0.86359
no_batch,80,7,38,0.12491,0.48255,0.85901
no_batch,80,7,39,0.12327,0.47576,0.85418
no_batch,80,7,40,0.12153,0.46872,0.84909
no_batch,80,7,41,0.11968,0.46144,0.84375
no_batch,80,7,42,0.11775,0.45394,0.83813
no_batch,80,7,43,0.11574,0.44623,0.83224
no_batch,80,7,44,0.11366,0.43834,0.82608
no_batch,80,7,45,0.11152,0.43029,0.81965
no_batch,80,7,46,0.10932,0.42208,0.81294
no_batch,80,7,47,0.10709,0.41375,0.80595
no_batch,80,7,48,0.10481,0.40532,0.7987
no_batch,80,7,49,0.10251,0.39679,0.79117
no_batch,80,7,50,0.10018,0.38821,0.78338
no_batch,80,7,51,0.09785,0.37957,0.77532
no_batch,80,7,52,0.09551,0.37091,0.76701
no_batch,80,7,53,0.09317,0.36224,0.75845
no_batch,80,7,54,0.09085,0.35359,0.74964
no_batch,80,7,55,0.08854,0.34496,0.74059
no_batch,80,7,56,0.08627,0.33639,0.7313
no_batch,80,7,57,0.08402,0.32788,0.72179
no_batch,80,7,58,0.08182,0.31946,0.71206
no_batch,80,7,59,0.07966,0.31114,0.70212
no_batch,80,7,60,0.07755,0.30294,0.69198
no_batch,80,7,61,0.0755,0.29487,0.68164
no_batch,80,7,62,0.07351,0.28692,0.67112
no_batch,80,7,63,0.07157,0.27912,0.66042
no_batch,80,7,64,0.06969,0.27147,0.64955
no_batch,80,7,65,0.06787,0.26397,0.63852
no_batch,80,7,66,0.0661,0.25662,0.62735
no_batch,80,7,67,0.0644,0.24943,0.61606
no_batch,80,7,68,0.06274,0.24241,0.60466
no_batch,80,7,69,0.06114,0.23555,0.59316
no_batch,80,7,70,0.0596,0.22887,0.58159
no_batch,80,7,71,0.0581,0.22235,0.56996
no_batch,80,7,72,0.05666,0.21601,0.5583
no_batch,80,7,73,0.05526,0.20984,0.54662
no_batch,80,7,74,0.05392,0.20385,0.53495
no_batch,80,7,75,0.05262,0.19802,0.52331
no_batch,80,7,76,0.05136,0.19238,0.51171
no_batch,80,7,77,0.05015,0.18691,0.50019
no_batch,80,7,78,0.04898,0.18161,0.48875
no_batch,80,7,79,0.04786,0.17648,0.47743
no_batch,80,7,80,0.04677,0.17152,0.46623
no_batch,80,7,81,0.04573,0.16672,0.45518
no_batch,80,7,82,0.04472,0.1621,0.4443
no_batch,80,7,83,0.04374,0.15763,0.4336
no_batch,80,7,84,0.04281,0.15333,0.42309
no_batch,80,7,85,0.0419,0.14919,0.4128
no_batch,80,7,86,0.04103,0.1452,0.40273
no_batch,80,7,87,0.0402,0.14136,0.39289
no_batch,80,7,88,0.03939,0.13767,0.3833
no_batch,80,7,89,0.03862,0.13413,0.37396
no_batch,80,7,90,0.03788,0.13074,0.36488
no_batch,80,7,91,0.03717,0.12748,0.35606
no_batch,80,7,92,0.03649,0.12436,0.34752
no_batch,80,7,93,0.03584,0.12137,0.33924
no_batch,80,7,94,0.03521,0.11852,0.33125
no_batch,80,7,95,0.03462,0.11579,0.32352
no_batch,80,7,96,0.03405,0.11319,0.31608
no_batch,80,7,97,0.03351,0.11071,0.30891
no_batch,80,7,98,0.033,0.10834,0.30201
no_batch,80,7,99,0.03251,0.1061,0.29538
no_batch,80,7,100,0.03206,0.10397,0.28903
no_batch,80,7,101,0.03163,0.10194,0.28294
no_batch,80,7,102,0.03122,0.10003,0.27711
no_batch,80,7,103,0.03085,0.09822,0.27154
no_batch,80,7,104,0.0305,0.09652,0.26622
no_batch,80,7,105,0.03018,0.09492,0.26116
no_batch,80,7,106,0.02988,0.09341,0.25634
no_batch,80,7,107,0.02961,0.09201,0.25176
no_batch,80,7,108,0.02937,0.0907,0.24742
no_batch,80,7,109,0.02916,0.08948,0.24331
no_batch,80,7,110,0.02896,0.08834,0.23941
no_batch,80,7,111,0.02879,0.08728,0.23572
no_batch,80,7,112,0.02865,0.0863,0.23223
no_batch,80,7,113,0.02852,0.08539,0.22893
no_batch,80,7,114,0.02841,0.08454,0.22581
no_batch,80,7,115,0.02832,0.08376,0.22287
no_batch,80,7,116,0.02824,0.08305,0.2201
no_batch,80,7,117,0.02819,0.08239,0.21749
no_batch,80,7,118,0.02814,0.08178,0.21504
no_batch,80,7,119,0.02812,0.08123,0.21273
no_batch,80,7,120,0.0281,0.08073,0.21057
no_batch,80,7,121,0.0281,0.08028,0.20855
no_batch,80,7,122,0.02811,0.07987,0.20665
no_batch,80,7,123,0.02813,0.0795,0.20488
no_batch,80,7,124,0.02816,0.07917,0.20323
no_batch,80,7,125,0.02821,0.07888,0.20169
no_batch,80,7,126,0.02826,0.07863,0.20026
no_batch,80,7,127,0.02832,0.0784,0.19893
no_batch,80,7,128,0.02839,0.07822,0.19769
no_batch,80,7,129,0.02847,0.07806,0.19653
no_batch,80,7,130,0.02856,0.07792,0.19546
no_batch,80,7,131,0.02865,0.07782,0.19445
no_batch,80,7,132,0.02876,0.07774,0.19352
no_batch,80,7,133,0.02887,0.07768,0.19265
no_batch,80,7,134,0.02899,0.07764,0.19182
no_batch,80,7,135,0.02911,0.07762,0.19105
no_batch,80,7,136,0.02925,0.07762,0.19031
no_batch,80,7,137,0.02939,0.07763,0.18961
no_batch,80,7,138,0.02954,0.07766,0.18893
no_batch,80,7,139,0.02969,0.0777,0.18827
no_batch,80,7,140,0.02986,0.07775,0.18762
no_batch,80,7,141,0.03003,0.07781,0.18697
no_batch,80,7,142,0.0302,0.07788,0.18632
no_batch,80,7,143,0.03039,0.07795,0.18567
no_batch,80,7,144,0.03058,0.07802,0.185
no_batch,80,7,145,0.03078,0.0781,0.1843
no_batch,80,7,146,0.03099,0.07817,0.18358
no_batch,80,7,147,0.03121,0.07825,0.18283
no_batch,80,7,148,0.03143,0.07832,0.18204
no_batch,80,7,149,0.03165,0.07839,0.18121
no_batch,80,7,150,0.03189,0.07845,0.18034
no_batch,80,7,151,0.03212,0.0785,0.17942
no_batch,80,7,152,0.03236,0.07854,0.17845
no_batch,80,7,153,0.03261,0.07857,0.17743
no_batch,80,7,154,0.03285,0.07858,0.17636
no_batch,80,7,155,0.0331,0.07859,0.17525
no_batch,80,7,156,0.03334,0.07858,0.17412
no_batch,80,7,157,0.03359,0.07856,0.17298
no_batch,80,7,158,0.03383,0.07854,0.17185
no_batch,80,7,159,0.03406,0.07852,0.17073
no_batch,80,7,160,0.0343,0.0785,0.16965
no_batch,80,7,161,0.03453,0.07848,0.16861
no_batch,80,7,162,0.03475,0.07847,0.16763
no_batch,80,7,163,0.03497,0.07846,0.16671
no_batch,80,7,164,0.03519,0.07847,0.16586
no_batch,80,7,165,0.0354,0.0785,0.16509
no_batch,80,7,166,0.03561,0.07854,0.16439
no_batch,80,7,167,0.03582,0.0786,0.16378
no_batch,80,7,168,0.03604,0.07869,0.16326
no_batch,80,7,169,0.03626,0.0788,0.16282
no_batch,80,7,170,0.03649,0.07894,0.16246
no_batch,80,7,171,0.03673,0.07912,0.16219
no_batch,80,7,172,0.03698,0.07933,0.162
no_batch,80,7,173,0.03725,0.07957,0.16189
no_batch,80,7,174,0.03755,0.07986,0.16185
no_batch,80,7,175,0.03787,0.0802,0.16188
no_batch,80,7,176,0.03822,0.08058,0.16198
no_batch,80,7,177,0.0386,0.08101,0.16216
no_batch,80,7,178,0.03903,0.0815,0.16239
no_batch,80,7,179,0.0395,0.08205,0.1627
no_batch,80,7,180,0.04001,0.08267,0.16308
no_batch,80,7,181,0.04057,0.08335,0.16355
no_batch,80,7,182,0.04118,0.0841,0.1641
no_batch,80,7,183,0.04184,0.08493,0.16476
no_batch,80,7,184,0.04255,0.08584,0.16554
no_batch,80,7,185,0.04331,0.08683,0.16648
no_batch,80,7,186,0.04411,0.08792,0.16762
no_batch,80,7,187,0.04495,0.08911,0.16898
no_batch,80,7,188,0.04581,0.09041,0.17064
no_batch,80,7,189,0.04668,0.09181,0.17266
no_batch,80,7,190,0.04755,0.09334,0.17512
no_batch,80,7,191,0.04837,0.09499,0.17812
no_batch,80,7,192,0.04913,0.09678,0.18179
no_batch,80,8,20,0.16958,0.58282,0.90528
no_batch,80,8,21,0.17299,0.58335,0.90358
no_batch,80,8,22,0.17578,0.58343,0.90193
no_batch,80,8,23,0.17798,0.58307,0.90033
no_batch,80,8,24,0.17963,0.58228,0.89872
no_batch,80,8,25,0.18077,0.58106,0.8971
no_batch,80,8,26,0.18143,0.57944,0.89544
no_batch,80,8,27,0.18166,0.5774,0.89372
no_batch,80,8,28,0.1815,0.57497,0.89192
no_batch,80,8,29,0.18098,0.57215,0.89002
no_batch,80,8,30,0.18013,0.56894,0.88801
no_batch,80,8,31,0.17898,0.56536,0.88586
no_batch,80,8,32,0.17756,0.5614,0.88357
no_batch,80,8,33,0.1759,0.55709,0.88112
no_batch,80,8,34,0.17402,0.55243,0.87851
no_batch,80,8,35,0.17193,0.54742,0.87571
no_batch,80,8,36,0.16967,0.54207,0.87273
no_batch,80,8,37,0.16723,0.53639,0.86955
no_batch,80,8,38,0.16464,0.5304,0.86617
no_batch,80,8,39,0.16192,0.52409,0.86259
no_batch,80,8,40,0.15907,0.51749,0.85878
no_batch,80,8,41,0.1561,0.5106,0.85475
no_batch,80,8,42,0.15303,0.50343,0.8505
no_batch,80,8,43,0.14986,0.496,0.84602
no_batch,80,8,44,0.14661,0.48832,0.84131
no_batch,80,8,45,0.14329,0.4804,0.83635
no_batch,80,8,46,0.13991,0.47225,0.83116
no_batch,80,8,47,0.13647,0.4639,0.82572
no_batch,80,8,48,0.13299,0.45535,0.82004
no_batch,80,8,49,0.12948,0.44662,0.81411
no_batch,80,8,50,0.12595,0.43774,0.80792
no_batch,80,8,51,0.1224,0.4287,0.80148
no_batch,80,8,52,0.11886,0.41955,0.79479
no_batch,80,8,53,0.11532,0.41028,0.78783
no_batch,80,8,54,0.11181,0.40093,0.78061
no_batch,80,8,55,0.10832,0.3915,0.77312
no_batch,80,8,56,0.10487,0.38203,0.76537
no_batch,80,8,57,0.10147,0.37252,0.75733
no_batch,80,8,58,0.09813,0.36299,0.74902
no_batch,80,8,59,0.09485,0.35347,0.74043
no_batch,80,8,60,0.09164,0.34397,0.73155
no_batch,80,8,61,0.08851,0.33452,0.72238
no_batch,80,8,62,0.08546,0.32512,0.71293
no_batch,80,8,63,0.08249,0.3158,0.70321
no_batch,80,8,64,0.07961,0.30657,0.6932
no_batch,80,8,65,0.07682,0.29744,0.68294
no_batch,80,8,66,0.07412,0.28845,0.67243
no_batch,80,8,67,0.0715,0.27958,0.66167
no_batch,80,8,68,0.06898,0.27087,0.6507
no_batch,80,8,69,0.06654,0.26233,0.63952
no_batch,80,8,70,0.06419,0.25395,0.62815
no_batch,80,8,71,0.06192,0.24576,0.61662
no_batch,80,8,72,0.05974,0.23776,0.60495
no_batch,80,8,73,0.05764,0.22996,0.59316
no_batch,80,8,74,0.05562,0.22236,0.58128
no_batch,80,8,75,0.05368,0.21498,0.56934
no_batch,80,8,76,0.05182,0.20781,0.55735
no_batch,80,8,77,0.05003,0.20087,0.54536
no_batch,80,8,78,0.04832,0.19414,0.53339
no_batch,80,8,79,0.04668,0.18764,0.52146
no_batch,80,8,80,0.0451,0.18137,0.5096
no_batch,80,8,81,0.0436,0.17532,0.49785
no_batch,80,8,82,0.04216,0.16949,0.48622
no_batch,80,8,83,0.04078,0.16389,0.47475
no_batch,80,8,84,0.03946,0.15851,0.46345
no_batch,80,8,85,0.0382,0.15335,0.45234
no_batch,80,8,86,0.037,0.14841,0.44146
no_batch,80,8,87,0.03586,0.14368,0.43082
no_batch,80,8,88,0.03477,0.13916,0.42043
no_batch,80,8,89,0.03374,0.13485,0.41031
no_batch,80,8,90,0.03275,0.13073,0.40048
no_batch,80,8,91,0.03182,0.12682,0.39095
no_batch,80,8,92,0.03093,0.1231,0.38173
no_batch,80,8,93,0.03009,0.11956,0.37283
no_batch,80,8,94,0.02929,0.11621,0.36425
no_batch,80,8,95,0.02855,0.11304,0.356
no_batch,80,8,96,0.02784,0.11005,0.34809
no_batch,80,8,97,0.02718,0.10722,0.34052
no_batch,80,8,98,0.02655,0.10456,0.33329
no_batch,80,8,99,0.02597,0.10207,0.3264
no_batch,80,8,100,0.02543,0.09973,0.31985
no_batch,80,8,101,0.02493,0.09754,0.31365
no_batch,80,8,102,0.02446,0.09551,0.30779
no_batch,80,8,103,0.02404,0.09362,0.30228
no_batch,80,8,104,0.02365,0.09188,0.2971
no_batch,80,8,105,0.02329,0.09028,0.29227
no_batch,80,8,106,0.02298,0.08882,0.28777
no_batch,80,8,107,0.0227,0.0875,0.28361
no_batch,80,8,108,0.02245,0.08631,0.27978
no_batch,80,8,109,0.02224,0.08524,0.27626
no_batch,80,8,110,0.02206,0.08429,0.27304
no_batch,80,8,111,0.02191,0.08345,0.27011
no_batch,80,8,112,0.02178,0.08271,0.26746
no_batch,80,8,113,0.02168,0.08207,0.26506
no_batch,80,8,114,0.02161,0.08153,0.26292
no_batch,80,8,115,0.02156,0.08107,0.26102
no_batch,80,8,116,0.02153,0.0807,0.25935
no_batch,80,8,117,0.02152,0.0804,0.2579
no_batch,80,8,118,0.02154,0.08019,0.25666
no_batch,80,8,119,0.02157,0.08004,0.25562
no_batch,80,8,120,0.02162,0.07996,0.25478
no_batch,80,8,121,0.02169,0.07995,0.25411
no_batch,80,8,122,0.02177,0.08,0.25363
no_batch,80,8,123,0.02187,0.08011,0.25331
no_batch,80,8,124,0.02198,0.08028,0.25315
no_batch,80,8,125,0.02211,0.08049,0.25314
no_batch,80,8,126,0.02225,0.08076,0.25327
no_batch,80,8,127,0.02241,0.08108,0.25353
no_batch,80,8,128,0.02258,0.08144,0.25391
no_batch,80,8,129,0.02275,0.08184,0.2544
no_batch,80,8,130,0.02295,0.08228,0.255
no_batch,80,8,131,0.02315,0.08276,0.2557
no_batch,80,8,132,0.02336,0.08327,0.25648
no_batch,80,8,133,0.02358,0.08381,0.25733
no_batch,80,8,134,0.02381,0.08438,0.25825
no_batch,80,8,135,0.02405,0.08497,0.25922
no_batch,80,8,136,0.0243,0.08559,0.26023
no_batch,80,8,137,0.02456,0.08623,0.26128
no_batch,80,8,138,0.02482,0.08688,0.26234
no_batch,80,8,139,0.02509,0.08754,0.26342
no_batch,80,8,140,0.02537,0.08822,0.26449
no_batch,80,8,141,0.02566,0.0889,0.26555
no_batch,80,8,142,0.02595,0.08958,0.26659
no_batch,80,8,143,0.02624,0.09027,0.26759
no_batch,80,8,144,0.02654,0.09094,0.26854
no_batch,80,8,145,0.02684,0.09161,0.26943
no_batch,80,8,146,0.02714,0.09227,0.27026
no_batch,80,8,147,0.02745,0.09291,0.27101
no_batch,80,8,148,0.02775,0.09354,0.27166
no_batch,80,8,149,0.02806,0.09413,0.27222
no_batch,80,8,150,0.02836,0.0947,0.27267
no_batch,80,8,151,0.02866,0.09524,0.27301
no_batch,80,8,152,0.02895,0.09574,0.27323
no_batch,80,8,153,0.02924,0.0962,0.27332
no_batch,80,8,154,0.02951,0.09661,0.27328
no_batch,80,8,155,0.02978,0.09697,0.27312
no_batch,80,8,156,0.03003,0.09729,0.27283
no_batch,80,8,157,0.03026,0.09755,0.27244
no_batch,80,8,158,0.03048,0.09776,0.27195
no_batch,80,8,159,0.03067,0.09792,0.27136
no_batch,80,8,160,0.03084,0.09802,0.27069
no_batch,80,8,161,0.03099,0.09807,0.26993
no_batch,80,8,162,0.03111,0.09806,0.26909
no_batch,80,8,163,0.03121,0.098,0.26818
no_batch,80,8,164,0.03127,0.09787,0.26719
no_batch,80,8,165,0.03131,0.09769,0.26612
no_batch,80,8,166,0.03133,0.09745,0.26497
no_batch,80,8,167,0.03131,0.09715,0.26373
no_batch,80,8,168,0.03127,0.09679,0.26241
no_batch,80,8,169,0.0312,0.09636,0.26099
no_batch,80,8,170,0.0311,0.09588,0.25947
no_batch,80,8,171,0.03098,0.09534,0.25783
no_batch,80,8,172,0.03083,0.09474,0.25608
no_batch,80,8,173,0.03067,0.09407,0.2542
no_batch,80,8,174,0.03048,0.09335,0.2522
no_batch,80,8,175,0.03027,0.09257,0.25005
no_batch,80,8,176,0.03004,0.09173,0.24776
no_batch,80,8,177,0.02979,0.09083,0.24533
no_batch,80,8,178,0.02952,0.08987,0.24275
no_batch,80,8,179,0.02924,0.08886,0.24002
no_batch,80,8,180,0.02893,0.0878,0.23716
no_batch,80,8,181,0.02861,0.08668,0.23418
no_batch,80,8,182,0.02827,0.08551,0.23108
no_batch,80,8,183,0.0279,0.08428,0.22788
no_batch,80,8,184,0.02751,0.08301,0.22462
no_batch,80,8,185,0.02709,0.0817,0.22132
no_batch,80,8,186,0.02664,0.08033,0.21801
no_batch,80,8,187,0.02615,0.07893,0.21474
no_batch,80,8,188,0.02562,0.07748,0.21155
no_batch,80,8,189,0.02503,0.07599,0.2085
no_batch,80,8,190,0.0244,0.07447,0.20565
no_batch,80,8,191,0.0237,0.07292,0.20306
no_batch,80,8,192,0.02294,0.07133,0.20081
no_batch,80,9,20,0.16257,0.58219,0.9091
no_batch,80,9,21,0.16363,0.57902,0.90628
no_batch,80,9,22,0.16423,0.57568,0.90354
no_batch,80,9,23,0.16443,0.57217,0.90089
no_batch,80,9,24,0.16426,0.5685,0.89829
no_batch,80,9,25,0.16378,0.56466,0.89572
no_batch,80,9,26,0.16302,0.56066,0.89317
no_batch,80,9,27,0.16202,0.55648,0.89062
no_batch,80,9,28,0.1608,0.55215,0.88805
no_batch,80,9,29,0.15941,0.54764,0.88544
no_batch,80,9,30,0.15785,0.54298,0.88277
no_batch,80,9,31,0.15617,0.53815,0.88004
no_batch,80,9,32,0.15436,0.53316,0.87723
no_batch,80,9,33,0.15246,0.52801,0.87432
no_batch,80,9,34,0.15048,0.52269,0.8713
no_batch,80,9,35,0.14842,0.51723,0.86818
no_batch,80,9,36,0.14629,0.5116,0.86493
no_batch,80,9,37,0.14411,0.50582,0.86154
no_batch,80,9,38,0.14187,0.49989,0.85802
no_batch,80,9,39,0.13959,0.49381,0.85436
no_batch,80,9,40,0.13726,0.48759,0.85055
no_batch,80,9,41,0.13489,0.48122,0.84659
no_batch,80,9,42,0.13248,0.47471,0.84247
no_batch,80,9,43,0.13004,0.46807,0.83818
no_batch,80,9,44,0.12756,0.46129,0.83374
no_batch,80,9,45,0.12506,0.45438,0.82913
no_batch,80,9,46,0.12252,0.44736,0.82434
no_batch,80,9,47,0.11996,0.44021,0.81939
no_batch,80,9,48,0.11737,0.43295,0.81426
no_batch,80,9,49,0.11476,0.42558,0.80895
no_batch,80,9,50,0.11213,0.41811,0.80346
no_batch,80,9,51,0.1095,0.41054,0.79778
no_batch,80,9,52,0.10685,0.40289,0.79191
no_batch,80,9,53,0.10419,0.39515,0.78584
no_batch,80,9,54,0.10154,0.38733,0.77956
no_batch,80,9,55,0.09889,0.37944,0.77308
no_batch,80,9,56,0.09625,0.3715,0.76638
no_batch,80,9,57,0.09363,0.3635,0.75946
no_batch,80,9,58,0.09102,0.35545,0.7523
no_batch,80,9,59,0.08844,0.34737,0.74489
no_batch,80,9,60,0.08589,0.33926,0.73723
no_batch,80,9,61,0.08338,0.33113,0.72931
no_batch,80,9,62,0.0809,0.323,0.72113
no_batch,80,9,63,0.07847,0.31488,0.71269
no_batch,80,9,64,0.07609,0.3068,0.70401
no_batch,80,9,65,0.07376,0.29876,0.69507
no_batch,80,9,66,0.07148,0.29078,0.68589
no_batch,80,9,67,0.06925,0.28287,0.67648
no_batch,80,9,68,0.06709,0.27504,0.66686
no_batch,80,9,69,0.06498,0.26732,0.65702
no_batch,80,9,70,0.06292,0.25971,0.64699
no_batch,80,9,71,0.06093,0.25221,0.63678
no_batch,80,9,72,0.059,0.24485,0.62641
no_batch,80,9,73,0.05712,0.23762,0.6159
no_batch,80,9,74,0.05531,0.23055,0.60526
no_batch,80,9,75,0.05355,0.22363,0.59453
no_batch,80,9,76,0.05186,0.21687,0.5837
no_batch,80,9,77,0.05021,0.21027,0.57283
no_batch,80,9,78,0.04863,0.20386,0.56191
no_batch,80,9,79,0.0471,0.19761,0.55098
no_batch,80,9,80,0.04563,0.19155,0.54006
no_batch,80,9,81,0.04421,0.18567,0.52918
no_batch,80,9,82,0.04285,0.17998,0.51835
no_batch,80,9,83,0.04153,0.17447,0.5076
no_batch,80,9,84,0.04027,0.16915,0.49695
no_batch,80,9,85,0.03906,0.16402,0.48642
no_batch,80,9,86,0.03789,0.15908,0.47604
no_batch,80,9,87,0.03678,0.15432,0.46582
no_batch,80,9,88,0.03571,0.14974,0.45578
no_batch,80,9,89,0.03469,0.14535,0.44593
no_batch,80,9,90,0.03372,0.14114,0.4363
no_batch,80,9,91,0.03278,0.13711,0.4269
no_batch,80,9,92,0.0319,0.13326,0.41773
no_batch,80,9,93,0.03105,0.12958,0.40882
no_batch,80,9,94,0.03025,0.12607,0.40017
no_batch,80,9,95,0.02948,0.12272,0.39179
no_batch,80,9,96,0.02876,0.11955,0.38368
no_batch,80,9,97,0.02808,0.11653,0.37587
no_batch,80,9,98,0.02743,0.11367,0.36834
no_batch,80,9,99,0.02682,0.11097,0.36111
no_batch,80,9,100,0.02625,0.10842,0.35418
no_batch,80,9,101,0.02572,0.10602,0.34756
no_batch,80,9,102,0.02522,0.10376,0.34124
no_batch,80,9,103,0.02476,0.10165,0.33522
no_batch,80,9,104,0.02433,0.09968,0.32952
no_batch,80,9,105,0.02394,0.09784,0.32413
no_batch,80,9,106,0.02358,0.09615,0.31905
no_batch,80,9,107,0.02326,0.09458,0.31428
no_batch,80,9,108,0.02297,0.09315,0.30982
no_batch,80,9,109,0.0227,0.09184,0.30565
no_batch,80,9,110,0.02247,0.09064,0.30177
no_batch,80,9,111,0.02227,0.08955,0.29817
no_batch,80,9,112,0.02209,0.08857,0.29482
no_batch,80,9,113,0.02193,0.08768,0.29174
no_batch,80,9,114,0.0218,0.08688,0.28889
no_batch,80,9,115,0.02169,0.08617,0.28629
no_batch,80,9,116,0.0216,0.08555,0.28391
no_batch,80,9,117,0.02153,0.085,0.28175
no_batch,80,9,118,0.02148,0.08453,0.2798
no_batch,80,9,119,0.02144,0.08414,0.27805
no_batch,80,9,120,0.02142,0.08381,0.27649
no_batch,80,9,121,0.02142,0.08354,0.27513
no_batch,80,9,122,0.02144,0.08334,0.27394
no_batch,80,9,123,0.02146,0.08319,0.27292
no_batch,80,9,124,0.02151,0.0831,0.27207
no_batch,80,9,125,0.02156,0.08307,0.27137
no_batch,80,9,126,0.02163,0.08309,0.27083
no_batch,80,9,127,0.02171,0.08315,0.27042
no_batch,80,9,128,0.0218,0.08326,0.27014
no_batch,80,9,129,0.0219,0.08342,0.26999
no_batch,80,9,130,0.02202,0.08362,0.26996
no_batch,80,9,131,0.02214,0.08385,0.27003
no_batch,80,9,132,0.02228,0.08412,0.27021
no_batch,80,9,133,0.02242,0.08443,0.27047
no_batch,80,9,134,0.02258,0.08477,0.27082
no_batch,80,9,135,0.02274,0.08515,0.27124
no_batch,80,9,136,0.02292,0.08555,0.27173
no_batch,80,9,137,0.0231,0.08597,0.27227
no_batch,80,9,138,0.02329,0.08642,0.27286
no_batch,80,9,139,0.02349,0.08689,0.27348
no_batch,80,9,140,0.0237,0.08738,0.27414
no_batch,80,9,141,0.02392,0.08789,0.27481
no_batch,80,9,142,0.02414,0.08841,0.27549
no_batch,80,9,143,0.02437,0.08895,0.27618
no_batch,80,9,144,0.02461,0.08949,0.27685
no_batch,80,9,145,0.02486,0.09004,0.27751
no_batch,80,9,146,0.02511,0.09059,0.27814
no_batch,80,9,147,0.02537,0.09115,0.27874
no_batch,80,9,148,0.02563,0.09171,0.2793
no_batch,80,9,149,0.0259,0.09226,0.27982
no_batch,80,9,150,0.02617,0.0928,0.28028
no_batch,80,9,151,0.02644,0.09334,0.28068
no_batch,80,9,152,0.02672,0.09386,0.28101
no_batch,80,9,153,0.02699,0.09436,0.28129
no_batch,80,9,154,0.02727,0.09485,0.28149
no_batch,80,9,155,0.02754,0.09532,0.28163
no_batch,80,9,156,0.0278,0.09576,0.2817
no_batch,80,9,157,0.02806,0.09618,0.28173
no_batch,80,9,158,0.02831,0.09657,0.2817
no_batch,80,9,159,0.02855,0.09693,0.28162
no_batch,80,9,160,0.02877,0.09725,0.2815
no_batch,80,9,161,0.02898,0.09754,0.28133
no_batch,80,9,162,0.02917,0.09779,0.28112
no_batch,80,9,163,0.02934,0.09801,0.28086
no_batch,80,9,164,0.0295,0.09818,0.28056
no_batch,80,9,165,0.02963,0.09831,0.2802
no_batch,80,9,166,0.02974,0.09839,0.27978
no_batch,80,9,167,0.02984,0.09842,0.27929
no_batch,80,9,168,0.02991,0.0984,0.27873
no_batch,80,9,169,0.02995,0.09834,0.27807
no_batch,80,9,170,0.02998,0.09821,0.27732
no_batch,80,9,171,0.02999,0.09803,0.27647
no_batch,80,9,172,0.02998,0.0978,0.27549
no_batch,80,9,173,0.02994,0.0975,0.27438
no_batch,80,9,174,0.02989,0.09714,0.27312
no_batch,80,9,175,0.02982,0.09672,0.27172
no_batch,80,9,176,0.02973,0.09624,0.27015
no_batch,80,9,177,0.02962,0.09569,0.26842
no_batch,80,9,178,0.02949,0.09508,0.26652
no_batch,80,9,179,0.02934,0.0944,0.26444
no_batch,80,9,180,0.02917,0.09366,0.26219
no_batch,80,9,181,0.02898,0.09285,0.25978
no_batch,80,9,182,0.02877,0.09197,0.25722
no_batch,80,9,183,0.02853,0.09102,0.25452
no_batch,80,9,184,0.02826,0.09001,0.25171
no_batch,80,9,185,0.02796,0.08893,0.24882
no_batch,80,9,186,0.02762,0.08778,0.24588
no_batch,80,9,187,0.02723,0.08657,0.24293
no_batch,80,9,188,0.02679,0.08529,0.24002
no_batch,80,9,189,0.0263,0.08395,0.23722
no_batch,80,9,190,0.02574,0.08255,0.23458
no_batch,80,9,191,0.02511,0.08109,0.23218
no_batch,80,9,192,0.0244,0.07958,0.23009
no_batch,105,0,20,0.15417,0.57174,0.90722
no_batch,105,0,21,0.15693,0.57148,0.90525
no_batch,105,0,22,0.15917,0.57085,0.90336
no_batch,105,0,23,0.16093,0.56987,0.9015
no_batch,105,0,24,0.16224,0.56853,0.89965
no_batch,105,0,25,0.16314,0.56685,0.89781
no_batch,105,0,26,0.16365,0.56483,0.89593
no_batch,105,0,27,0.16382,0.56247,0.89402
no_batch,105,0,28,0.16367,0.55978,0.89204
no_batch,105,0,29,0.16323,0.55677,0.88997
no_batch,105,0,30,0.16253,0.55343,0.88782
no_batch,105,0,31,0.16159,0.54979,0.88555
no_batch,105,0,32,0.16044,0.54583,0.88316
no_batch,105,0,33,0.15909,0.54158,0.88063
no_batch,105,0,34,0.15756,0.53702,0.87795
no_batch,105,0,35,0.15588,0.53218,0.87512
no_batch,105,0,36,0.15404,0.52705,0.87212
no_batch,105,0,37,0.15207,0.52164,0.86895
no_batch,105,0,38,0.14998,0.51597,0.86559
no_batch,105,0,39,0.14777,0.51002,0.86205
no_batch,105,0,40,0.14546,0.50383,0.85831
no_batch,105,0,41,0.14305,0.49738,0.85437
no_batch,105,0,42,0.14055,0.4907,0.85022
no_batch,105,0,43,0.13797,0.48379,0.84586
no_batch,105,0,44,0.13531,0.47666,0.84129
no_batch,105,0,45,0.13259,0.46931,0.8365
no_batch,105,0,46,0.12981,0.46177,0.83149
no_batch,105,0,47,0.12698,0.45404,0.82625
no_batch,105,0,48,0.1241,0.44614,0.82078
no_batch,105,0,49,0.12118,0.43807,0.81508
no_batch,105,0,50,0.11823,0.42986,0.80914
no_batch,105,0,51,0.11526,0.4215,0.80296
no_batch,105,0,52,0.11227,0.41302,0.79654
no_batch,105,0,53,0.10927,0.40443,0.78987
no_batch,105,0,54,0.10628,0.39575,0.78294
no_batch,105,0,55,0.10329,0.38698,0.77576
no_batch,105,0,56,0.10033,0.37815,0.76831
no_batch,105,0,57,0.09738,0.36927,0.7606
no_batch,105,0,58,0.09447,0.36035,0.75261
no_batch,105,0,59,0.09159,0.35141,0.74434
no_batch,105,0,60,0.08876,0.34246,0.73579
no_batch,105,0,61,0.08598,0.33353,0.72695
no_batch,105,0,62,0.08325,0.32462,0.71783
no_batch,105,0,63,0.08059,0.31576,0.70842
no_batch,105,0,64,0.07798,0.30696,0.69874
no_batch,105,0,65,0.07544,0.29823,0.6888
no_batch,105,0,66,0.07297,0.2896,0.6786
no_batch,105,0,67,0.07056,0.28108,0.66815
no_batch,105,0,68,0.06823,0.27267,0.65747
no_batch,105,0,69,0.06596,0.2644,0.64657
no_batch,105,0,70,0.06377,0.25628,0.63548
no_batch,105,0,71,0.06164,0.24831,0.62421
no_batch,105,0,72,0.05959,0.2405,0.61278
no_batch,105,0,73,0.0576,0.23287,0.60122
no_batch,105,0,74,0.05569,0.22542,0.58954
no_batch,105,0,75,0.05384,0.21817,0.57778
no_batch,105,0,76,0.05206,0.2111,0.56595
no_batch,105,0,77,0.05034,0.20423,0.5541
no_batch,105,0,78,0.04869,0.19757,0.54223
no_batch,105,0,79,0.0471,0.19112,0.53038
no_batch,105,0,80,0.04558,0.18487,0.51857
no_batch,105,0,81,0.04411,0.17883,0.50684
no_batch,105,0,82,0.04271,0.173,0.49521
no_batch,105,0,83,0.04136,0.16739,0.48369
no_batch,105,0,84,0.04007,0.16198,0.47233
no_batch,105,0,85,0.03883,0.15678,0.46113
no_batch,105,0,86,0.03765,0.15179,0.45012
no_batch,105,0,87,0.03652,0.14701,0.43933
no_batch,105,0,88,0.03544,0.14242,0.42876
no_batch,105,0,89,0.03441,0.13804,0.41845
no_batch,105,0,90,0.03344,0.13385,0.40839
no_batch,105,0,91,0.0325,0.12985,0.39861
no_batch,105,0,92,0.03162,0.12604,0.38912
no_batch,105,0,93,0.03078,0.12241,0.37992
no_batch,105,0,94,0.02998,0.11897,0.37103
no_batch,105,0,95,0.02923,0.1157,0.36246
no_batch,105,0,96,0.02852,0.11261,0.35421
no_batch,105,0,97,0.02785,0.10968,0.34628
no_batch,105,0,98,0.02722,0.10692,0.33869
no_batch,105,0,99,0.02663,0.10432,0.33143
no_batch,105,0,100,0.02608,0.10187,0.3245
no_batch,105,0,101,0.02557,0.09958,0.3179
no_batch,105,0,102,0.0251,0.09744,0.31165
no_batch,105,0,103,0.02466,0.09545,0.30572
no_batch,105,0,104,0.02426,0.0936,0.30014
no_batch,105,0,105,0.0239,0.09189,0.29489
no_batch,105,0,106,0.02357,0.09032,0.28997
no_batch,105,0,107,0.02328,0.08888,0.28539
no_batch,105,0,108,0.02302,0.08758,0.28113
no_batch,105,0,109,0.02279,0.0864,0.27719
no_batch,105,0,110,0.02259,0.08533,0.27354
no_batch,105,0,111,0.02243,0.08438,0.27018
no_batch,105,0,112,0.02229,0.08353,0.2671
no_batch,105,0,113,0.02217,0.08278,0.26428
no_batch,105,0,114,0.02208,0.08212,0.26172
no_batch,105,0,115,0.02202,0.08155,0.25939
no_batch,105,0,116,0.02197,0.08107,0.2573
no_batch,105,0,117,0.02195,0.08066,0.25544
no_batch,105,0,118,0.02194,0.08034,0.25379
no_batch,105,0,119,0.02196,0.08008,0.25234
no_batch,105,0,120,0.022,0.0799,0.25109
no_batch,105,0,121,0.02205,0.07978,0.25004
no_batch,105,0,122,0.02212,0.07972,0.24916
no_batch,105,0,123,0.0222,0.07973,0.24845
no_batch,105,0,124,0.0223,0.07979,0.24791
no_batch,105,0,125,0.02242,0.07991,0.24753
no_batch,105,0,126,0.02255,0.08008,0.24729
no_batch,105,0,127,0.02269,0.0803,0.2472
no_batch,105,0,128,0.02285,0.08057,0.24724
no_batch,105,0,129,0.02302,0.08089,0.2474
no_batch,105,0,130,0.0232,0.08125,0.24768
no_batch,105,0,131,0.0234,0.08165,0.24806
no_batch,105,0,132,0.02361,0.08208,0.24855
no_batch,105,0,133,0.02383,0.08256,0.24912
no_batch,105,0,134,0.02406,0.08307,0.24977
no_batch,105,0,135,0.0243,0.08361,0.2505
no_batch,105,0,136,0.02455,0.08418,0.25128
no_batch,105,0,137,0.02482,0.08477,0.25212
no_batch,105,0,138,0.02509,0.0854,0.253
no_batch,105,0,139,0.02538,0.08604,0.25392
no_batch,105,0,140,0.02567,0.0867,0.25486
no_batch,105,0,141,0.02598,0.08738,0.25581
no_batch,105,0,142,0.02629,0.08808,0.25676
no_batch,105,0,143,0.02662,0.08878,0.25771
no_batch,105,0,144,0.02695,0.0895,0.25864
no_batch,105,0,145,0.02729,0.09022,0.25954
no_batch,105,0,146,0.02764,0.09094,0.26042
no_batch,105,0,147,0.02799,0.09166,0.26124
no_batch,105,0,148,0.02835,0.09238,0.26202
no_batch,105,0,149,0.02872,0.09309,0.26274
no_batch,105,0,150,0.02909,0.0938,0.26338
no_batch,105,0,151,0.02946,0.09448,0.26396
no_batch,105,0,152,0.02984,0.09515,0.26446
no_batch,105,0,153,0.03021,0.0958,0.26487
no_batch,105,0,154,0.03059,0.09643,0.2652
no_batch,105,0,155,0.03096,0.09702,0.26545
no_batch,105,0,156,0.03132,0.09759,0.26562
no_batch,105,0,157,0.03168,0.09813,0.26573
no_batch,105,0,158,0.03202,0.09864,0.26578
no_batch,105,0,159,0.03236,0.09912,0.26578
no_batch,105,0,160,0.03268,0.09956,0.26574
no_batch,105,0,161,0.03298,0.09998,0.26566
no_batch,105,0,162,0.03327,0.10036,0.26555
no_batch,105,0,163,0.03354,0.1007,0.2654
no_batch,105,0,164,0.03379,0.10101,0.26522
no_batch,105,0,165,0.03402,0.10128,0.26501
no_batch,105,0,166,0.03423,0.10151,0.26477
no_batch,105,0,167,0.03442,0.1017,0.26448
no_batch,105,0,168,0.03459,0.10186,0.26415
no_batch,105,0,169,0.03474,0.10197,0.26376
no_batch,105,0,170,0.03487,0.10204,0.26332
no_batch,105,0,171,0.03498,0.10208,0.26281
no_batch,105,0,172,0.03508,0.10207,0.26221
no_batch,105,0,173,0.03516,0.10202,0.26154
no_batch,105,0,174,0.03523,0.10192,0.26076
no_batch,105,0,175,0.03528,0.10178,0.25988
no_batch,105,0,176,0.03532,0.1016,0.25889
no_batch,105,0,177,0.03534,0.10137,0.25778
no_batch,105,0,178,0.03536,0.1011,0.25654
no_batch,105,0,179,0.03537,0.10078,0.25519
no_batch,105,0,180,0.03536,0.10042,0.25371
no_batch,105,0,181,0.03534,0.10001,0.25212
no_batch,105,0,182,0.0353,0.09956,0.25042
no_batch,105,0,183,0.03525,0.09906,0.24863
no_batch,105,0,184,0.03517,0.09852,0.24677
no_batch,105,0,185,0.03507,0.09793,0.24486
no_batch,105,0,186,0.03494,0.0973,0.24295
no_batch,105,0,187,0.03476,0.09662,0.24107
no_batch,105,0,188,0.03454,0.0959,0.23928
no_batch,105,0,189,0.03425,0.09514,0.23762
no_batch,105,0,190,0.03389,0.09433,0.23618
no_batch,105,0,191,0.03345,0.09347,0.23502
no_batch,105,0,192,0.03291,0.09258,0.23423
