sample,n_cells,age,publication,protocol,protocol_type,cell_line,frac_NPC_IP,frac_neuron,frac_glia,frac_neuroepithelium_PSC,l2_Astrocyte,l2_CP,l2_Dorsal Telencephalic IP,l2_Dorsal Telencephalic NPC,l2_Dorsal Telencephalic Neuron,l2_EC,l2_Glioblast,l2_MC,l2_Microglia,l2_NC Derivatives,l2_Neuroepithelium,l2_Non-telencephalic NPC,l2_Non-telencephalic Neuron,l2_OPC,l2_PSC,l2_Ventral Telencephalic NPC,l2_Ventral Telencephalic Neuron
homosapiens_None_2017_bdrhapsodywholetranscriptomeanalysis_bireyfikri_001_d10_1038_nature22330|homosapiens_None_2017_bdrhapsodywholetranscriptomeanalysis_bireyfikri_001_d10_1038_nature22330hCS,6800,105,"Birey, 2017","Pasca, 2015 (doi: 10.1038/nmeth.3415)",guided,custom_2242-1,0.2873529411764706,0.6792647058823529,0.022058823529411766,0.0,0.0026470588235294116,0.010735294117647058,0.03073529411764706,0.2338235294117647,0.6526470588235294,0.0,0.01911764705882353,0.000588235294117647,0.0,0.0,0.0,0.018823529411764704,0.01573529411764706,0.0002941176470588235,0.0,0.003970588235294117,0.01088235294117647
homosapiens_None_2017_bdrhapsodywholetranscriptomeanalysis_bireyfikri_001_d10_1038_nature22330|homosapiens_None_2017_bdrhapsodywholetranscriptomeanalysis_bireyfikri_001_d10_1038_nature22330hSS,4506,105,"Birey, 2017","Birey, 2017 (doi: 10.1038/nature22330)",guided,custom_2242-1,0.4152241455836662,0.4132268086995118,0.08521970705725698,0.07301375943186862,0.023524189968930315,0.0,0.0,0.0022192632046160675,0.033288948069241014,0.0,0.03661784287616511,0.009986684420772303,0.0,0.003328894806924101,0.07301375943186862,0.4110075454948957,0.3253439857967155,0.025077674212161564,0.0,0.0019973368841544607,0.05459387483355526
"homosapiens_None_2020_10x3v2_bhaduriaparna_001_d10_1038_s41586_020_1962_0|homosapiens_None_2020_10x3v2_bhaduriaparna_001_d10_1038_s41586_020_1962_0Bhaduri, 2020 (doi: 10.1038/s41586-020-1962-0); directed_guided_10_Directed_1323_4",9616,70,"Bhaduri, 2020","Bhaduri, 2020 (doi: 10.1038/s41586-020-1962-0); directed",guided,eWT-1323-4,0.08589850249584026,0.8963186356073212,0.015287021630615641,0.0,0.0,0.0024958402662229617,0.0020798668885191347,0.0826747088186356,0.894134775374376,0.0,0.015287021630615641,0.0,0.0,0.0,0.0,0.0011439267886855242,0.0018718801996672214,0.0,0.0,0.0,0.0003119800332778702
"homosapiens_None_2020_10x3v2_bhaduriaparna_001_d10_1038_s41586_020_1962_0|homosapiens_None_2020_10x3v2_bhaduriaparna_001_d10_1038_s41586_020_1962_0Bhaduri, 2020 (doi: 10.1038/s41586-020-1962-0); directed_guided_10_Directed_YH10",2925,70,"Bhaduri, 2020","Bhaduri, 2020 (doi: 10.1038/s41586-020-1962-0); directed",guided,GM25256,0.8512820512820513,0.14119658119658118,0.0006837606837606838,0.0003418803418803419,0.0,0.006495726495726496,0.0,0.0,0.0,0.0,0.0006837606837606838,0.0,0.0,0.0,0.0003418803418803419,0.8512820512820513,0.14119658119658118,0.0,0.0,0.0,0.0
"homosapiens_None_2020_10x3v2_bhaduriaparna_001_d10_1038_s41586_020_1962_0|homosapiens_None_2020_10x3v2_bhaduriaparna_001_d10_1038_s41586_020_1962_0Bhaduri, 2020 (doi: 10.1038/s41586-020-1962-0); directed_guided_24_Directed_1323_4",1487,168,"Bhaduri, 2020","Bhaduri, 2020 (doi: 10.1038/s41586-020-1962-0); directed",guided,eWT-1323-4,0.0746469401479489,0.45326160053799597,0.44115669132481505,0.0,0.10289172831203766,0.02757229320780094,0.0,0.03429724277067922,0.4021519838601211,0.0,0.3382649630127774,0.0033624747814391394,0.0,0.0,0.0,0.01613987895090787,0.008069939475453935,0.0,0.0,0.0242098184263618,0.04303967720242098
"homosapiens_None_2020_10x3v2_bhaduriaparna_001_d10_1038_s41586_020_1962_0|homosapiens_None_2020_10x3v2_bhaduriaparna_001_d10_1038_s41586_020_1962_0Bhaduri, 2020 (doi: 10.1038/s41586-020-1962-0); directed_guided_5_Directed_1323_4",2017,35,"Bhaduri, 2020","Bhaduri, 2020 (doi: 10.1038/s41586-020-1962-0); directed",guided,eWT-1323-4,0.01636093207734259,0.001487357461576599,0.0,0.0,0.0,0.9821517104610809,0.0,0.011898859692612791,0.0,0.0,0.0,0.0,0.0,0.0,0.0,0.004462072384729797,0.001487357461576599,0.0,0.0,0.0,0.0
"homosapiens_None_2020_10x3v2_bhaduriaparna_001_d10_1038_s41586_020_1962_0|homosapiens_None_2020_10x3v2_bhaduriaparna_001_d10_1038_s41586_020_1962_0Bhaduri, 2020 (doi: 10.1038/s41586-020-1962-0); directed_guided_5_Directed_H28126",5003,35,"Bhaduri, 2020","Bhaduri, 2020 (doi: 10.1038/s41586-020-1962-0); directed",guided,custom_H28126,0.7907255646612033,0.06416150309814111,0.0,0.0,0.0,0.1451129322406556,0.0,0.0,0.0,0.0,0.0,0.0,0.0,0.0,0.0,0.7907255646612033,0.06416150309814111,0.0,0.0,0.0,0.0
"homosapiens_None_2020_10x3v2_bhaduriaparna_001_d10_1038_s41586_020_1962_0|homosapiens_None_2020_10x3v2_bhaduriaparna_001_d10_1038_s41586_020_1962_0Bhaduri, 2020 (doi: 10.1038/s41586-020-1962-0); directed_guided_5_Directed_YH10",6252,35,"Bhaduri, 2020","Bhaduri, 2020 (doi: 10.1038/s41586-020-1962-0); directed",guided,GM25256,0.8171785028790787,0.1773832373640435,0.0035188739603326936,0.0,0.0,0.0019193857965451055,0.006877799104286628,0.7229686500319897,0.1417146513115803,0.0,0.0035188739603326936,0.0,0.0,0.0,0.0,0.08637236084452975,0.03502879078694818,0.0,0.0,0.0009596928982725527,0.0006397952655150352
"homosapiens_None_2020_10x3v2_bhaduriaparna_001_d10_1038_s41586_020_1962_0|homosapiens_None_2020_10x3v2_bhaduriaparna_001_d10_1038_s41586_020_1962_0Bhaduri, 2020 (doi: 10.1038/s41586-020-1962-0); directed_guided_8_Directed_1323_4",6492,56,"Bhaduri, 2020","Bhaduri, 2020 (doi: 10.1038/s41586-020-1962-0); directed",guided,eWT-1323-4,0.26601971657424517,0.7273567467652495,0.004775107825015404,0.0,0.0,0.0018484288354898336,0.0023105360443622922,0.2546210720887246,0.7190388170055453,0.0,0.004775107825015404,0.0,0.0,0.0,0.0,0.008009858287122612,0.007855822550831794,0.0,0.0,0.0010782501540357362,0.0004621072088724584
"homosapiens_None_2020_10x3v2_bhaduriaparna_001_d10_1038_s41586_020_1962_0|homosapiens_None_2020_10x3v2_bhaduriaparna_001_d10_1038_s41586_020_1962_0Bhaduri, 2020 (doi: 10.1038/s41586-020-1962-0); directed_guided_8_Directed_H28126",4653,56,"Bhaduri, 2020","Bhaduri, 2020 (doi: 10.1038/s41586-020-1962-0); directed",guided,custom_H28126,0.769825918762089,0.22673543950139693,0.0,0.0,0.0,0.003223726627981947,0.0,0.0,0.0,0.0002149151085321298,0.0,0.0,0.0,0.0,0.0,0.769825918762089,0.22673543950139693,0.0,0.0,0.0,0.0
"homosapiens_None_2020_10x3v2_bhaduriaparna_001_d10_1038_s41586_020_1962_0|homosapiens_None_2020_10x3v2_bhaduriaparna_001_d10_1038_s41586_020_1962_0Bhaduri, 2020 (doi: 10.1038/s41586-020-1962-0); directed_guided_8_Directed_YH10",4863,56,"Bhaduri, 2020","Bhaduri, 2020 (doi: 10.1038/s41586-020-1962-0); directed",guided,GM25256,0.4941394201110426,0.46267735965453427,0.00020563438206868187,0.0,0.0,0.04297758585235451,0.0,0.1624511618342587,0.2952909726506272,0.0,0.00020563438206868187,0.0,0.0,0.0,0.0,0.3316882582767839,0.16718075262183837,0.0,0.0,0.0,0.00020563438206868187
"homosapiens_None_2020_10x3v2_bhaduriaparna_001_d10_1038_s41586_020_1962_0|homosapiens_None_2020_10x3v2_bhaduriaparna_001_d10_1038_s41586_020_1962_0Bhaduri, 2020 (doi: 10.1038/s41586-020-1962-0); most directed_guided_10_Most Directed_H1",6156,70,"Bhaduri, 2020","Bhaduri, 2020 (doi: 10.1038/s41586-020-1962-0); most directed",guided,WA01,0.04808317089018843,0.4428200129954516,0.0014619883040935672,0.0,0.0,0.5076348278102664,0.0,0.0003248862897985705,0.000649772579597141,0.0,0.001299545159194282,0.0,0.0,0.0,0.0,0.04775828460038986,0.44217024041585445,0.00016244314489928524,0.0,0.0,0.0
"homosapiens_None_2020_10x3v2_bhaduriaparna_001_d10_1038_s41586_020_1962_0|homosapiens_None_2020_10x3v2_bhaduriaparna_001_d10_1038_s41586_020_1962_0Bhaduri, 2020 (doi: 10.1038/s41586-020-1962-0); most directed_guided_10_Most Directed_H28126",8783,70,"Bhaduri, 2020","Bhaduri, 2020 (doi: 10.1038/s41586-020-1962-0); most directed",guided,custom_H28126,0.44563361038369576,0.48741887737675055,0.0017078446999886144,0.0,0.0,0.06523966753956507,0.0010247068199931686,0.2616418080382557,0.3916657178640556,0.0,0.00159398838665604,0.0,0.0,0.0,0.0,0.18296709552544688,0.09575315951269497,0.00011385631333257428,0.0,0.0,0.0
"homosapiens_None_2020_10x3v2_bhaduriaparna_001_d10_1038_s41586_020_1962_0|homosapiens_None_2020_10x3v2_bhaduriaparna_001_d10_1038_s41586_020_1962_0Bhaduri, 2020 (doi: 10.1038/s41586-020-1962-0); most directed_guided_3_Most Directed_H1",5725,21,"Bhaduri, 2020","Bhaduri, 2020 (doi: 10.1038/s41586-020-1962-0); most directed",guided,WA01,0.959825327510917,0.03737991266375546,0.0,0.0010480349344978166,0.0,0.0017467248908296944,0.0,0.0,0.0,0.0,0.0,0.0,0.0,0.0,0.0010480349344978166,0.959825327510917,0.03737991266375546,0.0,0.0,0.0,0.0
"homosapiens_None_2020_10x3v2_bhaduriaparna_001_d10_1038_s41586_020_1962_0|homosapiens_None_2020_10x3v2_bhaduriaparna_001_d10_1038_s41586_020_1962_0Bhaduri, 2020 (doi: 10.1038/s41586-020-1962-0); most directed_guided_3_Most Directed_H28126",13306,21,"Bhaduri, 2020","Bhaduri, 2020 (doi: 10.1038/s41586-020-1962-0); most directed",guided,custom_H28126,0.5848489403276718,0.41500075154065835,0.0,7.515406583496167e-05,0.0,0.0,0.0,0.040658349616714266,0.010145798887719826,0.0,0.0,0.0,0.0,7.515406583496167e-05,7.515406583496167e-05,0.5437396663159477,0.40417856606042385,0.0,0.0,0.00045092439500977,0.000676386592514655
"homosapiens_None_2020_10x3v2_bhaduriaparna_001_d10_1038_s41586_020_1962_0|homosapiens_None_2020_10x3v2_bhaduriaparna_001_d10_1038_s41586_020_1962_0Bhaduri, 2020 (doi: 10.1038/s41586-020-1962-0); most directed_guided_5_Most Directed_H1",4801,35,"Bhaduri, 2020","Bhaduri, 2020 (doi: 10.1038/s41586-020-1962-0); most directed",guided,WA01,0.30514476150801917,0.44803166007081857,0.0,0.0,0.0,0.244948968964799,0.0,0.0,0.00020828993959591752,0.00020828993959591752,0.0,0.0016663195167673402,0.0,0.0,0.0,0.30514476150801917,0.44782337013122264,0.0,0.0,0.0,0.0
"homosapiens_None_2020_10x3v2_bhaduriaparna_001_d10_1038_s41586_020_1962_0|homosapiens_None_2020_10x3v2_bhaduriaparna_001_d10_1038_s41586_020_1962_0Bhaduri, 2020 (doi: 10.1038/s41586-020-1962-0); most directed_guided_5_Most Directed_H28126",4690,35,"Bhaduri, 2020","Bhaduri, 2020 (doi: 10.1038/s41586-020-1962-0); most directed",guided,custom_H28126,0.4204690831556503,0.5590618336886993,0.0,0.0,0.0,0.02046908315565032,0.0,0.03113006396588486,0.017270788912579958,0.0,0.0,0.0,0.0,0.0,0.0,0.38912579957356075,0.5409381663113006,0.0,0.0,0.00021321961620469082,0.0008528784648187633
"homosapiens_None_2020_10x3v2_bhaduriaparna_001_d10_1038_s41586_020_1962_0|homosapiens_None_2020_10x3v2_bhaduriaparna_001_d10_1038_s41586_020_1962_0Bhaduri, 2020 (doi: 10.1038/s41586-020-1962-0); most directed_guided_8_Most Directed_H1",1587,56,"Bhaduri, 2020","Bhaduri, 2020 (doi: 10.1038/s41586-020-1962-0); most directed",guided,WA01,0.1606805293005671,0.8367989918084436,0.0,0.0,0.0,0.002520478890989288,0.0,0.01260239445494644,0.022684310018903593,0.0,0.0,0.0,0.0,0.0,0.0,0.14807813484562066,0.81411468178954,0.0,0.0,0.0,0.0
"homosapiens_None_2020_10x3v2_bhaduriaparna_001_d10_1038_s41586_020_1962_0|homosapiens_None_2020_10x3v2_bhaduriaparna_001_d10_1038_s41586_020_1962_0Bhaduri, 2020 (doi: 10.1038/s41586-020-1962-0); most directed_guided_8_Most Directed_H28126",707,56,"Bhaduri, 2020","Bhaduri, 2020 (doi: 10.1038/s41586-020-1962-0); most directed",guided,custom_H28126,0.4087694483734088,0.5728429985855729,0.002828854314002829,0.0,0.0,0.015558698727015558,0.0,0.3408769448373409,0.5190947666195191,0.0,0.002828854314002829,0.0,0.0,0.0,0.0,0.06647807637906648,0.05374823196605375,0.0,0.0,0.0014144271570014145,0.0
"homosapiens_None_2020_10x3v2_bhaduriaparna_001_d10_1038_s41586_020_1962_0|homosapiens_None_2020_10x3v2_bhaduriaparna_001_d10_1038_s41586_020_1962_0Velasco, 2019 (doi: 10.1038/s41586-019-1289-x)_guided_10_Least Directed_1323_4",5808,70,"Bhaduri, 2020","Velasco, 2019 (doi: 10.1038/s41586-019-1289-x)",guided,eWT-1323-4,0.24190771349862258,0.6372245179063362,0.11931818181818182,0.0,0.0,0.0015495867768595042,0.003787878787878788,0.09521349862258953,0.23536501377410468,0.0,0.11862947658402204,0.0,0.0,0.0,0.0,0.0029269972451790634,0.0027548209366391185,0.0006887052341597796,0.0,0.1399793388429752,0.3991046831955923
"homosapiens_None_2020_10x3v2_bhaduriaparna_001_d10_1038_s41586_020_1962_0|homosapiens_None_2020_10x3v2_bhaduriaparna_001_d10_1038_s41586_020_1962_0Velasco, 2019 (doi: 10.1038/s41586-019-1289-x)_guided_10_Least Directed_H1",17553,70,"Bhaduri, 2020","Velasco, 2019 (doi: 10.1038/s41586-019-1289-x)",guided,WA01,0.2159744772973281,0.7658519911126304,0.014185609297555973,0.0,5.697031846408021e-05,0.003930951974021535,0.0030194268785962513,0.20515011678915285,0.7575343246168746,0.0,0.014128638979091893,5.697031846408021e-05,0.0,0.0,0.0,0.006665527260297385,0.006836438215689626,0.0,0.0,0.0011394063692816044,0.0014812282800660856
"homosapiens_None_2020_10x3v2_bhaduriaparna_001_d10_1038_s41586_020_1962_0|homosapiens_None_2020_10x3v2_bhaduriaparna_001_d10_1038_s41586_020_1962_0Velasco, 2019 (doi: 10.1038/s41586-019-1289-x)_guided_10_Least Directed_H28126",18070,70,"Bhaduri, 2020","Velasco, 2019 (doi: 10.1038/s41586-019-1289-x)",guided,custom_H28126,0.8411178749308246,0.15594908688433867,0.0007194244604316547,0.0,5.534034311012728e-05,0.0013281682346430548,0.0,0.0,0.0004980630879911456,0.00011068068622025456,0.0006640841173215274,0.000774764803541782,0.0,0.0,0.0,0.8411178749308246,0.15545102379634754,0.0,0.0,0.0,0.0
"homosapiens_None_2020_10x3v2_bhaduriaparna_001_d10_1038_s41586_020_1962_0|homosapiens_None_2020_10x3v2_bhaduriaparna_001_d10_1038_s41586_020_1962_0Velasco, 2019 (doi: 10.1038/s41586-019-1289-x)_guided_10_Least Directed_YH10",3864,70,"Bhaduri, 2020","Velasco, 2019 (doi: 10.1038/s41586-019-1289-x)",guided,GM25256,0.5124223602484472,0.4748964803312629,0.0,0.0,0.0,0.009834368530020704,0.0,0.0,0.0,0.0,0.0,0.002846790890269151,0.0,0.0,0.0,0.5124223602484472,0.4748964803312629,0.0,0.0,0.0,0.0
"homosapiens_None_2020_10x3v2_bhaduriaparna_001_d10_1038_s41586_020_1962_0|homosapiens_None_2020_10x3v2_bhaduriaparna_001_d10_1038_s41586_020_1962_0Velasco, 2019 (doi: 10.1038/s41586-019-1289-x)_guided_15_Least Directed_1323_4",2573,105,"Bhaduri, 2020","Velasco, 2019 (doi: 10.1038/s41586-019-1289-x)",guided,eWT-1323-4,0.19510299261562378,0.6214535561601244,0.18344345122425182,0.0,0.057909055577147296,0.0,0.000777302759424796,0.036921881072677805,0.14574426739214924,0.0,0.12514574426739214,0.0,0.0,0.0,0.0,0.02137582588418189,0.007384376214535562,0.000388651379712398,0.0,0.1360279828993393,0.46832491255343955
"homosapiens_None_2020_10x3v2_bhaduriaparna_001_d10_1038_s41586_020_1962_0|homosapiens_None_2020_10x3v2_bhaduriaparna_001_d10_1038_s41586_020_1962_0Velasco, 2019 (doi: 10.1038/s41586-019-1289-x)_guided_24_Least Directed_1323_4",1741,168,"Bhaduri, 2020","Velasco, 2019 (doi: 10.1038/s41586-019-1289-x)",guided,eWT-1323-4,0.03618609994256175,0.37449741527857555,0.5870189546237794,0.0,0.16599655370476737,0.0005743825387708214,0.0005743825387708214,0.027570361860999426,0.3463526708788053,0.0,0.42102240091901205,0.0011487650775416428,0.0,0.0005743825387708214,0.0,0.005169442848937392,0.027570361860999426,0.0,0.0,0.002871912693854107,0.0005743825387708214
"homosapiens_None_2020_10x3v2_bhaduriaparna_001_d10_1038_s41586_020_1962_0|homosapiens_None_2020_10x3v2_bhaduriaparna_001_d10_1038_s41586_020_1962_0Velasco, 2019 (doi: 10.1038/s41586-019-1289-x)_guided_24_Least Directed_H1",964,168,"Bhaduri, 2020","Velasco, 2019 (doi: 10.1038/s41586-019-1289-x)",guided,WA01,0.04356846473029046,0.008298755186721992,0.9377593360995851,0.0,0.745850622406639,0.0,0.0,0.0,0.0031120331950207467,0.0,0.19190871369294607,0.00933609958506224,0.0,0.001037344398340249,0.0,0.0031120331950207467,0.0,0.0,0.0,0.04045643153526971,0.005186721991701245
"homosapiens_None_2020_10x3v2_bhaduriaparna_001_d10_1038_s41586_020_1962_0|homosapiens_None_2020_10x3v2_bhaduriaparna_001_d10_1038_s41586_020_1962_0Velasco, 2019 (doi: 10.1038/s41586-019-1289-x)_guided_3_Least Directed_H1",4546,21,"Bhaduri, 2020","Velasco, 2019 (doi: 10.1038/s41586-019-1289-x)",guided,WA01,0.9115706115266168,0.0030796304443466782,0.0,0.0,0.0,0.08534975802903652,0.0,0.0,0.0,0.0,0.0,0.0,0.0,0.0,0.0,0.9115706115266168,0.0030796304443466782,0.0,0.0,0.0,0.0
"homosapiens_None_2020_10x3v2_bhaduriaparna_001_d10_1038_s41586_020_1962_0|homosapiens_None_2020_10x3v2_bhaduriaparna_001_d10_1038_s41586_020_1962_0Velasco, 2019 (doi: 10.1038/s41586-019-1289-x)_guided_3_Least Directed_H28126",12268,21,"Bhaduri, 2020","Velasco, 2019 (doi: 10.1038/s41586-019-1289-x)",guided,custom_H28126,0.7018258884903815,0.2868438213237691,8.151287903488751e-05,8.151287903488751e-05,0.0,0.006765568959895663,0.0,8.151287903488751e-05,0.00016302575806977502,0.00016302575806977502,8.151287903488751e-05,0.002363873492011738,0.0,0.0018747962178024128,8.151287903488751e-05,0.7017443756113466,0.28668079556569936,0.0,0.0,0.0,0.0
"homosapiens_None_2020_10x3v2_bhaduriaparna_001_d10_1038_s41586_020_1962_0|homosapiens_None_2020_10x3v2_bhaduriaparna_001_d10_1038_s41586_020_1962_0Velasco, 2019 (doi: 10.1038/s41586-019-1289-x)_guided_5_Least Directed_1323_4",10067,35,"Bhaduri, 2020","Velasco, 2019 (doi: 10.1038/s41586-019-1289-x)",guided,eWT-1323-4,0.335651137379557,0.6603754842554882,0.0032780371510877124,0.0,0.0,0.0005960067547432204,0.00019866891824774015,0.08334161120492699,0.047978543756829244,0.0,0.0032780371510877124,0.0,0.0,9.933445912387007e-05,0.0,0.0015893513459819212,0.048375881593324725,0.0,0.0,0.25052150591040034,0.5640210589053343
"homosapiens_None_2020_10x3v2_bhaduriaparna_001_d10_1038_s41586_020_1962_0|homosapiens_None_2020_10x3v2_bhaduriaparna_001_d10_1038_s41586_020_1962_0Velasco, 2019 (doi: 10.1038/s41586-019-1289-x)_guided_5_Least Directed_H1",2372,35,"Bhaduri, 2020","Velasco, 2019 (doi: 10.1038/s41586-019-1289-x)",guided,WA01,0.13743676222596965,0.4797639123102867,0.0,0.0,0.0,0.3815345699831366,0.0,0.007166947723440135,0.0054806070826306915,0.0,0.0,0.0012647554806070826,0.0,0.0,0.0,0.1281618887015177,0.47048903878583476,0.0,0.0,0.0021079258010118043,0.0037942664418212477
"homosapiens_None_2020_10x3v2_bhaduriaparna_001_d10_1038_s41586_020_1962_0|homosapiens_None_2020_10x3v2_bhaduriaparna_001_d10_1038_s41586_020_1962_0Velasco, 2019 (doi: 10.1038/s41586-019-1289-x)_guided_5_Least Directed_H28126",12921,35,"Bhaduri, 2020","Velasco, 2019 (doi: 10.1038/s41586-019-1289-x)",guided,custom_H28126,0.5627273430849006,0.3930036374893584,0.0,0.0,0.0,0.04426901942574104,0.0,0.0,7.739339060444238e-05,0.0,0.0,0.0,0.0,0.0,0.0,0.5627273430849006,0.392926244098754,0.0,0.0,0.0,0.0
"homosapiens_None_2020_10x3v2_bhaduriaparna_001_d10_1038_s41586_020_1962_0|homosapiens_None_2020_10x3v2_bhaduriaparna_001_d10_1038_s41586_020_1962_0Velasco, 2019 (doi: 10.1038/s41586-019-1289-x)_guided_5_Least Directed_YH10",14188,35,"Bhaduri, 2020","Velasco, 2019 (doi: 10.1038/s41586-019-1289-x)",guided,GM25256,0.5793628418381731,0.16690160699182408,0.0,0.0,0.0,0.2535945869749084,0.0,0.000140964195094446,0.000281928390188892,0.0,0.0,7.0482097547223e-05,0.0,7.0482097547223e-05,0.0,0.5792218776430786,0.16661967860163518,0.0,0.0,0.0,0.0
"homosapiens_None_2020_10x3v2_bhaduriaparna_001_d10_1038_s41586_020_1962_0|homosapiens_None_2020_10x3v2_bhaduriaparna_001_d10_1038_s41586_020_1962_0Velasco, 2019 (doi: 10.1038/s41586-019-1289-x)_guided_8_Least Directed_1323_4",5220,56,"Bhaduri, 2020","Velasco, 2019 (doi: 10.1038/s41586-019-1289-x)",guided,eWT-1323-4,0.2653256704980843,0.6990421455938697,0.021455938697318006,0.0,0.0,0.013984674329501916,0.0028735632183908046,0.2222222222222222,0.6273946360153256,0.0,0.021455938697318006,0.00019157088122605365,0.0,0.0,0.0,0.01954022988505747,0.0446360153256705,0.0,0.0,0.020689655172413793,0.027011494252873563
"homosapiens_None_2020_10x3v2_bhaduriaparna_001_d10_1038_s41586_020_1962_0|homosapiens_None_2020_10x3v2_bhaduriaparna_001_d10_1038_s41586_020_1962_0Velasco, 2019 (doi: 10.1038/s41586-019-1289-x)_guided_8_Least Directed_H1",6346,56,"Bhaduri, 2020","Velasco, 2019 (doi: 10.1038/s41586-019-1289-x)",guided,WA01,0.4539867633154743,0.5360857232902616,0.000787897888433659,0.0,0.0,0.008982035928143712,0.0014182161991805862,0.4454774661203908,0.5274188465174914,0.0,0.000787897888433659,0.0001575795776867318,0.0,0.0,0.0,0.006775921840529467,0.00866687677277025,0.0,0.0,0.0003151591553734636,0.0
"homosapiens_None_2020_10x3v2_bhaduriaparna_001_d10_1038_s41586_020_1962_0|homosapiens_None_2020_10x3v2_bhaduriaparna_001_d10_1038_s41586_020_1962_0Velasco, 2019 (doi: 10.1038/s41586-019-1289-x)_guided_8_Least Directed_H28126",10169,56,"Bhaduri, 2020","Velasco, 2019 (doi: 10.1038/s41586-019-1289-x)",guided,custom_H28126,0.6805978955649523,0.31507522863605075,9.833808634083981e-05,0.0,0.0,0.0022617759858393157,0.00019667617268167962,0.10453338578031271,0.08280066869898711,0.00019667617268167962,9.833808634083981e-05,0.0017700855541351165,0.0,0.0,0.0,0.5758678336119579,0.2322745599370636,0.0,0.0,0.0,0.0
"homosapiens_None_2020_10x3v2_bhaduriaparna_001_d10_1038_s41586_020_1962_0|homosapiens_None_2020_10x3v2_bhaduriaparna_001_d10_1038_s41586_020_1962_0Velasco, 2019 (doi: 10.1038/s41586-019-1289-x)_guided_8_Least Directed_YH10",5720,56,"Bhaduri, 2020","Velasco, 2019 (doi: 10.1038/s41586-019-1289-x)",guided,GM25256,0.4258741258741259,0.5667832167832167,0.0,0.0,0.0,0.005944055944055944,0.0,0.0,0.0008741258741258741,0.00017482517482517483,0.0,0.0012237762237762239,0.0,0.0,0.0,0.4258741258741259,0.5659090909090909,0.0,0.0,0.0,0.0
homosapiens_None_2020_10x3v3_pellegrinilaura_001_d10_1126_science_aaz5626|homosapiens_None_2020_10x3v3_pellegrinilaura_001_d10_1126_science_aaz5626ChP1,3947,27,"Pellegrini, 2020","Pellegrini, 2020 (doi: 10.1126/science.aaz5626); hChPO",guided,WA01,0.1781099569293134,0.03673676209779579,0.0,0.0002533569799847986,0.0,0.7322016721560679,0.0,0.0,0.0,0.0,0.0,0.04484418545730935,0.0,0.007854066379528755,0.0,0.1781099569293134,0.03673676209779579,0.0,0.0002533569799847986,0.0,0.0
homosapiens_None_2020_10x3v3_pellegrinilaura_001_d10_1126_science_aaz5626|homosapiens_None_2020_10x3v3_pellegrinilaura_001_d10_1126_science_aaz5626ChP2,5690,46,"Pellegrini, 2020","Pellegrini, 2020 (doi: 10.1126/science.aaz5626); hChPO",guided,WA01,0.11195079086115993,0.12636203866432336,0.0,0.0001757469244288225,0.0,0.6166959578207382,0.0,0.0,0.00070298769771529,0.0,0.0,0.13391915641476274,0.0,0.010896309314586995,0.0,0.11195079086115993,0.12530755711775043,0.0,0.0001757469244288225,0.0,0.000351493848857645
homosapiens_None_2020_10x3v3_pellegrinilaura_001_d10_1126_science_aaz5626|homosapiens_None_2020_10x3v3_pellegrinilaura_001_d10_1126_science_aaz5626ChP3,5940,53,"Pellegrini, 2020","Pellegrini, 2020 (doi: 10.1126/science.aaz5626); hChPO",guided,WA01,0.014983164983164984,0.023905723905723906,0.0,0.00016835016835016836,0.0,0.8390572390572391,0.0,0.0,0.0,0.0,0.0,0.11936026936026936,0.0,0.0025252525252525255,0.0,0.014983164983164984,0.023905723905723906,0.0,0.00016835016835016836,0.0,0.0
homosapiens_None_2020_10x3v3_pellegrinilaura_001_d10_1126_science_aaz5626|homosapiens_None_2020_10x3v3_pellegrinilaura_001_d10_1126_science_aaz5626Tel,9456,55,"Pellegrini, 2020","Pellegrini, 2020 (doi: 10.1126/science.aaz5626); hCO",guided,WA09,0.17459813874788493,0.3673857868020305,0.008777495769881556,0.004547377326565144,0.0,0.41243654822335024,0.001692047377326565,0.03722504230118443,0.15545685279187818,0.0,0.008777495769881556,0.03225465313028765,0.0,0.0,0.004547377326565144,0.12002961082910321,0.17385786802030456,0.0,0.0,0.015651438240270727,0.03807106598984772
homosapiens_None_2023_10xmultiome_treutleinbarbara_001_dno_doi_treutlein|homosapiens_None_2023_10xmultiome_treutleinbarbara_001_dno_doi_treutleinMidbrain_Jo_d120,6927,120,"Treutlein, 2023","Jo et al., 2016 (doi: 10.1016/j.stem.2016.07.005)",guided,unknown,0.5461238631442182,0.17814349646311534,0.030460516818247435,0.00981665944853472,0.022376209037101198,0.00014436263894903998,0.0,0.0,0.00014436263894903998,0.0,0.005341417641114479,0.21250180453298687,0.0,0.02280929695394832,0.00981665944853472,0.5461238631442182,0.1779991338241663,0.0027428901400317596,0.0,0.0,0.0
homosapiens_None_2023_10xmultiome_treutleinbarbara_001_dno_doi_treutlein|homosapiens_None_2023_10xmultiome_treutleinbarbara_001_dno_doi_treutleinMidbrain_Jo_d15,10538,15,"Treutlein, 2023","Jo et al., 2016 (doi: 10.1016/j.stem.2016.07.005)",guided,unknown,0.7475801859935471,0.12943632567849686,0.0,0.11833364964888973,0.0,0.0,0.0,0.0,0.0,0.0,0.0,0.003511102676029607,0.0,0.0011387360030366293,0.11833364964888973,0.7475801859935471,0.12943632567849686,0.0,0.0,0.0,0.0
homosapiens_None_2023_10xmultiome_treutleinbarbara_001_dno_doi_treutlein|homosapiens_None_2023_10xmultiome_treutleinbarbara_001_dno_doi_treutleinMidbrain_Jo_d180,5865,180,"Treutlein, 2023","Jo et al., 2016 (doi: 10.1016/j.stem.2016.07.005)",guided,unknown,0.517306052855925,0.01381074168797954,0.03529411764705882,0.026939471440750214,0.032566069906223356,0.0011935208866155158,0.0,0.0,0.0,0.0,0.0023870417732310316,0.31986359761295824,0.0,0.0855924978687127,0.026939471440750214,0.517306052855925,0.01381074168797954,0.00034100596760443307,0.0,0.0,0.0
homosapiens_None_2023_10xmultiome_treutleinbarbara_001_dno_doi_treutlein|homosapiens_None_2023_10xmultiome_treutleinbarbara_001_dno_doi_treutleinMidbrain_Jo_d30,8577,30,"Treutlein, 2023","Jo et al., 2016 (doi: 10.1016/j.stem.2016.07.005)",guided,unknown,0.6601375772414597,0.29975515914655476,0.0,0.013874315028564767,0.0,0.0,0.0,0.0,0.0,0.0,0.0,0.019470677393027866,0.0,0.006762271190392911,0.013874315028564767,0.6601375772414597,0.29975515914655476,0.0,0.0,0.0,0.0
homosapiens_None_2023_10xmultiome_treutleinbarbara_001_dno_doi_treutlein|homosapiens_None_2023_10xmultiome_treutleinbarbara_001_dno_doi_treutleinMidbrain_Jo_d60,8015,60,"Treutlein, 2023","Jo et al., 2016 (doi: 10.1016/j.stem.2016.07.005)",guided,unknown,0.2940736119775421,0.6278228321896444,0.0004990642545227698,0.0037429819089207735,0.00012476606363069246,0.00012476606363069246,0.0,0.0,0.00012476606363069246,0.0,0.00037429819089207733,0.0626325639426076,0.0,0.011104179663131628,0.003618215845290081,0.2940736119775421,0.6276980661260138,0.0,0.00012476606363069246,0.0,0.0
homosapiens_None_2023_10xmultiome_treutleinbarbara_001_dno_doi_treutlein|homosapiens_None_2023_10xmultiome_treutleinbarbara_001_dno_doi_treutleinMidbrain_Jo_d7,8267,7,"Treutlein, 2023","Jo et al., 2016 (doi: 10.1016/j.stem.2016.07.005)",guided,unknown,0.3765573968791581,0.00858836337244466,0.0,0.6143703882907947,0.0,0.0,0.0,0.0,0.0,0.0,0.0,0.00048385145760251603,0.0,0.0,0.6143703882907947,0.3765573968791581,0.00858836337244466,0.0,0.0,0.0,0.0
homosapiens_None_2023_10xmultiome_treutleinbarbara_001_dno_doi_treutlein|homosapiens_None_2023_10xmultiome_treutleinbarbara_001_dno_doi_treutleinMidbrain_Jo_d90,11791,90,"Treutlein, 2023","Jo et al., 2016 (doi: 10.1016/j.stem.2016.07.005)",guided,unknown,0.5419387668560767,0.3031973539140022,0.006191162751250954,0.0032227970485963872,0.0018658298702400136,0.0032227970485963872,0.0,0.0,0.0,0.0,0.004325332881010941,0.12382325502501908,0.0,0.018403867356458315,0.0032227970485963872,0.5419387668560767,0.3031973539140022,0.0,0.0,0.0,0.0
homosapiens_None_2023_10xmultiome_treutleinbarbara_001_dno_doi_treutlein|homosapiens_None_2023_10xmultiome_treutleinbarbara_001_dno_doi_treutleinMidbrain_Qian_d120,4834,120,"Treutlein, 2023","Qian et al., 2016 (doi: 10.1016/j.cell.2016.04.032)",guided,unknown,0.7134877947869259,0.08585022755482002,0.094952420355813,0.012412081092263137,0.07261067438973935,0.0,0.0,0.0,0.0,0.0,0.006826644600744725,0.09329747621017791,0.0,0.0,0.012412081092263137,0.7134877947869259,0.08585022755482002,0.01551510136532892,0.0,0.0,0.0
homosapiens_None_2023_10xmultiome_treutleinbarbara_001_dno_doi_treutlein|homosapiens_None_2023_10xmultiome_treutleinbarbara_001_dno_doi_treutleinMidbrain_Qian_d15,7392,15,"Treutlein, 2023","Qian et al., 2016 (doi: 10.1016/j.cell.2016.04.032)",guided,unknown,0.0496482683982684,0.19724025974025974,0.0,0.7529761904761905,0.0,0.0,0.0,0.0,0.0,0.0,0.0,0.00013528138528138528,0.0,0.0,0.7529761904761905,0.0496482683982684,0.19724025974025974,0.0,0.0,0.0,0.0
homosapiens_None_2023_10xmultiome_treutleinbarbara_001_dno_doi_treutlein|homosapiens_None_2023_10xmultiome_treutleinbarbara_001_dno_doi_treutleinMidbrain_Qian_d180,4497,180,"Treutlein, 2023","Qian et al., 2016 (doi: 10.1016/j.cell.2016.04.032)",guided,unknown,0.6631087391594396,0.016900155659328443,0.1418723593506782,0.021125194574160552,0.1378696909050478,0.0,0.0,0.0,0.0,0.0,0.00155659328441183,0.15699355125639314,0.0,0.0,0.021125194574160552,0.6631087391594396,0.016900155659328443,0.0024460751612185904,0.0,0.0,0.0
homosapiens_None_2023_10xmultiome_treutleinbarbara_001_dno_doi_treutlein|homosapiens_None_2023_10xmultiome_treutleinbarbara_001_dno_doi_treutleinMidbrain_Qian_d30,6652,30,"Treutlein, 2023","Qian et al., 2016 (doi: 10.1016/j.cell.2016.04.032)",guided,unknown,0.432501503307276,0.4359591100420926,0.0,0.1071858087793145,0.0,0.0,0.0,0.0,0.0,0.0,0.0,0.0243535778713169,0.0,0.0,0.1071858087793145,0.432501503307276,0.4359591100420926,0.0,0.0,0.0,0.0
homosapiens_None_2023_10xmultiome_treutleinbarbara_001_dno_doi_treutlein|homosapiens_None_2023_10xmultiome_treutleinbarbara_001_dno_doi_treutleinMidbrain_Qian_d60,7471,60,"Treutlein, 2023","Qian et al., 2016 (doi: 10.1016/j.cell.2016.04.032)",guided,unknown,0.37906572078704326,0.5831883282023825,0.010172667648239861,0.004952482934011512,0.0077633516262883145,0.0001338508901084192,0.0,0.0,0.0010708071208673537,0.0,0.0013385089010841923,0.02248694953821443,0.0,0.0,0.004952482934011512,0.37906572078704326,0.5821175210815152,0.0010708071208673537,0.0,0.0,0.0
homosapiens_None_2023_10xmultiome_treutleinbarbara_001_dno_doi_treutlein|homosapiens_None_2023_10xmultiome_treutleinbarbara_001_dno_doi_treutleinMidbrain_Qian_d7,9891,7,"Treutlein, 2023","Qian et al., 2016 (doi: 10.1016/j.cell.2016.04.032)",guided,unknown,0.00940248710949348,0.01364877161055505,0.0,0.9768476392680214,0.0,0.0,0.0,0.0,0.0,0.0,0.0,0.00010110201193003741,0.0,0.0,0.9764432312203013,0.00940248710949348,0.01364877161055505,0.0,0.00040440804772014964,0.0,0.0
homosapiens_None_2023_10xmultiome_treutleinbarbara_001_dno_doi_treutlein|homosapiens_None_2023_10xmultiome_treutleinbarbara_001_dno_doi_treutleinMidbrain_Qian_d90,8538,90,"Treutlein, 2023","Qian et al., 2016 (doi: 10.1016/j.cell.2016.04.032)",guided,unknown,0.7078941204029047,0.1557741859920356,0.0797610681658468,0.002928086202857812,0.05551651440618412,0.00011712344811431249,0.0,0.0,0.00011712344811431249,0.0,0.011126727570859685,0.053525415788240806,0.0,0.0,0.0028109627547434997,0.7078941204029047,0.15565706254392128,0.013117826188802998,0.00011712344811431249,0.0,0.0
homosapiens_arcuatenucleusofhypothalamus_2021_dropseq_huangweikai_001_d10_1016_j_stem_2021_04_006|unknown,3622,20,"Huang, 2021","Huang, 2021 (doi: 10.1016/j.stem.2021.04.006)",guided,custom_C3,0.007730535615681944,0.5361678630590835,0.0,0.45499723909442297,0.0,0.0,0.0,0.0002760905577029266,0.0002760905577029266,0.0,0.0,0.0011043622308117063,0.0,0.0,0.45499723909442297,0.007454445057979017,0.5323025952512425,0.0,0.0,0.0,0.003589177250138045
homosapiens_arcuatenucleusofhypothalamus_2021_dropseq_huangweikai_002_d10_1016_j_stem_2021_04_006|unknown,4078,20,"Huang, 2021","Huang, 2021 (doi: 10.1016/j.stem.2021.04.006)",guided,custom_C3,0.01373222167729279,0.5328592447278078,0.0002452182442373713,0.4514467876410005,0.0,0.0,0.0,0.0,0.0007356547327121138,0.0,0.0,0.0012260912211868563,0.0,0.0004904364884747426,0.4514467876410005,0.013487003433055419,0.5286905345757724,0.0002452182442373713,0.0,0.0002452182442373713,0.0034330554193231977
homosapiens_arcuatenucleusofhypothalamus_2021_dropseq_huangweikai_003_d10_1016_j_stem_2021_04_006|unknown,8455,20,"Huang, 2021","Huang, 2021 (doi: 10.1016/j.stem.2021.04.006)",guided,custom_C65,0.004849201655824956,0.7237137788290953,0.0,0.2714370195150798,0.0,0.0,0.0,0.0,0.0010644589000591367,0.0,0.0,0.0,0.0,0.0,0.2714370195150798,0.004730928444707274,0.7148432879952691,0.0,0.0,0.00011827321111768185,0.007806031933767002
homosapiens_arcuatenucleusofhypothalamus_2021_dropseq_huangweikai_008_d10_1016_j_stem_2021_04_006|unknown,5114,40,"Huang, 2021","Huang, 2021 (doi: 10.1016/j.stem.2021.04.006)",guided,custom_C3,0.01759874853343762,0.7798201016816582,0.0,0.19769260852561596,0.0,0.0005866249511145874,0.0,0.0,0.00039108330074305825,0.0,0.0,0.004106374657802112,0.0,0.00019554165037152912,0.19769260852561596,0.01759874853343762,0.7737583105201408,0.0,0.0,0.0,0.005670707860774345
homosapiens_arcuatenucleusofhypothalamus_2021_dropseq_huangweikai_009_d10_1016_j_stem_2021_04_006|unknown,5424,40,"Huang, 2021","Huang, 2021 (doi: 10.1016/j.stem.2021.04.006)",guided,custom_C65,0.006452802359882006,0.8602507374631267,0.00018436578171091445,0.13274336283185842,0.0,0.0,0.0,0.0,0.0014749262536873156,0.0,0.00018436578171091445,0.0003687315634218289,0.0,0.0,0.13274336283185842,0.006452802359882006,0.8536135693215339,0.0,0.0,0.0,0.005162241887905605
homosapiens_brain_2019_10x3v2_kantonsabina_001_d10_1038_s41586_019_1654_9|homosapiens_brain_2019_10x3v2_kantonsabina_001_d10_1038_s41586_019_1654_9H9_128d_org1,4062,120,"Kanton, 2019","Lancaster, 2014 (doi: 10.1038/nprot.2014.158)",unguided,WA09,0.11078286558345643,0.8591826686361399,0.02978828163466273,0.0,0.0002461841457410143,0.0,0.0,0.007139340226489414,0.022156573116691284,0.0,0.025110782865583457,0.0002461841457410143,0.0,0.0,0.0,0.009601181683899557,0.003200393894633186,0.004431314623338257,0.0,0.09404234367306745,0.8338257016248154
homosapiens_brain_2019_10x3v2_kantonsabina_001_d10_1038_s41586_019_1654_9|homosapiens_brain_2019_10x3v2_kantonsabina_001_d10_1038_s41586_019_1654_9H9_60d_org1,5553,60,"Kanton, 2019","Lancaster, 2014 (doi: 10.1038/nprot.2014.158)",unguided,WA09,0.36268683594453455,0.6346119214838826,0.0003601656762110571,0.0,0.0,0.002341076895371871,0.023230686115613183,0.17251935890509634,0.23572843508013686,0.0,0.0003601656762110571,0.0,0.0,0.0,0.0,0.014406627048442283,0.025571763010985054,0.0,0.0,0.15253016387538268,0.3733117233927607
homosapiens_brain_2019_10x3v2_kantonsabina_001_d10_1038_s41586_019_1654_9|homosapiens_brain_2019_10x3v2_kantonsabina_001_d10_1038_s41586_019_1654_9H9_67d_org1,4701,60,"Kanton, 2019","Lancaster, 2014 (doi: 10.1038/nprot.2014.158)",unguided,WA09,0.36162518613061057,0.608806636885769,0.007870665815783875,0.0,0.0,0.015315890236119975,0.027015528610933842,0.26994256541161454,0.44841523080195705,0.0,0.007870665815783875,0.006381620931716656,0.0,0.0,0.0,0.00872154860667943,0.01595405232929164,0.0,0.0,0.055945543501382686,0.14443735375452033
homosapiens_brain_2019_10x3v2_kantonsabina_001_d10_1038_s41586_019_1654_9|homosapiens_brain_2019_10x3v2_kantonsabina_001_d10_1038_s41586_019_1654_9H9_Org_32d,2502,30,"Kanton, 2019","Lancaster, 2014 (doi: 10.1038/nprot.2014.158)",unguided,WA09,0.7054356514788169,0.2270183852917666,0.0,0.04436450839328537,0.0,0.003996802557953637,0.002398081534772182,0.12829736211031176,0.013189448441247002,0.0,0.0,0.0019984012789768186,0.0,0.01718625099920064,0.04436450839328537,0.4260591526778577,0.1334932054356515,0.0,0.0,0.1486810551558753,0.0803357314148681
homosapiens_brain_2019_10x3v2_kantonsabina_001_d10_1038_s41586_019_1654_9|homosapiens_brain_2019_10x3v2_kantonsabina_001_d10_1038_s41586_019_1654_9H9_neuroectoderm,1748,10,"Kanton, 2019","Lancaster, 2014 (doi: 10.1038/nprot.2014.158)",unguided,WA09,0.0017162471395881006,0.0,0.0,0.9982837528604119,0.0,0.0,0.0,0.0,0.0,0.0,0.0,0.0,0.0,0.0,0.9982837528604119,0.0017162471395881006,0.0,0.0,0.0,0.0,0.0
homosapiens_brain_2019_10x3v2_kantonsabina_001_d10_1038_s41586_019_1654_9|homosapiens_brain_2019_10x3v2_kantonsabina_001_d10_1038_s41586_019_1654_9H9_neuroepithelium,858,15,"Kanton, 2019","Lancaster, 2014 (doi: 10.1038/nprot.2014.158)",unguided,WA09,0.0,0.0,0.0,1.0,0.0,0.0,0.0,0.0,0.0,0.0,0.0,0.0,0.0,0.0,1.0,0.0,0.0,0.0,0.0,0.0,0.0
homosapiens_brain_2019_10x3v2_kantonsabina_001_d10_1038_s41586_019_1654_9|homosapiens_brain_2019_10x3v2_kantonsabina_001_d10_1038_s41586_019_1654_9SC102A1_65d_org1,4923,60,"Kanton, 2019","Lancaster, 2014 (doi: 10.1038/nprot.2014.158)",unguided,SC102A-1,0.5693682713792404,0.422506601665651,0.0,0.00020312817387771684,0.0,0.006703229737964655,0.039609993906154786,0.5147267926061345,0.4017875279301239,0.0,0.0,0.001218769043266301,0.0,0.0,0.00020312817387771684,0.01218769043266301,0.010765793215518992,0.0,0.0,0.002843794434288036,0.009953280520008125
homosapiens_brain_2019_10x3v2_kantonsabina_001_d10_1038_s41586_019_1654_9|homosapiens_brain_2019_10x3v2_kantonsabina_001_d10_1038_s41586_019_1654_9SC102A1_65d_org2,4876,60,"Kanton, 2019","Lancaster, 2014 (doi: 10.1038/nprot.2014.158)",unguided,SC102A-1,0.4487284659557014,0.5504511894995899,0.0008203445447087777,0.0,0.0,0.0,0.046554552912223136,0.40114848236259226,0.5486054142739951,0.0,0.0008203445447087777,0.0,0.0,0.0,0.0,0.0006152584085315833,0.00041017227235438887,0.0,0.0,0.00041017227235438887,0.001435602953240361
homosapiens_brain_2019_10x3v2_kantonsabina_001_d10_1038_s41586_019_1654_9|homosapiens_brain_2019_10x3v2_kantonsabina_001_d10_1038_s41586_019_1654_9h409B2_120d_org1,3099,120,"Kanton, 2019","Lancaster, 2014 (doi: 10.1038/nprot.2014.158)",unguided,409B2,0.2794449822523395,0.5869635366247177,0.07905776056792514,0.0,0.00032268473701193933,0.04227170054856405,0.018393030009680542,0.19328815747015166,0.4849951597289448,0.0,0.07647628267182963,0.012262020006453695,0.0,0.0,0.0,0.03452726686027751,0.027428202646014845,0.002258793159083575,0.0,0.03323652791222975,0.07454017424975799
homosapiens_brain_2019_10x3v2_kantonsabina_001_d10_1038_s41586_019_1654_9|homosapiens_brain_2019_10x3v2_kantonsabina_001_d10_1038_s41586_019_1654_9h409B2_128d_org1,3835,120,"Kanton, 2019","Lancaster, 2014 (doi: 10.1038/nprot.2014.158)",unguided,409B2,0.13272490221642763,0.6709256844850066,0.19608865710560627,0.0,0.009647979139504563,0.0,0.009126466753585397,0.08996088657105607,0.4352020860495437,0.0,0.15827900912646675,0.0002607561929595828,0.0,0.0,0.0,0.008083441981747066,0.005215123859191656,0.028161668839634942,0.0,0.025554106910039114,0.2305084745762712
homosapiens_brain_2019_10x3v2_kantonsabina_001_d10_1038_s41586_019_1654_9|homosapiens_brain_2019_10x3v2_kantonsabina_001_d10_1038_s41586_019_1654_9h409B2_60d_org1,5979,60,"Kanton, 2019","Lancaster, 2014 (doi: 10.1038/nprot.2014.158)",unguided,409B2,0.4733232982104031,0.5204883759826058,0.002508780732563974,0.000669008195350393,0.0,0.0018397725372135808,0.01154039136979428,0.2204382003679545,0.16039471483525672,0.0,0.001338016390700786,0.0,0.0,0.0011707643418631879,0.000669008195350393,0.2309750794447232,0.26793778223783243,0.0011707643418631879,0.0,0.010369627027931093,0.09215587890951664
homosapiens_brain_2019_10x3v2_kantonsabina_001_d10_1038_s41586_019_1654_9|homosapiens_brain_2019_10x3v2_kantonsabina_001_d10_1038_s41586_019_1654_9h409B2_67d_org1,4729,60,"Kanton, 2019","Lancaster, 2014 (doi: 10.1038/nprot.2014.158)",unguided,409B2,0.45739056883061957,0.526538380207232,0.008246986677944598,0.0,0.0,0.00296045675618524,0.022837809262000422,0.2820892366250793,0.18058786212729963,0.0,0.002114611968703743,0.0016916895749629942,0.0,0.0031719179530556143,0.0,0.14252484669063226,0.2886445337280609,0.006132374709240854,0.0,0.009938676252907591,0.05730598435187143
homosapiens_brain_2019_10x3v2_kantonsabina_001_d10_1038_s41586_019_1654_9|homosapiens_brain_2019_10x3v2_kantonsabina_001_d10_1038_s41586_019_1654_9h409B2_Org_32d,2262,30,"Kanton, 2019","Lancaster, 2014 (doi: 10.1038/nprot.2014.158)",unguided,409B2,0.34350132625994695,0.16887709991158267,0.0,0.46286472148541113,0.0,0.004862953138815208,0.001326259946949602,0.11140583554376658,0.01768346595932803,0.0,0.0,0.003978779840848806,0.0,0.015915119363395226,0.46286472148541113,0.20866489832007074,0.11626878868258178,0.0,0.0,0.022104332449160036,0.034924845269672856
homosapiens_brain_2019_10x3v2_kantonsabina_001_d10_1038_s41586_019_1654_9|homosapiens_brain_2019_10x3v2_kantonsabina_001_d10_1038_s41586_019_1654_9h409B2_neuroectoderm,813,10,"Kanton, 2019","Lancaster, 2014 (doi: 10.1038/nprot.2014.158)",unguided,409B2,0.0,0.0012300123001230013,0.0,0.998769987699877,0.0,0.0,0.0,0.0,0.0,0.0,0.0,0.0,0.0,0.0,0.998769987699877,0.0,0.0012300123001230013,0.0,0.0,0.0,0.0
homosapiens_brain_2019_10x3v2_kantonsabina_001_d10_1038_s41586_019_1654_9|homosapiens_brain_2019_10x3v2_kantonsabina_001_d10_1038_s41586_019_1654_9h409B2_neuroepithelium,434,15,"Kanton, 2019","Lancaster, 2014 (doi: 10.1038/nprot.2014.158)",unguided,409B2,0.004608294930875576,0.0,0.0,0.847926267281106,0.0,0.0,0.0,0.0,0.0,0.0,0.0,0.14746543778801843,0.0,0.0,0.7926267281105991,0.004608294930875576,0.0,0.0,0.055299539170506916,0.0,0.0
homosapiens_brain_2019_10x3v2_kantonsabina_001_d10_1038_s41586_019_1654_9|homosapiens_brain_2019_10x3v2_kantonsabina_001_d10_1038_s41586_019_1654_9hoik_HipSci_1,1096,60,"Kanton, 2019","Lancaster, 2014 (doi: 10.1038/nprot.2014.158)",unguided,HPSI0314i-hoik_1,0.2062043795620438,0.31295620437956206,0.0,0.0,0.0,0.4534671532846715,0.005474452554744526,0.06569343065693431,0.07937956204379562,0.0,0.0,0.017335766423357664,0.0,0.010036496350364963,0.0,0.13503649635036497,0.2281021897810219,0.0,0.0,0.0,0.005474452554744526
homosapiens_brain_2019_10x3v2_kantonsabina_001_d10_1038_s41586_019_1654_9|homosapiens_brain_2019_10x3v2_kantonsabina_001_d10_1038_s41586_019_1654_9hoik_HipSci_2,1439,60,"Kanton, 2019","Lancaster, 2014 (doi: 10.1038/nprot.2014.158)",unguided,HPSI0314i-hoik_1,0.2599027102154274,0.4204308547602502,0.0,0.103544127866574,0.0,0.20013898540653233,0.005559416261292564,0.11744266851980542,0.1702571230020848,0.0,0.0,0.014593467685892982,0.0,0.001389854065323141,0.103544127866574,0.13620569840166782,0.24183460736622656,0.0,0.0,0.0006949270326615705,0.008339124391938846
homosapiens_brain_2019_10x3v2_kantonsabina_001_d10_1038_s41586_019_1654_9|homosapiens_brain_2019_10x3v2_kantonsabina_001_d10_1038_s41586_019_1654_9hoik_HipSci_3,830,60,"Kanton, 2019","Lancaster, 2014 (doi: 10.1038/nprot.2014.158)",unguided,HPSI0314i-hoik_1,0.3036144578313253,0.37590361445783127,0.0,0.0,0.0,0.28433734939759037,0.0012048192771084338,0.12409638554216867,0.14096385542168674,0.0,0.0,0.02650602409638554,0.0,0.00963855421686747,0.0,0.1783132530120482,0.2325301204819277,0.0,0.0,0.0,0.0024096385542168677
homosapiens_brain_2019_10x3v2_kantonsabina_001_d10_1038_s41586_019_1654_9|homosapiens_brain_2019_10x3v2_kantonsabina_001_d10_1038_s41586_019_1654_9kucg_HipSci_1,1368,60,"Kanton, 2019","Lancaster, 2014 (doi: 10.1038/nprot.2014.158)",unguided,HPSI0214i-kucg_2,0.18494152046783624,0.8048245614035087,0.0,0.0,0.0,0.0014619883040935672,0.02046783625730994,0.16374269005847952,0.783625730994152,0.0,0.0,0.008771929824561403,0.0,0.0,0.0,0.0007309941520467836,0.01827485380116959,0.0,0.0,0.0,0.0029239766081871343
homosapiens_brain_2019_10x3v2_kantonsabina_001_d10_1038_s41586_019_1654_9|homosapiens_brain_2019_10x3v2_kantonsabina_001_d10_1038_s41586_019_1654_9kucg_HipSci_2,1239,60,"Kanton, 2019","Lancaster, 2014 (doi: 10.1038/nprot.2014.158)",unguided,HPSI0214i-kucg_2,0.258272800645682,0.7037933817594835,0.0,0.0,0.0,0.021791767554479417,0.018563357546408393,0.22760290556900725,0.6416464891041163,0.0,0.0,0.013720742534301856,0.0,0.002421307506053269,0.0,0.012106537530266344,0.06133979015334948,0.0,0.0,0.0,0.0008071025020177562
homosapiens_brain_2019_10x3v2_kantonsabina_001_d10_1038_s41586_019_1654_9|homosapiens_brain_2019_10x3v2_kantonsabina_001_d10_1038_s41586_019_1654_9kucg_HipSci_3,1807,60,"Kanton, 2019","Lancaster, 2014 (doi: 10.1038/nprot.2014.158)",unguided,HPSI0214i-kucg_2,0.18483674598782512,0.7830658550083011,0.004427227448810182,0.0,0.0,0.01549529607083564,0.011068068622025456,0.16657443276148312,0.7553956834532374,0.0,0.004427227448810182,0.00996126175982291,0.0,0.002213613724405091,0.0,0.006640841173215274,0.026563364692861097,0.0,0.0,0.0005534034311012728,0.0011068068622025456
homosapiens_brain_2019_10x3v2_kantonsabina_001_d10_1038_s41586_019_1654_9|homosapiens_brain_2019_10x3v2_kantonsabina_001_d10_1038_s41586_019_1654_9sojd_HipSci_1,1192,60,"Kanton, 2019","Lancaster, 2014 (doi: 10.1038/nprot.2014.158)",unguided,HPSI0314i-sojd_3,0.2340604026845638,0.75251677852349,0.0025167785234899327,0.0,0.0,0.0,0.0025167785234899327,0.024328859060402684,0.03607382550335571,0.0,0.0025167785234899327,0.0041946308724832215,0.0,0.006711409395973154,0.0,0.0025167785234899327,0.0662751677852349,0.0,0.0,0.20469798657718122,0.6501677852348994
homosapiens_brain_2019_10x3v2_kantonsabina_001_d10_1038_s41586_019_1654_9|homosapiens_brain_2019_10x3v2_kantonsabina_001_d10_1038_s41586_019_1654_9sojd_HipSci_2,1065,60,"Kanton, 2019","Lancaster, 2014 (doi: 10.1038/nprot.2014.158)",unguided,HPSI0314i-sojd_3,0.23004694835680753,0.7661971830985916,0.0,0.0,0.0,0.0,0.004694835680751174,0.048826291079812206,0.14647887323943662,0.0,0.0,0.0,0.0,0.003755868544600939,0.0,0.0,0.018779342723004695,0.0,0.0,0.17652582159624414,0.6009389671361502
homosapiens_brain_2019_10x3v2_kantonsabina_001_d10_1038_s41586_019_1654_9|homosapiens_brain_2019_10x3v2_kantonsabina_001_d10_1038_s41586_019_1654_9sojd_HipSci_3,1672,60,"Kanton, 2019","Lancaster, 2014 (doi: 10.1038/nprot.2014.158)",unguided,HPSI0314i-sojd_3,0.201555023923445,0.7697368421052632,0.0011961722488038277,0.0011961722488038277,0.0,0.0,0.011961722488038277,0.0867224880382775,0.3839712918660287,0.0,0.0011961722488038277,0.014952153110047847,0.0,0.011363636363636364,0.0011961722488038277,0.005382775119617225,0.039473684210526314,0.0,0.0,0.09748803827751196,0.34629186602870815
homosapiens_brain_2019_10x3v2_kantonsabina_001_d10_1038_s41586_019_1654_9|homosapiens_brain_2019_10x3v2_kantonsabina_001_d10_1038_s41586_019_1654_9wibj_64d_org1,5607,60,"Kanton, 2019","Lancaster, 2014 (doi: 10.1038/nprot.2014.158)",unguided,HPSI0214i-wibj_2,0.2944533618690922,0.6943106830747281,0.006598894239343678,0.0035669698591046907,0.0,0.0,0.0,0.004102015337970394,0.01658640984483681,0.0,0.006420545746388443,0.001070090957731407,0.0,0.0,0.0035669698591046907,0.01462457642232923,0.0392366684501516,0.00017834849295523454,0.0,0.2757267701087926,0.6384876047797396
homosapiens_brain_2019_10x3v2_kantonsabina_001_d10_1038_s41586_019_1654_9|homosapiens_brain_2019_10x3v2_kantonsabina_001_d10_1038_s41586_019_1654_9wibj_64d_org2,5997,60,"Kanton, 2019","Lancaster, 2014 (doi: 10.1038/nprot.2014.158)",unguided,HPSI0214i-wibj_2,0.3556778389194597,0.6296481574120394,0.00400200100050025,0.0016675004168751042,0.0,0.005669501417375354,0.004669001167250292,0.046856761714190426,0.07153576788394198,0.0,0.00400200100050025,0.002334500583625146,0.0,0.0010005002501250625,0.0016675004168751042,0.18192429548107386,0.24412206103051526,0.0,0.0,0.12222778055694514,0.3139903284975821
homosapiens_brain_2019_10x3v2_kantonsabina_001_d10_1038_s41586_019_1654_9|homosapiens_brain_2019_10x3v2_kantonsabina_001_d10_1038_s41586_019_1654_9wibj_HipSci_1,1676,60,"Kanton, 2019","Lancaster, 2014 (doi: 10.1038/nprot.2014.158)",unguided,HPSI0214i-wibj_2,0.30906921241050117,0.6772076372315036,0.0005966587112171838,0.0,0.0,0.0017899761336515514,0.02028639618138425,0.2678997613365155,0.5817422434367542,0.0,0.0005966587112171838,0.011336515513126491,0.0,0.0,0.0,0.011933174224343675,0.0441527446300716,0.0,0.0,0.008949880668257757,0.0513126491646778
homosapiens_brain_2019_10x3v2_kantonsabina_001_d10_1038_s41586_019_1654_9|homosapiens_brain_2019_10x3v2_kantonsabina_001_d10_1038_s41586_019_1654_9wibj_HipSci_2,1427,60,"Kanton, 2019","Lancaster, 2014 (doi: 10.1038/nprot.2014.158)",unguided,HPSI0214i-wibj_2,0.27610371408549406,0.7105816398037842,0.001401541695865452,0.0,0.0,0.004204625087596356,0.021723896285914507,0.22985283812193413,0.6299929922915207,0.0,0.001401541695865452,0.007708479327259986,0.0,0.0,0.0,0.021723896285914507,0.04905395935529082,0.0,0.0,0.002803083391730904,0.03153468815697267
homosapiens_brain_2019_10x3v2_kantonsabina_001_d10_1038_s41586_019_1654_9|homosapiens_brain_2019_10x3v2_kantonsabina_001_d10_1038_s41586_019_1654_9wibj_HipSci_3,1702,60,"Kanton, 2019","Lancaster, 2014 (doi: 10.1038/nprot.2014.158)",unguided,HPSI0214i-wibj_2,0.24148061104582844,0.7403055229142187,0.0005875440658049354,0.0,0.0,0.010575793184488837,0.012925969447708578,0.21739130434782608,0.700940070505288,0.0,0.0005875440658049354,0.006462984723854289,0.0,0.0005875440658049354,0.0,0.011163337250293772,0.036427732079905996,0.0,0.0,0.0,0.002937720329024677
homosapiens_brain_2020_quartzseq_sawadatomoyo_005_d10_1038_s41380_020_0844_z|unknown,349,35,"Sawada, 2020","Sawada, 2020 (doi: 10.1038/s41380-020-0844-z)",unguided,custom_DT1_U,0.6303724928366762,0.32664756446991405,0.0,0.025787965616045846,0.0,0.0057306590257879654,0.0,0.0,0.0,0.0,0.0,0.011461318051575931,0.0,0.0,0.025787965616045846,0.6303724928366762,0.32664756446991405,0.0,0.0,0.0,0.0
homosapiens_brain_2020_quartzseq_sawadatomoyo_006_d10_1038_s41380_020_0844_z|unknown,369,35,"Sawada, 2020","Sawada, 2020 (doi: 10.1038/s41380-020-0844-z)",unguided,custom_DT1_U,0.44986449864498645,0.5094850948509485,0.0,0.02981029810298103,0.0,0.01084010840108401,0.0,0.0,0.0,0.0,0.0,0.0,0.0,0.0,0.02981029810298103,0.44986449864498645,0.5094850948509485,0.0,0.0,0.0,0.0
homosapiens_brain_2020_quartzseq_sawadatomoyo_007_d10_1038_s41380_020_0844_z|unknown,358,35,"Sawada, 2020","Sawada, 2020 (doi: 10.1038/s41380-020-0844-z)",unguided,custom_DT1_U,0.6759776536312849,0.22346368715083798,0.0,0.1005586592178771,0.0,0.0,0.0,0.0,0.0,0.0,0.0,0.0,0.0,0.0,0.1005586592178771,0.6759776536312849,0.22346368715083798,0.0,0.0,0.0,0.0
homosapiens_brain_2020_quartzseq_sawadatomoyo_008_d10_1038_s41380_020_0844_z|unknown,365,35,"Sawada, 2020","Sawada, 2020 (doi: 10.1038/s41380-020-0844-z)",unguided,custom_DT1_U,0.4904109589041096,0.4575342465753425,0.0,0.0273972602739726,0.0,0.021917808219178082,0.0,0.0,0.0027397260273972603,0.0,0.0,0.0027397260273972603,0.0,0.0,0.0273972602739726,0.4904109589041096,0.4547945205479452,0.0,0.0,0.0,0.0
homosapiens_brain_2021_10x3v3_samarasingheranmala_001_d10_1038_s41593_021_00906_5|unknown,9556,56,"Samarasinghe, 2021","Watanabe, 2017 (doi: 10.1016/j.celrep.2017.09.047)",guided,GM07982,0.32565927166178316,0.5926119715362077,0.004813729593972373,0.0,0.0,0.07597321054834659,0.024068647969861866,0.25041858518208454,0.38017999162829635,0.0,0.004709083298451234,0.0009418166596902469,0.0,0.0,0.0,0.05002092925910423,0.18637505232314777,0.00010464629552113855,0.0,0.0011511092507325241,0.0260569275847635
homosapiens_brain_2021_10x3v3_samarasingheranmala_003_d10_1038_s41593_021_00906_5|unknown,11521,70,"Samarasinghe, 2021","Watanabe, 2017 (doi: 10.1016/j.celrep.2017.09.047)",guided,GM07982,0.2018053988369065,0.5176633972745421,0.05555073344327749,0.00017359604201024216,0.0,0.22307091398316117,0.02725457859560802,0.14920579810780316,0.4069091224720076,0.0,0.05537713740126725,0.0014755663570870585,0.0,0.0002603940630153633,0.00017359604201024216,0.024650637965454386,0.09686659144171512,0.00017359604201024216,0.0,0.0006943841680409687,0.013887683360819374
homosapiens_brain_2021_10x3v3_samarasingheranmala_005_d10_1038_s41593_021_00906_5|unknown,6797,100,"Samarasinghe, 2021","Watanabe, 2017 (doi: 10.1016/j.celrep.2017.09.047)",guided,GM07982,0.050022068559658676,0.7713697219361483,0.17169339414447551,0.0,0.00014712373105781962,0.006032072973370605,0.002353979696925114,0.03663380903339709,0.720170663528027,0.0,0.1715462704134177,0.0007356186552890981,0.0,0.00014712373105781962,0.0,0.0017654847726938355,0.00765043401500662,0.0,0.0,0.009268795056642637,0.04354862439311461
homosapiens_brain_2022_10x3v2_uzquianoana_012_d10_1016_j_cell_2022_09_010|homosapiens_brain_2022_10x3v2_uzquianoana_012_d10_1016_j_cell_2022_09_010Quad-1,6108,127,"Uzquiano, 2022","Quadrato, 2017 (doi: 10.1038/protex.2017.049)",unguided,8330-iPS-8,0.227079240340537,0.660936476751801,0.09855926653569091,0.0,0.017518009168303865,0.003601833660772757,0.010150622134905042,0.16912246234446626,0.6412901113294041,0.0,0.07023575638506876,0.008022265880812049,0.0,0.0018009168303863784,0.0,0.046660117878192534,0.019155206286836934,0.010805500982318271,0.0,0.00114603798297315,0.0004911591355599214
homosapiens_brain_2022_10x3v2_uzquianoana_012_d10_1016_j_cell_2022_09_010|homosapiens_brain_2022_10x3v2_uzquianoana_012_d10_1016_j_cell_2022_09_010Quad-2,6704,127,"Uzquiano, 2022","Quadrato, 2017 (doi: 10.1038/protex.2017.049)",unguided,8330-iPS-8,0.2168854415274463,0.6591587112171837,0.06697494033412887,0.0,0.009844868735083532,0.053251789976133654,0.01983890214797136,0.15915871121718378,0.6317124105011933,0.00014916467780429595,0.04698687350835322,0.0031324582338902148,0.0,0.00044749403341288785,0.0,0.0366945107398568,0.02684964200477327,0.010143198090692125,0.0,0.0011933174224343676,0.0005966587112171838
homosapiens_brain_2022_10x3v2_uzquianoana_012_d10_1016_j_cell_2022_09_010|homosapiens_brain_2022_10x3v2_uzquianoana_012_d10_1016_j_cell_2022_09_010Quad-3,8419,127,"Uzquiano, 2022","Quadrato, 2017 (doi: 10.1038/protex.2017.049)",unguided,8330-iPS-8,0.29967929682860195,0.34208338282456346,0.22199786197885735,0.0,0.07221760304074118,0.08231381399216059,0.006889179237439126,0.17614918636417626,0.22389832521677158,0.0005938947618482005,0.09941798313338876,0.04786791780496496,0.0,0.005463831809003445,0.0,0.11664093122698657,0.1181850576077919,0.0503622758047274,0.0,0.0,0.0
homosapiens_brain_2022_10x3v2_uzquianoana_012_d10_1016_j_cell_2022_09_010|homosapiens_brain_2022_10x3v2_uzquianoana_012_d10_1016_j_cell_2022_09_010Quad-4,8004,127,"Uzquiano, 2022","Quadrato, 2017 (doi: 10.1038/protex.2017.049)",unguided,8330-iPS-8,0.2231384307846077,0.7022738630684658,0.0588455772113943,0.0,0.006746626686656672,0.012118940529735132,0.01461769115442279,0.18265867066466768,0.6914042978510745,0.0,0.046101949025487254,0.0036231884057971015,0.0,0.0,0.0,0.025487256371814093,0.009745127436281859,0.005997001499250375,0.0,0.0003748125937031484,0.0011244377811094452
homosapiens_brain_2022_10x3v2_uzquianoana_013_d10_1016_j_cell_2022_09_010|homosapiens_brain_2022_10x3v2_uzquianoana_013_d10_1016_j_cell_2022_09_010Quad-5,10176,113,"Uzquiano, 2022","Quadrato, 2017 (doi: 10.1038/protex.2017.049)",unguided,HUES 66,0.12991352201257864,0.19231525157232704,0.12224842767295598,0.00019654088050314466,0.013757861635220126,0.49115566037735847,0.0012775157232704402,0.06977201257861636,0.12421383647798742,0.0,0.10318396226415094,0.0607311320754717,0.00019654088050314466,0.003242924528301887,0.00019654088050314466,0.05827437106918239,0.06810141509433962,0.005306603773584905,0.0,0.0005896226415094339,0.0
homosapiens_brain_2022_10x3v2_uzquianoana_013_d10_1016_j_cell_2022_09_010|homosapiens_brain_2022_10x3v2_uzquianoana_013_d10_1016_j_cell_2022_09_010Quad-6,9410,113,"Uzquiano, 2022","Quadrato, 2017 (doi: 10.1038/protex.2017.049)",unguided,HUES 66,0.22667375132837408,0.4914984059511158,0.1516471838469713,0.0017003188097768332,0.0128586609989373,0.034218916046758766,0.0,0.004357066950053135,0.013283740701381509,0.0,0.13336875664187034,0.08926673751328375,0.0022316684378320935,0.002763018065887354,0.001487778958554729,0.08246546227417641,0.44250797024442085,0.005419766206163656,0.00021253985122210415,0.13985122210414452,0.035706695005313496
homosapiens_brain_2022_10x3v2_uzquianoana_013_d10_1016_j_cell_2022_09_010|homosapiens_brain_2022_10x3v2_uzquianoana_013_d10_1016_j_cell_2022_09_010Quad-7,9238,113,"Uzquiano, 2022","Quadrato, 2017 (doi: 10.1038/protex.2017.049)",unguided,HUES 66,0.1575016237280797,0.3348127300281446,0.056289240095258715,0.27072959515046546,0.005953669625460056,0.14440355055206755,0.0005412426932236415,0.02229919896081403,0.07902143321065165,0.0,0.048711842390127734,0.0359385148300498,0.0,0.0003247456159341849,0.27072959515046546,0.12675903875297684,0.2425849751028361,0.0016237280796709244,0.0,0.007902143321065166,0.013206321714656853
homosapiens_brain_2022_10x3v2_uzquianoana_013_d10_1016_j_cell_2022_09_010|homosapiens_brain_2022_10x3v2_uzquianoana_013_d10_1016_j_cell_2022_09_010Quad-8,7197,113,"Uzquiano, 2022","Quadrato, 2017 (doi: 10.1038/protex.2017.049)",unguided,HUES 66,0.14033625121578436,0.6451299152424621,0.18354870084757538,0.00013894678338196472,0.0016673614005835765,0.011393636237321106,0.0029178824510212586,0.07253022092538558,0.5634292066138669,0.0,0.18132555231346395,0.01917465610671113,0.0,0.00027789356676392944,0.00013894678338196472,0.01792413505627345,0.020008336807002917,0.0005557871335278589,0.0,0.046964012783104074,0.06169237182159233
homosapiens_brain_2022_10x3v3_fleckjonassimon_001_d10_1038_s41586_022_05279_8|homosapiens_brain_2022_10x3v3_fleckjonassimon_001_d10_1038_s41586_022_05279_8409b2_11,353,11,"Fleck, 2022","Lancaster, 2014 (doi: 10.1038/nprot.2014.158)",unguided,409B2,0.0,0.0,0.0,1.0,0.0,0.0,0.0,0.0,0.0,0.0,0.0,0.0,0.0,0.0,1.0,0.0,0.0,0.0,0.0,0.0,0.0
homosapiens_brain_2022_10x3v3_fleckjonassimon_001_d10_1038_s41586_022_05279_8|homosapiens_brain_2022_10x3v3_fleckjonassimon_001_d10_1038_s41586_022_05279_8409b2_12,893,12,"Fleck, 2022","Lancaster, 2014 (doi: 10.1038/nprot.2014.158)",unguided,409B2,0.0,0.0,0.0,1.0,0.0,0.0,0.0,0.0,0.0,0.0,0.0,0.0,0.0,0.0,1.0,0.0,0.0,0.0,0.0,0.0,0.0
homosapiens_brain_2022_10x3v3_fleckjonassimon_001_d10_1038_s41586_022_05279_8|homosapiens_brain_2022_10x3v3_fleckjonassimon_001_d10_1038_s41586_022_05279_8409b2_16,117,16,"Fleck, 2022","Lancaster, 2014 (doi: 10.1038/nprot.2014.158)",unguided,409B2,0.0,0.0,0.0,1.0,0.0,0.0,0.0,0.0,0.0,0.0,0.0,0.0,0.0,0.0,1.0,0.0,0.0,0.0,0.0,0.0,0.0
homosapiens_brain_2022_10x3v3_fleckjonassimon_001_d10_1038_s41586_022_05279_8|homosapiens_brain_2022_10x3v3_fleckjonassimon_001_d10_1038_s41586_022_05279_8409b2_18,1745,18,"Fleck, 2022","Lancaster, 2014 (doi: 10.1038/nprot.2014.158)",unguided,409B2,0.0017191977077363897,0.0017191977077363897,0.0,0.9965616045845272,0.0,0.0,0.0,0.0,0.0,0.0,0.0,0.0,0.0,0.0,0.9965616045845272,0.0017191977077363897,0.0017191977077363897,0.0,0.0,0.0,0.0
homosapiens_brain_2022_10x3v3_fleckjonassimon_001_d10_1038_s41586_022_05279_8|homosapiens_brain_2022_10x3v3_fleckjonassimon_001_d10_1038_s41586_022_05279_8409b2_21,623,21,"Fleck, 2022","Lancaster, 2014 (doi: 10.1038/nprot.2014.158)",unguided,409B2,0.09149277688603531,0.016051364365971106,0.0,0.8924558587479936,0.0,0.0,0.0,0.0,0.0,0.0,0.0,0.0,0.0,0.0,0.8924558587479936,0.006420545746388443,0.011235955056179775,0.0,0.0,0.08507223113964688,0.004815409309791332
homosapiens_brain_2022_10x3v3_fleckjonassimon_001_d10_1038_s41586_022_05279_8|homosapiens_brain_2022_10x3v3_fleckjonassimon_001_d10_1038_s41586_022_05279_8409b2_26,817,26,"Fleck, 2022","Lancaster, 2014 (doi: 10.1038/nprot.2014.158)",unguided,409B2,0.8959608323133414,0.07099143206854344,0.0,0.033047735618115054,0.0,0.0,0.0,0.0012239902080783353,0.0036719706242350062,0.0,0.0,0.0,0.0,0.0,0.033047735618115054,0.006119951040391677,0.009791921664626682,0.0,0.0,0.8886168910648715,0.05752753977968176
homosapiens_brain_2022_10x3v3_fleckjonassimon_001_d10_1038_s41586_022_05279_8|homosapiens_brain_2022_10x3v3_fleckjonassimon_001_d10_1038_s41586_022_05279_8409b2_31,1355,31,"Fleck, 2022","Lancaster, 2014 (doi: 10.1038/nprot.2014.158)",unguided,409B2,0.7535055350553506,0.23911439114391145,0.0,0.007380073800738007,0.0,0.0,0.0,0.0007380073800738007,0.0014760147601476014,0.0,0.0,0.0,0.0,0.0,0.007380073800738007,0.008856088560885609,0.01107011070110701,0.0,0.0,0.7439114391143912,0.22656826568265684
homosapiens_brain_2022_10x3v3_fleckjonassimon_001_d10_1038_s41586_022_05279_8|homosapiens_brain_2022_10x3v3_fleckjonassimon_001_d10_1038_s41586_022_05279_8409b2_61,487,61,"Fleck, 2022","Lancaster, 2014 (doi: 10.1038/nprot.2014.158)",unguided,409B2,0.4743326488706365,0.5092402464065708,0.002053388090349076,0.0,0.0,0.0,0.014373716632443531,0.1868583162217659,0.1273100616016427,0.0,0.002053388090349076,0.01026694045174538,0.0,0.004106776180698152,0.0,0.06570841889117043,0.07186858316221766,0.0,0.0,0.20739219712525667,0.31006160164271046
homosapiens_brain_2022_10x3v3_fleckjonassimon_001_d10_1038_s41586_022_05279_8|homosapiens_brain_2022_10x3v3_fleckjonassimon_001_d10_1038_s41586_022_05279_8409b2_9,333,9,"Fleck, 2022","Lancaster, 2014 (doi: 10.1038/nprot.2014.158)",unguided,409B2,0.0,0.0,0.0,1.0,0.0,0.0,0.0,0.0,0.0,0.0,0.0,0.0,0.0,0.0,1.0,0.0,0.0,0.0,0.0,0.0,0.0
homosapiens_brain_2022_10x3v3_fleckjonassimon_001_d10_1038_s41586_022_05279_8|homosapiens_brain_2022_10x3v3_fleckjonassimon_001_d10_1038_s41586_022_05279_8H9_11,611,11,"Fleck, 2022","Lancaster, 2014 (doi: 10.1038/nprot.2014.158)",unguided,WA09,0.0,0.0,0.0,1.0,0.0,0.0,0.0,0.0,0.0,0.0,0.0,0.0,0.0,0.0,1.0,0.0,0.0,0.0,0.0,0.0,0.0
homosapiens_brain_2022_10x3v3_fleckjonassimon_001_d10_1038_s41586_022_05279_8|homosapiens_brain_2022_10x3v3_fleckjonassimon_001_d10_1038_s41586_022_05279_8H9_12,1312,12,"Fleck, 2022","Lancaster, 2014 (doi: 10.1038/nprot.2014.158)",unguided,WA09,0.0,0.0,0.0,1.0,0.0,0.0,0.0,0.0,0.0,0.0,0.0,0.0,0.0,0.0,1.0,0.0,0.0,0.0,0.0,0.0,0.0
homosapiens_brain_2022_10x3v3_fleckjonassimon_001_d10_1038_s41586_022_05279_8|homosapiens_brain_2022_10x3v3_fleckjonassimon_001_d10_1038_s41586_022_05279_8H9_16,144,16,"Fleck, 2022","Lancaster, 2014 (doi: 10.1038/nprot.2014.158)",unguided,WA09,0.0,0.006944444444444444,0.0,0.9930555555555556,0.0,0.0,0.0,0.0,0.0,0.0,0.0,0.0,0.0,0.0,0.9930555555555556,0.0,0.006944444444444444,0.0,0.0,0.0,0.0
homosapiens_brain_2022_10x3v3_fleckjonassimon_001_d10_1038_s41586_022_05279_8|homosapiens_brain_2022_10x3v3_fleckjonassimon_001_d10_1038_s41586_022_05279_8H9_18,2402,18,"Fleck, 2022","Lancaster, 2014 (doi: 10.1038/nprot.2014.158)",unguided,WA09,0.045795170691090764,0.014154870940882597,0.0,0.9400499583680266,0.0,0.0,0.0,0.0,0.0,0.0,0.0,0.0,0.0,0.0,0.9400499583680266,0.002497918401332223,0.012073272273105746,0.0,0.0,0.04329725228975854,0.0020815986677768525
homosapiens_brain_2022_10x3v3_fleckjonassimon_001_d10_1038_s41586_022_05279_8|homosapiens_brain_2022_10x3v3_fleckjonassimon_001_d10_1038_s41586_022_05279_8H9_21,2506,21,"Fleck, 2022","Lancaster, 2014 (doi: 10.1038/nprot.2014.158)",unguided,WA09,0.820830007980846,0.08818834796488427,0.0,0.09098164405426976,0.0,0.0,0.0,0.0003990422984836393,0.0007980845969672786,0.0,0.0,0.0,0.0,0.0,0.09098164405426976,0.00558659217877095,0.020750199521149242,0.0,0.0,0.8148443735035914,0.06664006384676775
homosapiens_brain_2022_10x3v3_fleckjonassimon_001_d10_1038_s41586_022_05279_8|homosapiens_brain_2022_10x3v3_fleckjonassimon_001_d10_1038_s41586_022_05279_8H9_26,1795,26,"Fleck, 2022","Lancaster, 2014 (doi: 10.1038/nprot.2014.158)",unguided,WA09,0.8657381615598886,0.13036211699164346,0.0,0.0038997214484679664,0.0,0.0,0.0,0.0038997214484679664,0.0022284122562674096,0.0,0.0,0.0,0.0,0.0,0.0038997214484679664,0.017270194986072424,0.005571030640668524,0.0,0.0,0.8445682451253482,0.12256267409470752
homosapiens_brain_2022_10x3v3_fleckjonassimon_001_d10_1038_s41586_022_05279_8|homosapiens_brain_2022_10x3v3_fleckjonassimon_001_d10_1038_s41586_022_05279_8H9_31,2236,31,"Fleck, 2022","Lancaster, 2014 (doi: 10.1038/nprot.2014.158)",unguided,WA09,0.6489266547406081,0.3479427549194991,0.0,0.0004472271914132379,0.0,0.0,0.0008944543828264759,0.004919499105545617,0.004919499105545617,0.0,0.0,0.0022361359570661895,0.0,0.0004472271914132379,0.0004472271914132379,0.02817531305903399,0.02146690518783542,0.0,0.0,0.6149373881932021,0.3215563506261181
homosapiens_brain_2022_10x3v3_fleckjonassimon_001_d10_1038_s41586_022_05279_8|homosapiens_brain_2022_10x3v3_fleckjonassimon_001_d10_1038_s41586_022_05279_8H9_61,656,61,"Fleck, 2022","Lancaster, 2014 (doi: 10.1038/nprot.2014.158)",unguided,WA09,0.41920731707317077,0.573170731707317,0.003048780487804878,0.0,0.0,0.001524390243902439,0.010670731707317074,0.125,0.11280487804878049,0.0,0.003048780487804878,0.001524390243902439,0.0,0.001524390243902439,0.0,0.003048780487804878,0.004573170731707317,0.0,0.0,0.2804878048780488,0.4557926829268293
homosapiens_brain_2022_10x3v3_fleckjonassimon_001_d10_1038_s41586_022_05279_8|homosapiens_brain_2022_10x3v3_fleckjonassimon_001_d10_1038_s41586_022_05279_8H9_9,729,9,"Fleck, 2022","Lancaster, 2014 (doi: 10.1038/nprot.2014.158)",unguided,WA09,0.0,0.0,0.0,1.0,0.0,0.0,0.0,0.0,0.0,0.0,0.0,0.0,0.0,0.0,1.0,0.0,0.0,0.0,0.0,0.0,0.0
homosapiens_brain_2022_10x3v3_fleckjonassimon_001_d10_1038_s41586_022_05279_8|homosapiens_brain_2022_10x3v3_fleckjonassimon_001_d10_1038_s41586_022_05279_8Hoik1_11,150,11,"Fleck, 2022","Lancaster, 2014 (doi: 10.1038/nprot.2014.158)",unguided,HPSI0314i-hoik_1,0.0,0.0,0.0,1.0,0.0,0.0,0.0,0.0,0.0,0.0,0.0,0.0,0.0,0.0,1.0,0.0,0.0,0.0,0.0,0.0,0.0
homosapiens_brain_2022_10x3v3_fleckjonassimon_001_d10_1038_s41586_022_05279_8|homosapiens_brain_2022_10x3v3_fleckjonassimon_001_d10_1038_s41586_022_05279_8Hoik1_12,719,12,"Fleck, 2022","Lancaster, 2014 (doi: 10.1038/nprot.2014.158)",unguided,HPSI0314i-hoik_1,0.0,0.0,0.0,1.0,0.0,0.0,0.0,0.0,0.0,0.0,0.0,0.0,0.0,0.0,1.0,0.0,0.0,0.0,0.0,0.0,0.0
homosapiens_brain_2022_10x3v3_fleckjonassimon_001_d10_1038_s41586_022_05279_8|homosapiens_brain_2022_10x3v3_fleckjonassimon_001_d10_1038_s41586_022_05279_8Hoik1_18,296,18,"Fleck, 2022","Lancaster, 2014 (doi: 10.1038/nprot.2014.158)",unguided,HPSI0314i-hoik_1,0.0,0.0,0.0,1.0,0.0,0.0,0.0,0.0,0.0,0.0,0.0,0.0,0.0,0.0,1.0,0.0,0.0,0.0,0.0,0.0,0.0
homosapiens_brain_2022_10x3v3_fleckjonassimon_001_d10_1038_s41586_022_05279_8|homosapiens_brain_2022_10x3v3_fleckjonassimon_001_d10_1038_s41586_022_05279_8Hoik1_21,677,21,"Fleck, 2022","Lancaster, 2014 (doi: 10.1038/nprot.2014.158)",unguided,HPSI0314i-hoik_1,0.13146233382570163,0.011816838995568686,0.0,0.8463810930576071,0.0,0.0,0.0,0.0,0.0,0.0,0.0,0.0103397341211226,0.0,0.0,0.8463810930576071,0.060561299852289516,0.0103397341211226,0.0,0.0,0.07090103397341212,0.0014771048744460858
homosapiens_brain_2022_10x3v3_fleckjonassimon_001_d10_1038_s41586_022_05279_8|homosapiens_brain_2022_10x3v3_fleckjonassimon_001_d10_1038_s41586_022_05279_8Hoik1_26,523,26,"Fleck, 2022","Lancaster, 2014 (doi: 10.1038/nprot.2014.158)",unguided,HPSI0314i-hoik_1,0.5793499043977055,0.0497131931166348,0.0,0.3346080305927342,0.0,0.0,0.0,0.0019120458891013384,0.01338432122370937,0.0,0.0,0.019120458891013385,0.0,0.017208413001912046,0.3154875717017208,0.1701720841300191,0.028680688336520075,0.0,0.019120458891013385,0.4072657743785851,0.0076481835564053535
homosapiens_brain_2022_10x3v3_fleckjonassimon_001_d10_1038_s41586_022_05279_8|homosapiens_brain_2022_10x3v3_fleckjonassimon_001_d10_1038_s41586_022_05279_8Hoik1_31,446,31,"Fleck, 2022","Lancaster, 2014 (doi: 10.1038/nprot.2014.158)",unguided,HPSI0314i-hoik_1,0.7443946188340808,0.195067264573991,0.0,0.04484304932735426,0.0,0.0,0.0,0.020179372197309416,0.020179372197309416,0.0,0.0,0.01569506726457399,0.0,0.0,0.04484304932735426,0.23542600896860988,0.06502242152466367,0.0,0.0,0.48878923766816146,0.10986547085201794
homosapiens_brain_2022_10x3v3_fleckjonassimon_001_d10_1038_s41586_022_05279_8|homosapiens_brain_2022_10x3v3_fleckjonassimon_001_d10_1038_s41586_022_05279_8Hoik1_61,540,61,"Fleck, 2022","Lancaster, 2014 (doi: 10.1038/nprot.2014.158)",unguided,HPSI0314i-hoik_1,0.3148148148148148,0.5111111111111111,0.0,0.001851851851851852,0.0,0.005555555555555556,0.003703703703703704,0.08333333333333333,0.06666666666666667,0.0,0.0,0.12407407407407407,0.0,0.04259259259259259,0.001851851851851852,0.2037037037037037,0.337037037037037,0.0,0.0,0.024074074074074074,0.10740740740740741
homosapiens_brain_2022_10x3v3_fleckjonassimon_001_d10_1038_s41586_022_05279_8|homosapiens_brain_2022_10x3v3_fleckjonassimon_001_d10_1038_s41586_022_05279_8Hoik1_9,183,9,"Fleck, 2022","Lancaster, 2014 (doi: 10.1038/nprot.2014.158)",unguided,HPSI0314i-hoik_1,0.0,0.0,0.0,1.0,0.0,0.0,0.0,0.0,0.0,0.0,0.0,0.0,0.0,0.0,1.0,0.0,0.0,0.0,0.0,0.0,0.0
homosapiens_brain_2022_10x3v3_fleckjonassimon_001_d10_1038_s41586_022_05279_8|homosapiens_brain_2022_10x3v3_fleckjonassimon_001_d10_1038_s41586_022_05279_8Wibj2_11,446,11,"Fleck, 2022","Lancaster, 2014 (doi: 10.1038/nprot.2014.158)",unguided,HPSI0214i-wibj_2,0.0,0.0,0.0,1.0,0.0,0.0,0.0,0.0,0.0,0.0,0.0,0.0,0.0,0.0,1.0,0.0,0.0,0.0,0.0,0.0,0.0
homosapiens_brain_2022_10x3v3_fleckjonassimon_001_d10_1038_s41586_022_05279_8|homosapiens_brain_2022_10x3v3_fleckjonassimon_001_d10_1038_s41586_022_05279_8Wibj2_12,1176,12,"Fleck, 2022","Lancaster, 2014 (doi: 10.1038/nprot.2014.158)",unguided,HPSI0214i-wibj_2,0.0,0.0,0.0,1.0,0.0,0.0,0.0,0.0,0.0,0.0,0.0,0.0,0.0,0.0,1.0,0.0,0.0,0.0,0.0,0.0,0.0
homosapiens_brain_2022_10x3v3_fleckjonassimon_001_d10_1038_s41586_022_05279_8|homosapiens_brain_2022_10x3v3_fleckjonassimon_001_d10_1038_s41586_022_05279_8Wibj2_18,1399,18,"Fleck, 2022","Lancaster, 2014 (doi: 10.1038/nprot.2014.158)",unguided,HPSI0214i-wibj_2,0.0,0.0007147962830593281,0.0,0.9992852037169406,0.0,0.0,0.0,0.0,0.0,0.0,0.0,0.0,0.0,0.0,0.9992852037169406,0.0,0.0007147962830593281,0.0,0.0,0.0,0.0
homosapiens_brain_2022_10x3v3_fleckjonassimon_001_d10_1038_s41586_022_05279_8|homosapiens_brain_2022_10x3v3_fleckjonassimon_001_d10_1038_s41586_022_05279_8Wibj2_21,1915,21,"Fleck, 2022","Lancaster, 2014 (doi: 10.1038/nprot.2014.158)",unguided,HPSI0214i-wibj_2,0.6783289817232376,0.06005221932114883,0.0,0.2616187989556136,0.0,0.0,0.0,0.0005221932114882506,0.0,0.0,0.0,0.0,0.0,0.0,0.2616187989556136,0.004699738903394256,0.003133159268929504,0.0,0.0,0.6731070496083551,0.05691906005221932
homosapiens_brain_2022_10x3v3_fleckjonassimon_001_d10_1038_s41586_022_05279_8|homosapiens_brain_2022_10x3v3_fleckjonassimon_001_d10_1038_s41586_022_05279_8Wibj2_26,1403,26,"Fleck, 2022","Lancaster, 2014 (doi: 10.1038/nprot.2014.158)",unguided,HPSI0214i-wibj_2,0.880256593014968,0.1119030648610121,0.0,0.007840342124019958,0.0,0.0,0.0,0.0,0.003563791874554526,0.0,0.0,0.0,0.0,0.0,0.007840342124019958,0.005702066999287242,0.006414825374198147,0.0,0.0,0.8745545260156807,0.10192444761225944
homosapiens_brain_2022_10x3v3_fleckjonassimon_001_d10_1038_s41586_022_05279_8|homosapiens_brain_2022_10x3v3_fleckjonassimon_001_d10_1038_s41586_022_05279_8Wibj2_31,1144,31,"Fleck, 2022","Lancaster, 2014 (doi: 10.1038/nprot.2014.158)",unguided,HPSI0214i-wibj_2,0.6145104895104895,0.38461538461538464,0.0,0.0,0.0,0.0,0.0,0.0,0.0017482517482517483,0.0,0.0,0.0008741258741258741,0.0,0.0,0.0,0.0008741258741258741,0.005244755244755245,0.0,0.0,0.6136363636363636,0.3776223776223776
homosapiens_brain_2022_10x3v3_fleckjonassimon_001_d10_1038_s41586_022_05279_8|homosapiens_brain_2022_10x3v3_fleckjonassimon_001_d10_1038_s41586_022_05279_8Wibj2_61,1662,61,"Fleck, 2022","Lancaster, 2014 (doi: 10.1038/nprot.2014.158)",unguided,HPSI0214i-wibj_2,0.49578820697954273,0.4693140794223827,0.0012033694344163659,0.0,0.0,0.006016847172081829,0.02527075812274368,0.37184115523465705,0.2713598074608905,0.0,0.0012033694344163659,0.02527075812274368,0.0,0.0024067388688327317,0.0,0.030685920577617327,0.06738868832731648,0.0,0.0,0.06799037304452467,0.1305655836341757
homosapiens_brain_2022_10x3v3_fleckjonassimon_001_d10_1038_s41586_022_05279_8|homosapiens_brain_2022_10x3v3_fleckjonassimon_001_d10_1038_s41586_022_05279_8Wibj2_9,385,9,"Fleck, 2022","Lancaster, 2014 (doi: 10.1038/nprot.2014.158)",unguided,HPSI0214i-wibj_2,0.0,0.0,0.0,1.0,0.0,0.0,0.0,0.0,0.0,0.0,0.0,0.0,0.0,0.0,1.0,0.0,0.0,0.0,0.0,0.0,0.0
homosapiens_brain_2022_10x3v3_hezhisong_001_d10_1038_s41592_021_01344_8|homosapiens_brain_2022_10x3v3_hezhisong_001_d10_1038_s41592_021_01344_8d15_1,6103,15,"He, 2022","Lancaster, 2014 (doi: 10.1038/nprot.2014.158)",unguided,custom_409b2-iCas9,0.014091430444043913,0.0024578076355890547,0.0,0.9819760773390136,0.0,0.0,0.0,0.00016385384237260363,0.0,0.0,0.0,0.0014746845813534328,0.0,0.0,0.7925610355562838,0.013927576601671309,0.0024578076355890547,0.0,0.1894150417827298,0.0,0.0
homosapiens_brain_2022_10x3v3_hezhisong_001_d10_1038_s41592_021_01344_8|homosapiens_brain_2022_10x3v3_hezhisong_001_d10_1038_s41592_021_01344_8d15_2,6855,15,"He, 2022","Lancaster, 2014 (doi: 10.1038/nprot.2014.158)",unguided,custom_409b2-iCas9,0.007293946024799417,0.002188183807439825,0.0,0.987892049598833,0.0,0.0,0.0,0.0,0.0,0.0,0.0,0.0024799416484318016,0.0,0.00014587892049598833,0.8449307075127644,0.007293946024799417,0.002188183807439825,0.0,0.14296134208606856,0.0,0.0
homosapiens_brain_2022_10x3v3_hezhisong_002_d10_1038_s41592_021_01344_8|homosapiens_brain_2022_10x3v3_hezhisong_002_d10_1038_s41592_021_01344_8Org1-s15-d60,2089,60,"He, 2022","Lancaster, 2014 (doi: 10.1038/nprot.2014.158)",unguided,custom_409b2-iCas9,0.5610339875538535,0.1900430828147439,0.0,0.0,0.0,0.13212063188128292,0.007659167065581618,0.1986596457635232,0.06510292005744375,0.0,0.0,0.11345141215892772,0.0,0.003350885591191958,0.0,0.35471517472474867,0.12398276687410244,0.0,0.0,0.0,0.0009573958831977022
homosapiens_brain_2022_10x3v3_hezhisong_002_d10_1038_s41592_021_01344_8|homosapiens_brain_2022_10x3v3_hezhisong_002_d10_1038_s41592_021_01344_8Org10-s4-d46,2564,46,"He, 2022","Lancaster, 2014 (doi: 10.1038/nprot.2014.158)",unguided,custom_409b2-iCas9,0.37870514820592827,0.5783931357254289,0.0,0.000390015600624025,0.0,0.001170046801872075,0.0039001560062402497,0.056162246489859596,0.035101404056162244,0.0,0.0,0.031201248049921998,0.00078003120124805,0.0093603744149766,0.0,0.31864274570982837,0.5417316692667706,0.0,0.000390015600624025,0.0,0.0015600624024961
homosapiens_brain_2022_10x3v3_hezhisong_002_d10_1038_s41592_021_01344_8|homosapiens_brain_2022_10x3v3_hezhisong_002_d10_1038_s41592_021_01344_8Org11-s7-d32,5135,32,"He, 2022","Lancaster, 2014 (doi: 10.1038/nprot.2014.158)",unguided,custom_409b2-iCas9,0.782473222979552,0.1744888023369036,0.0,0.0029211295034079843,0.0,0.002142161635832522,0.0,0.05998052580331061,0.0013631937682570595,0.0,0.0,0.02843232716650438,0.00019474196689386563,0.00934761441090555,0.002531645569620253,0.7224926971762414,0.17312560856864653,0.0,0.00038948393378773126,0.0,0.0
homosapiens_brain_2022_10x3v3_hezhisong_002_d10_1038_s41592_021_01344_8|homosapiens_brain_2022_10x3v3_hezhisong_002_d10_1038_s41592_021_01344_8Org12-s7-d46,2367,46,"He, 2022","Lancaster, 2014 (doi: 10.1038/nprot.2014.158)",unguided,custom_409b2-iCas9,0.4241656104773976,0.550063371356147,0.0,0.0,0.0,0.0016899028305872412,0.0,0.01436417405999155,0.0076045627376425855,0.0021123785382340513,0.0,0.009716941275876637,0.0008449514152936206,0.011406844106463879,0.0,0.409801436417406,0.5420363329108576,0.0,0.0,0.0,0.0004224757076468103
homosapiens_brain_2022_10x3v3_hezhisong_002_d10_1038_s41592_021_01344_8|homosapiens_brain_2022_10x3v3_hezhisong_002_d10_1038_s41592_021_01344_8Org2-s7-d46,3087,46,"He, 2022","Lancaster, 2014 (doi: 10.1038/nprot.2014.158)",unguided,custom_409b2-iCas9,0.36216391318432134,0.42695173307418205,0.0,0.00032393909944930353,0.0,0.0022675736961451248,0.0,0.004859086491739553,0.003887269193391642,0.0,0.0,0.16423712342079688,0.0045351473922902496,0.03952057013281503,0.00032393909944930353,0.3573048266925818,0.4220926465824425,0.0,0.0,0.0,0.0009718172983479105
homosapiens_brain_2022_10x3v3_hezhisong_002_d10_1038_s41592_021_01344_8|homosapiens_brain_2022_10x3v3_hezhisong_002_d10_1038_s41592_021_01344_8Org3-s30-d60,4499,60,"He, 2022","Lancaster, 2014 (doi: 10.1038/nprot.2014.158)",unguided,custom_409b2-iCas9,0.4941098021782619,0.43365192264947766,0.0002222716159146477,0.0,0.0,0.03600800177817293,0.01155812402756168,0.22382751722605024,0.1462547232718382,0.0004445432318292954,0.0002222716159146477,0.03178484107579462,0.0,0.003778617470549011,0.0,0.25872416092464995,0.28739719937763947,0.0,0.0,0.0,0.0
homosapiens_brain_2022_10x3v3_hezhisong_002_d10_1038_s41592_021_01344_8|homosapiens_brain_2022_10x3v3_hezhisong_002_d10_1038_s41592_021_01344_8Org4-s15-d63,2500,63,"He, 2022","Lancaster, 2014 (doi: 10.1038/nprot.2014.158)",unguided,custom_409b2-iCas9,0.5996,0.22840000000000002,0.0004,0.0,0.0,0.0636,0.0,0.0,0.0024,0.0,0.0004,0.1,0.0,0.008,0.0,0.5996,0.226,0.0,0.0,0.0,0.0
homosapiens_brain_2022_10x3v3_hezhisong_002_d10_1038_s41592_021_01344_8|homosapiens_brain_2022_10x3v3_hezhisong_002_d10_1038_s41592_021_01344_8Org5-s20-d63,3640,63,"He, 2022","Lancaster, 2014 (doi: 10.1038/nprot.2014.158)",unguided,custom_409b2-iCas9,0.36923076923076925,0.4269230769230769,0.0,0.0,0.0,0.019230769230769232,0.0,0.0002747252747252747,0.0019230769230769232,0.0,0.0,0.1706043956043956,0.0032967032967032967,0.010714285714285714,0.0,0.368956043956044,0.425,0.0,0.0,0.0,0.0
homosapiens_brain_2022_10x3v3_hezhisong_002_d10_1038_s41592_021_01344_8|homosapiens_brain_2022_10x3v3_hezhisong_002_d10_1038_s41592_021_01344_8Org6-s20-d63,3038,63,"He, 2022","Lancaster, 2014 (doi: 10.1038/nprot.2014.158)",unguided,custom_409b2-iCas9,0.5098749177090192,0.37886767610269917,0.0,0.0,0.0,0.04377880184331797,0.0003291639236339697,0.005266622778143515,0.007241606319947334,0.0,0.0,0.052995391705069124,0.0,0.014483212639894667,0.0,0.5042791310072416,0.3716260697827518,0.0,0.0,0.0,0.0
homosapiens_brain_2022_10x3v3_hezhisong_002_d10_1038_s41592_021_01344_8|homosapiens_brain_2022_10x3v3_hezhisong_002_d10_1038_s41592_021_01344_8Org7-s30-d63,6313,63,"He, 2022","Lancaster, 2014 (doi: 10.1038/nprot.2014.158)",unguided,custom_409b2-iCas9,0.34262632662759385,0.5521938856328211,0.0001584032947885316,0.0,0.0,0.03912561381276731,0.0,0.0003168065895770632,0.006336131791541264,0.0003168065895770632,0.0001584032947885316,0.061618881672738796,0.0,0.00396008236971329,0.0,0.3423095200380168,0.5449073340725487,0.0,0.0,0.0,0.0009504197687311896
homosapiens_brain_2022_10x3v3_hezhisong_002_d10_1038_s41592_021_01344_8|homosapiens_brain_2022_10x3v3_hezhisong_002_d10_1038_s41592_021_01344_8Org8-s4-d32,3218,32,"He, 2022","Lancaster, 2014 (doi: 10.1038/nprot.2014.158)",unguided,custom_409b2-iCas9,0.38471100062150404,0.1793039154754506,0.0,0.20074580484773152,0.0,0.001243008079552517,0.0,0.0052827843380981974,0.0006215040397762585,0.0,0.0,0.1687383467992542,0.002486016159105034,0.06277190801740211,0.20074580484773152,0.37942821628340584,0.17868241143567434,0.0,0.0,0.0,0.0
homosapiens_brain_2022_10x3v3_hezhisong_002_d10_1038_s41592_021_01344_8|homosapiens_brain_2022_10x3v3_hezhisong_002_d10_1038_s41592_021_01344_8Org9-s4-d46,3459,46,"He, 2022","Lancaster, 2014 (doi: 10.1038/nprot.2014.158)",unguided,custom_409b2-iCas9,0.44376987568661463,0.5302110436542353,0.0,0.0002891008962127783,0.0,0.0008673026886383347,0.0,0.006938421509106678,0.006071118820468344,0.0002891008962127783,0.0,0.019369760046256145,0.0005782017924255566,0.004625614339404453,0.0002891008962127783,0.43683145417750796,0.5235617230413414,0.0,0.0,0.0,0.0005782017924255566
homosapiens_brain_2022_10x3v3_hezhisong_003_d10_1038_s41592_021_01344_8|homosapiens_brain_2022_10x3v3_hezhisong_003_d10_1038_s41592_021_01344_8Region1.1,5852,60,"He, 2022","Lancaster, 2014 (doi: 10.1038/nprot.2014.158)",unguided,custom_409b2-iCas9,0.22402597402597402,0.763157894736842,0.00017088174982911826,0.0,0.0,0.000683526999316473,0.0,0.0,0.001367053998632946,0.0,0.00017088174982911826,0.010082023239917977,0.0,0.0018796992481203006,0.0,0.22402597402597402,0.7617908407382091,0.0,0.0,0.0,0.0
homosapiens_brain_2022_10x3v3_hezhisong_003_d10_1038_s41592_021_01344_8|homosapiens_brain_2022_10x3v3_hezhisong_003_d10_1038_s41592_021_01344_8Region1.2,6220,60,"He, 2022","Lancaster, 2014 (doi: 10.1038/nprot.2014.158)",unguided,custom_409b2-iCas9,0.21559485530546624,0.7737942122186495,0.0003215434083601286,0.0,0.0,0.0004823151125401929,0.0,0.0,0.0022508038585209,0.0,0.0003215434083601286,0.008360128617363344,0.0,0.0014469453376205787,0.0,0.21559485530546624,0.7715434083601286,0.0,0.0,0.0,0.0
homosapiens_brain_2022_10x3v3_hezhisong_003_d10_1038_s41592_021_01344_8|homosapiens_brain_2022_10x3v3_hezhisong_003_d10_1038_s41592_021_01344_8Region2.1,8186,60,"He, 2022","Lancaster, 2014 (doi: 10.1038/nprot.2014.158)",unguided,custom_409b2-iCas9,0.3846811629611532,0.6142193989738578,0.0001221597849987784,0.0,0.0,0.0002443195699975568,0.0,0.0,0.0008551184949914489,0.0,0.0001221597849987784,0.0004886391399951136,0.0,0.0002443195699975568,0.0,0.3846811629611532,0.6133642804788664,0.0,0.0,0.0,0.0
homosapiens_brain_2022_10x3v3_hezhisong_003_d10_1038_s41592_021_01344_8|homosapiens_brain_2022_10x3v3_hezhisong_003_d10_1038_s41592_021_01344_8Region2.2,6996,60,"He, 2022","Lancaster, 2014 (doi: 10.1038/nprot.2014.158)",unguided,custom_409b2-iCas9,0.3712121212121212,0.6279302458547742,0.0001429388221841052,0.0,0.0,0.0001429388221841052,0.0,0.0,0.002144082332761578,0.0,0.0001429388221841052,0.0005717552887364208,0.0,0.0,0.0,0.3712121212121212,0.6256432246998285,0.0,0.0,0.0,0.0001429388221841052
homosapiens_cerebellum_2023_10x3v3_quadratogiogia_001_dno_doi_quadrato|homosapiens_cerebellum_2023_10x3v3_quadratogiogia_001_dno_doi_quadratoD1,4522,60,"Atamian, 2024","Quadrato, 2023 (doi: no_doi)",guided,unknown,0.3489606368863335,0.43520566121185317,0.011499336576735956,0.0,0.00022114108801415304,0.18841220698805838,0.0,0.0,0.0,0.0,0.011278195488721804,0.01592215833701902,0.0,0.0,0.0,0.3489606368863335,0.43520566121185317,0.0,0.0,0.0,0.0
homosapiens_cerebellum_2023_10x3v3_quadratogiogia_001_dno_doi_quadrato|homosapiens_cerebellum_2023_10x3v3_quadratogiogia_001_dno_doi_quadratoD2,6510,60,"Atamian, 2024","Quadrato, 2023 (doi: no_doi)",guided,unknown,0.3488479262672811,0.2746543778801843,0.005837173579109063,0.0,0.0006144393241167435,0.3439324116743472,0.0,0.0,0.00030721966205837174,0.00015360983102918587,0.0052227342549923195,0.026574500768049156,0.0,0.0,0.0,0.3488479262672811,0.27434715821812594,0.0,0.0,0.0,0.0
homosapiens_cerebellum_2023_10x3v3_quadratogiogia_001_dno_doi_quadrato|homosapiens_cerebellum_2023_10x3v3_quadratogiogia_001_dno_doi_quadratoD3,3253,60,"Atamian, 2024","Quadrato, 2023 (doi: no_doi)",guided,unknown,0.3018751921303412,0.12327082692898862,0.003381494005533354,0.0,0.0,0.5401168152474639,0.0,0.0,0.0003074085459575776,0.0,0.003381494005533354,0.03135567168767292,0.0,0.0,0.0,0.3018751921303412,0.12296341838303104,0.0,0.0,0.0,0.0
homosapiens_cerebralcortex_2017_smartseq2_sloansteven_001_d10_1016_j_neuron_2017_07_035|homosapiens_cerebralcortex_2017_smartseq2_sloansteven_001_d10_1016_j_neuron_2017_07_035130,448,130,"Sloan, 2017","Pasca, 2015 (doi: 10.1038/nmeth.3415)",guided,custom_8858-1_8858-3_2242-1_1205-4,0.38839285714285715,0.25,0.35044642857142855,0.0,0.046875,0.0,0.022321428571428572,0.05580357142857143,0.18303571428571427,0.0,0.26785714285714285,0.002232142857142857,0.0,0.008928571428571428,0.0,0.10491071428571429,0.04241071428571429,0.03571428571428571,0.0,0.20535714285714285,0.024553571428571428
homosapiens_cerebralcortex_2017_smartseq2_sloansteven_001_d10_1016_j_neuron_2017_07_035|homosapiens_cerebralcortex_2017_smartseq2_sloansteven_001_d10_1016_j_neuron_2017_07_035175,112,175,"Sloan, 2017","Pasca, 2015 (doi: 10.1038/nmeth.3415)",guided,custom_8858-1_8858-3_2242-1_1205-4,0.09821428571428571,0.4375,0.46428571428571425,0.0,0.09821428571428571,0.0,0.026785714285714284,0.044642857142857144,0.41964285714285715,0.0,0.33035714285714285,0.0,0.0,0.0,0.0,0.017857142857142856,0.017857142857142856,0.03571428571428571,0.0,0.008928571428571428,0.0
homosapiens_cerebralcortex_2019_10x3v2_trujillocleber_001_d10_1016_j_stem_2019_08_002|unknown,4427,30,"Trujillo, 2019","Trujillo, 2019 (doi: 10.1016/j.stem.2019.08.002)",guided,unknown,0.12062344702959114,0.05556810481138468,0.0,0.0006776598147729839,0.0,0.7515247345832392,0.0,0.00022588660492432798,0.0006776598147729839,0.0,0.0,0.07115428055116331,0.0,0.00045177320984865596,0.0006776598147729839,0.12039756042466682,0.0548904449966117,0.0,0.0,0.0,0.0
homosapiens_cerebralcortex_2019_10x3v2_trujillocleber_002_d10_1016_j_stem_2019_08_002|unknown,2939,90,"Trujillo, 2019","Trujillo, 2019 (doi: 10.1016/j.stem.2019.08.002)",guided,unknown,0.45423613473970736,0.5375978223885676,0.002041510717931269,0.0,0.0,0.005784280367471929,0.030622660768969037,0.41238516502211636,0.5318135420210957,0.0,0.002041510717931269,0.0003402517863218782,0.0,0.0,0.0,0.010888057162300102,0.005784280367471929,0.0,0.0,0.0003402517863218782,0.0
homosapiens_cerebralcortex_2019_10x3v2_trujillocleber_003_d10_1016_j_stem_2019_08_002|unknown,4552,180,"Trujillo, 2019","Trujillo, 2019 (doi: 10.1016/j.stem.2019.08.002)",guided,unknown,0.1608084358523726,0.7014499121265378,0.12587873462214413,0.0,0.005272407732864675,0.00922671353251318,0.009666080843585237,0.13927943760984182,0.6990333919156415,0.0,0.11643233743409491,0.0026362038664323375,0.0,0.0,0.0,0.009885764499121265,0.001977152899824253,0.0041739894551845345,0.0,0.001977152899824253,0.0004393673110720562
homosapiens_cerebralcortex_2019_10x3v2_trujillocleber_004_d10_1016_j_stem_2019_08_002|unknown,2985,300,"Trujillo, 2019","Trujillo, 2019 (doi: 10.1016/j.stem.2019.08.002)",guided,unknown,0.24120603015075376,0.5742043551088778,0.18391959798994975,0.0,0.018090452261306532,0.00033500837520938025,0.003015075376884422,0.07872696817420435,0.3604690117252931,0.0,0.15309882747068676,0.00033500837520938025,0.0,0.0,0.0,0.04623115577889447,0.04388609715242881,0.012730318257956449,0.0,0.11323283082077051,0.16984924623115577
homosapiens_cerebralcortex_2019_bdrhapsodywholetranscriptomeanalysis_yoonsejin_001_d10_1038_s41592_018_0255_0|unknown,4512,105,"Yoon, 2019","Yoon, 2019 (doi: 10.1038/s41592-018-0255-0)",guided,custom_C-6.1,0.27814716312056736,0.6529255319148936,0.0425531914893617,0.0006648936170212766,0.006427304964539007,0.024601063829787235,0.0042109929078014184,0.25022163120567376,0.6407358156028369,0.0,0.027925531914893616,0.0011081560283687944,0.0,0.0,0.0006648936170212766,0.02304964539007092,0.01152482269503546,0.008200354609929078,0.0,0.0006648936170212766,0.0006648936170212766
homosapiens_cerebralcortex_2019_bdrhapsodywholetranscriptomeanalysis_yoonsejin_002_d10_1038_s41592_018_0255_0|unknown,4309,105,"Yoon, 2019","Yoon, 2019 (doi: 10.1038/s41592-018-0255-0)",guided,custom_C-6.2,0.13297748897656067,0.7289394291018798,0.13436992341610585,0.000696217219772569,0.06033882571362265,0.0,0.004641448131817127,0.07588767695521002,0.537943838477605,0.0,0.04989556741703412,0.0030169412856811324,0.0,0.0,0.000696217219772569,0.04548619169180784,0.1515432815038292,0.02413553028544906,0.0,0.006962172197725691,0.03945230912044558
homosapiens_cerebralcortex_2019_bdrhapsodywholetranscriptomeanalysis_yoonsejin_003_d10_1038_s41592_018_0255_0|unknown,2949,105,"Yoon, 2019","Yoon, 2019 (doi: 10.1038/s41592-018-0255-0)",guided,custom_C-7,0.18752119362495762,0.7063411325873178,0.10512037978975924,0.0,0.035266191929467616,0.0,0.010512037978975925,0.134961003730078,0.638521532722957,0.0,0.059003051881993895,0.001017293997965412,0.0,0.0,0.0,0.04035266191929467,0.06544591386910817,0.010851135978297729,0.0,0.00169548999660902,0.002373685995252628
homosapiens_cerebralcortex_2019_smartseq2_martonrebecca_001_d10_1038_s41593_018_0316_9|homosapiens_cerebralcortex_2019_smartseq2_martonrebecca_001_d10_1038_s41593_018_0316_9NIH2786,205,127,"Marton, 2019","Marton, 2019 (doi: 10.1038/s41593-018-0316-9)",guided,custom_0410-1,0.0,0.02926829268292683,0.9707317073170731,0.0,0.0,0.0,0.0,0.0,0.0,0.0,0.0,0.0,0.0,0.0,0.0,0.0,0.0,0.9707317073170731,0.0,0.0,0.02926829268292683
homosapiens_cerebralcortex_2020_10x3v2_khanthemasap_001_d10_1038_s41591_020_1043_9|unknown,9745,83,"Khan, 2020","Pasca, 2015 (doi: 10.1038/nmeth.3415)",guided,custom_0524-1,0.44043099025141097,0.5342226782965623,0.006362237044638276,0.000513083632632119,0.0002052334530528476,0.017957927142124165,0.016521292970754234,0.34150846587993844,0.3768086198050282,0.0,0.005849153412006157,0.000513083632632119,0.0,0.0,0.000513083632632119,0.07850179579271421,0.13596716264751155,0.0003078501795792714,0.0,0.0038994356080041047,0.021446895844022575
homosapiens_cerebralcortex_2020_10x3v2_khanthemasap_002_d10_1038_s41591_020_1043_9|unknown,3676,83,"Khan, 2020","Pasca, 2015 (doi: 10.1038/nmeth.3415)",guided,custom_0307-1,0.31256800870511425,0.6624047878128401,0.004080522306855278,0.0008161044613710555,0.0,0.016050054406964092,0.012785636561479869,0.2483677910772579,0.5220348204570185,0.0,0.004080522306855278,0.004080522306855278,0.0,0.0,0.0008161044613710555,0.051142546245919476,0.13710554951033732,0.0,0.0,0.0002720348204570185,0.003264417845484222
homosapiens_cerebralcortex_2020_splitseq_qianxuyu_001_d10_1016_j_stem_2020_02_002|unknown,6381,150,"Qian, 2020","Qian, 2020 (doi: 10.1016/j.stem.2020.02.002)",guided,C1-iPSC-2,0.26955022723711014,0.4601159692838113,0.0028208744710860366,0.0,0.0,0.26610249177244943,0.0001567152483936687,0.20482682965052498,0.4497727628898292,0.0001567152483936687,0.0028208744710860366,0.0012537219871493496,0.0,0.0,0.0,0.06440996708979783,0.010343206393982134,0.0,0.0,0.0001567152483936687,0.0
homosapiens_cerebralcortex_2021_citeseq(samplemultiplexing)_bowleskathryn_001_d10_1016_j_cell_2021_07_003|homosapiens_cerebralcortex_2021_citeseq(samplemultiplexing)_bowleskathryn_001_d10_1016_j_cell_2021_07_003B06,8455,60,"Bowles, 2021","Yoon, 2019 (doi: 10.1038/s41592-018-0255-0)",guided,custom_ND-B06,0.37942046126552337,0.5471318746303963,0.07049083382613838,0.00035481963335304555,0.0010644589000591367,0.0,0.0008279124778237729,0.036073329390892965,0.0670609107037256,0.0,0.06493199290360734,0.002365464222353637,0.0,0.0002365464222353637,0.00035481963335304555,0.2580721466587818,0.30987581312832646,0.0044943820224719105,0.0,0.08444707273802483,0.17019515079834419
homosapiens_cerebralcortex_2021_citeseq(samplemultiplexing)_bowleskathryn_001_d10_1016_j_cell_2021_07_003|homosapiens_cerebralcortex_2021_citeseq(samplemultiplexing)_bowleskathryn_001_d10_1016_j_cell_2021_07_003G6E11,32574,60,"Bowles, 2021","Yoon, 2019 (doi: 10.1038/s41592-018-0255-0)",guided,custom_GIH6-E11,0.20964572972309203,0.7718425738318906,0.016761834592005892,0.0,0.0,0.0016577638607478357,0.00273224043715847,0.07478356971818015,0.09553631730828267,0.0,0.016731135261251303,9.209799226376865e-05,0.0,0.0,0.0,0.0804936452385338,0.15761036409406276,3.069933075458955e-05,0.0,0.05163627432921962,0.5186958924295451
homosapiens_cerebralcortex_2021_citeseq(samplemultiplexing)_bowleskathryn_001_d10_1016_j_cell_2021_07_003|homosapiens_cerebralcortex_2021_citeseq(samplemultiplexing)_bowleskathryn_001_d10_1016_j_cell_2021_07_003G7B12,16679,60,"Bowles, 2021","Yoon, 2019 (doi: 10.1038/s41592-018-0255-0)",guided,custom_GIH7-B12,0.37616164038611427,0.6011751304035015,0.021464116553750225,0.00011991126566340908,0.0010792013909706817,0.0006595119611487499,0.00593560765033875,0.15486539960429282,0.1861622399424426,0.0,0.0171473109898675,0.0004196894298219318,0.0,0.0,0.00011991126566340908,0.12188980154685533,0.19857305593860544,0.003237604172912045,0.0,0.09347083158462738,0.21643983452245338
homosapiens_cerebralcortex_2021_citeseq(samplemultiplexing)_bowleskathryn_001_d10_1016_j_cell_2021_07_003|homosapiens_cerebralcortex_2021_citeseq(samplemultiplexing)_bowleskathryn_001_d10_1016_j_cell_2021_07_003G7F02,16821,60,"Bowles, 2021","Yoon, 2019 (doi: 10.1038/s41592-018-0255-0)",guided,custom_GIH7-F02,0.4574638844301765,0.5209559479222401,0.018964389750906602,0.0007133939718209382,0.0005350454788657035,0.0011889899530348968,0.010938707567921051,0.3044408774745853,0.2567029308602342,0.0,0.01658640984483681,0.0006539444741691932,0.0,5.9449497651744845e-05,0.0007133939718209382,0.08346709470304976,0.1532608049461982,0.00184293442720409,0.0,0.058617204684620415,0.11099221211580762
homosapiens_cerebralcortex_2021_citeseq(samplemultiplexing)_bowleskathryn_001_d10_1016_j_cell_2021_07_003|homosapiens_cerebralcortex_2021_citeseq(samplemultiplexing)_bowleskathryn_001_d10_1016_j_cell_2021_07_003NDB06,10305,60,"Bowles, 2021","Yoon, 2019 (doi: 10.1038/s41592-018-0255-0)",guided,custom_ND-B06,0.2867540029112082,0.7094614264919942,0.0029112081513828236,0.0006792819019893256,0.00038816108685104316,0.0,9.704027171276079e-05,0.006404657933042212,0.10460941290635614,0.0,0.0025230470645317806,9.704027171276079e-05,0.0,9.704027171276079e-05,0.0006792819019893256,0.02105773896166909,0.2910237748665696,0.0,0.0,0.2591945657447841,0.3138282387190684
homosapiens_cerebralcortex_2021_citeseq(samplemultiplexing)_bowleskathryn_002_d10_1016_j_cell_2021_07_003|homosapiens_cerebralcortex_2021_citeseq(samplemultiplexing)_bowleskathryn_002_d10_1016_j_cell_2021_07_003B06,9083,120,"Bowles, 2021","Yoon, 2019 (doi: 10.1038/s41592-018-0255-0)",guided,custom_ND-B06,0.20235604976329408,0.4886050864251899,0.30639656501156,0.0001100957833314984,0.09259055378179015,0.0,0.0001100957833314984,0.0044038313332599366,0.07915886821534736,0.0,0.19332819553011119,0.0025322030166244633,0.0,0.0,0.0001100957833314984,0.15358361774744028,0.1106462622481559,0.020477815699658702,0.0,0.044258504899262356,0.2987999559616867
homosapiens_cerebralcortex_2021_citeseq(samplemultiplexing)_bowleskathryn_002_d10_1016_j_cell_2021_07_003|homosapiens_cerebralcortex_2021_citeseq(samplemultiplexing)_bowleskathryn_002_d10_1016_j_cell_2021_07_003G6E11,11588,120,"Bowles, 2021","Yoon, 2019 (doi: 10.1038/s41592-018-0255-0)",guided,custom_GIH6-E11,0.25543665861235765,0.5712806351397999,0.1372109078356921,0.0,0.021832930617880567,0.03486365205384881,0.006299620296858819,0.08232654470141526,0.3122195374525371,0.0,0.08776320331377287,0.0012081463583016915,0.0,0.0,0.0,0.14618570935450467,0.16905419399378668,0.027614773904038662,0.0,0.020624784259578876,0.09000690369347601
homosapiens_cerebralcortex_2021_citeseq(samplemultiplexing)_bowleskathryn_002_d10_1016_j_cell_2021_07_003|homosapiens_cerebralcortex_2021_citeseq(samplemultiplexing)_bowleskathryn_002_d10_1016_j_cell_2021_07_003G7B12,20515,120,"Bowles, 2021","Yoon, 2019 (doi: 10.1038/s41592-018-0255-0)",guided,custom_GIH7-B12,0.14750182793078237,0.7674384596636608,0.07964903728978796,0.0,0.011113819156714598,0.00511820619059225,0.013794784304167682,0.09978064830611748,0.6848647331221058,0.0,0.06122349500365586,0.0002924689251767,0.0,0.0,0.0,0.024031196685352182,0.023446258834998783,0.007311723129417499,0.0,0.009895198635145016,0.05912746770655618
homosapiens_cerebralcortex_2021_citeseq(samplemultiplexing)_bowleskathryn_002_d10_1016_j_cell_2021_07_003|homosapiens_cerebralcortex_2021_citeseq(samplemultiplexing)_bowleskathryn_002_d10_1016_j_cell_2021_07_003G7F02,16567,120,"Bowles, 2021","Yoon, 2019 (doi: 10.1038/s41592-018-0255-0)",guided,custom_GIH7-F02,0.1606205106537092,0.7461218084143175,0.08746302891289914,0.0,0.012917245125852598,0.005372125309349912,0.015633488259793566,0.1014064103337961,0.5826643327096034,0.0,0.06283575783183437,0.00042252670972415043,0.0,0.0,0.0,0.014003742379428986,0.015150600591537394,0.011710025955212169,0.0,0.02957686968069053,0.1483068751131768
homosapiens_cerebralcortex_2021_citeseq(samplemultiplexing)_bowleskathryn_003_d10_1016_j_cell_2021_07_003|homosapiens_cerebralcortex_2021_citeseq(samplemultiplexing)_bowleskathryn_003_d10_1016_j_cell_2021_07_003B06,5200,180,"Bowles, 2021","Yoon, 2019 (doi: 10.1038/s41592-018-0255-0)",guided,custom_ND-B06,0.09903846153846153,0.23673076923076924,0.640576923076923,0.0,0.40115384615384614,0.010961538461538462,0.0,0.0017307692307692308,0.03192307692307692,0.0,0.1673076923076923,0.012692307692307692,0.0,0.0,0.0,0.06653846153846153,0.025384615384615384,0.07211538461538461,0.0,0.03076923076923077,0.17942307692307694
homosapiens_cerebralcortex_2021_citeseq(samplemultiplexing)_bowleskathryn_003_d10_1016_j_cell_2021_07_003|homosapiens_cerebralcortex_2021_citeseq(samplemultiplexing)_bowleskathryn_003_d10_1016_j_cell_2021_07_003G6E11,16076,180,"Bowles, 2021","Yoon, 2019 (doi: 10.1038/s41592-018-0255-0)",guided,custom_GIH6-E11,0.07085095794973874,0.640831052500622,0.2718959940283653,0.0,0.05660612092560338,0.015177904951480468,0.004354316994277184,0.01810151779049515,0.4537820353321722,0.0,0.1783403831798955,0.001244090569793481,0.0,0.0,0.0,0.009019656631002737,0.005473998507091316,0.03694948992286638,0.0,0.03937546653396367,0.18157501866135856
homosapiens_cerebralcortex_2021_citeseq(samplemultiplexing)_bowleskathryn_003_d10_1016_j_cell_2021_07_003|homosapiens_cerebralcortex_2021_citeseq(samplemultiplexing)_bowleskathryn_003_d10_1016_j_cell_2021_07_003G7B12,20772,180,"Bowles, 2021","Yoon, 2019 (doi: 10.1038/s41592-018-0255-0)",guided,custom_GIH7-B12,0.10167533217793182,0.6671962256884267,0.18390140573849412,0.0,0.06142884652416715,0.04573464278836896,0.006595416907375313,0.05281147698825342,0.5793857115347584,0.0,0.10480454457924128,0.0014923936067783555,0.0,0.0,0.0,0.025178124398228384,0.009195070286924706,0.01766801463508569,0.0,0.017090313884074716,0.0786154438667437
homosapiens_cerebralcortex_2021_citeseq(samplemultiplexing)_bowleskathryn_003_d10_1016_j_cell_2021_07_003|homosapiens_cerebralcortex_2021_citeseq(samplemultiplexing)_bowleskathryn_003_d10_1016_j_cell_2021_07_003G7F02,14304,180,"Bowles, 2021","Yoon, 2019 (doi: 10.1038/s41592-018-0255-0)",guided,custom_GIH7-F02,0.11891778523489933,0.6046560402684564,0.21546420581655482,0.0,0.06543624161073826,0.05970357941834452,0.008598993288590604,0.046350671140939596,0.5079697986577181,0.0,0.12248322147651007,0.0011185682326621924,0.0,0.00013982102908277405,0.0,0.031459731543624164,0.012793624161073826,0.027544742729306487,0.0,0.032508389261744965,0.08389261744966443
homosapiens_cerebralcortex_2021_citeseq(samplemultiplexing)_bowleskathryn_003_d10_1016_j_cell_2021_07_003|homosapiens_cerebralcortex_2021_citeseq(samplemultiplexing)_bowleskathryn_003_d10_1016_j_cell_2021_07_003NDB06,3151,180,"Bowles, 2021","Yoon, 2019 (doi: 10.1038/s41592-018-0255-0)",guided,custom_ND-B06,0.11678832116788321,0.4677880038083148,0.415106315455411,0.0,0.1440812440495081,0.0,0.0,0.003490955252300857,0.031101237702316726,0.0,0.2167565852110441,0.00031735956839098697,0.0,0.0,0.0,0.00952078705172961,0.005712472231037766,0.05426848619485877,0.0,0.10377657886385275,0.43097429387496033
homosapiens_cerebralcortex_2022_10x3v3_vertesyabel_001_d10_15252_embj_2022111118|homosapiens_cerebralcortex_2022_10x3v3_vertesyabel_001_d10_15252_embj_2022111118HCA1.TK297s1.d120.BP.201015.rozh,856,120,"Vertesy, 2022","Esk, 2020 (doi: 10.1126/science.abb5390)",guided,HPSI0114i-rozh_5,0.07242990654205607,0.913551401869159,0.008177570093457943,0.0,0.0,0.0035046728971962616,0.0,0.06542056074766354,0.8271028037383178,0.0,0.008177570093457943,0.002336448598130841,0.0,0.0,0.0,0.0011682242990654205,0.0,0.0,0.0,0.005841121495327103,0.08644859813084112
homosapiens_cerebralcortex_2022_10x3v3_vertesyabel_001_d10_15252_embj_2022111118|homosapiens_cerebralcortex_2022_10x3v3_vertesyabel_001_d10_15252_embj_2022111118HCA1.TK297s2.d120.BP.201015.rozh,808,120,"Vertesy, 2022","Esk, 2020 (doi: 10.1126/science.abb5390)",guided,HPSI0114i-rozh_5,0.23391089108910892,0.7116336633663366,0.054455445544554455,0.0,0.0012376237623762376,0.0,0.007425742574257425,0.12128712871287128,0.6014851485148515,0.0,0.05198019801980198,0.0,0.0,0.0,0.0,0.02599009900990099,0.019801980198019802,0.0012376237623762376,0.0,0.07920792079207921,0.09034653465346534
homosapiens_cerebralcortex_2022_10x3v3_vertesyabel_001_d10_15252_embj_2022111118|homosapiens_cerebralcortex_2022_10x3v3_vertesyabel_001_d10_15252_embj_2022111118HCA1.TK297s3.d120.BP.201015.rozh,3126,120,"Vertesy, 2022","Esk, 2020 (doi: 10.1126/science.abb5390)",guided,HPSI0114i-rozh_5,0.12348048624440179,0.8541266794625719,0.02239283429302623,0.0,0.0003198976327575176,0.0,0.0,0.01599488163787588,0.2255278310940499,0.0,0.021753039027511197,0.0,0.0,0.0,0.0,0.0,0.0019193857965451055,0.0003198976327575176,0.0,0.10748560460652591,0.6266794625719769
homosapiens_cerebralcortex_2022_10x3v3_vertesyabel_001_d10_15252_embj_2022111118|homosapiens_cerebralcortex_2022_10x3v3_vertesyabel_001_d10_15252_embj_2022111118SEO1.124719.d120.BP.201119.rozh,3809,120,"Vertesy, 2022","Esk, 2020 (doi: 10.1126/science.abb5390)",guided,HPSI0114i-rozh_5,0.2549225518508795,0.6899448674192702,0.024678393279075873,0.00026253609871357313,0.00026253609871357313,0.029666579154633763,0.0018377526909950119,0.1748490417432397,0.6741927014964557,0.0,0.0244158571803623,0.0005250721974271463,0.0,0.0,0.00026253609871357313,0.07744814912050407,0.012339196639537937,0.0,0.0,0.0007876082961407193,0.0034129692832764505
homosapiens_dorsalplusventralthalamus_2019_10x3v1_xiangyangfei_001_d10_1016_j_stem_2018_12_015|homosapiens_dorsalplusventralthalamus_2019_10x3v1_xiangyangfei_001_d10_1016_j_stem_2018_12_015early,4231,34,"Xiang, 2019","Xiang, 2019 (doi: 10.1016/j.stem.2018.12.015)",guided,HES-3 NKX2.1GFP/w,0.4712833845426613,0.3864334672654219,0.0,0.0007090522335145356,0.0,0.14086504372488773,0.0,0.0014181044670290711,0.0068541715906405105,0.0,0.0,0.0007090522335145356,0.0,0.0,0.0007090522335145356,0.4698652800756322,0.37934294493027654,0.0,0.0,0.0,0.0002363507445048452
homosapiens_dorsalplusventralthalamus_2019_10x3v1_xiangyangfei_001_d10_1016_j_stem_2018_12_015|homosapiens_dorsalplusventralthalamus_2019_10x3v1_xiangyangfei_001_d10_1016_j_stem_2018_12_015late,6337,89,"Xiang, 2019","Xiang, 2019 (doi: 10.1016/j.stem.2018.12.015)",guided,HES-3 NKX2.1GFP/w,0.4031876282152438,0.27094839829572354,0.08537162695281679,0.0,0.006312135079690705,0.20830045762979327,0.0,0.0004734101309768029,0.002209247277891747,0.0,0.07874388511914154,0.0321918889064226,0.0,0.0,0.0,0.402714218084267,0.2687391510178318,0.00031560675398453525,0.0,0.0,0.0
homosapiens_hindbrain_2020_10x3v3_andersenjimena_003_d10_1016_j_cell_2020_11_017|homosapiens_hindbrain_2020_10x3v3_andersenjimena_003_d10_1016_j_cell_2020_11_0170524-1,2525,53,"Andersen, 2020","Andersen, 2020 (doi: 10.1016/j.cell.2020.11.017)",guided,custom_0524-1,0.19524752475247525,0.7972277227722773,0.0031683168316831685,0.004356435643564357,0.0,0.0,0.0,0.0015841584158415843,0.001188118811881188,0.0,0.001188118811881188,0.0,0.0,0.0,0.004356435643564357,0.18811881188118812,0.7916831683168317,0.0019801980198019802,0.0,0.005544554455445544,0.004356435643564357
homosapiens_hindbrain_2020_10x3v3_andersenjimena_003_d10_1016_j_cell_2020_11_017|homosapiens_hindbrain_2020_10x3v3_andersenjimena_003_d10_1016_j_cell_2020_11_0171205-4,2649,53,"Andersen, 2020","Andersen, 2020 (doi: 10.1016/j.cell.2020.11.017)",guided,custom_1205-4,0.23103057757644394,0.753114382785957,0.00037750094375235937,0.011702529256323141,0.0,0.0,0.00037750094375235937,0.015100037750094376,0.01245753114382786,0.0,0.0,0.003020007550018875,0.0,0.0007550018875047187,0.011702529256323141,0.21253303133257834,0.7217818044545111,0.00037750094375235937,0.0,0.003020007550018875,0.01887504718761797
homosapiens_hindbrain_2020_10x3v3_andersenjimena_003_d10_1016_j_cell_2020_11_017|homosapiens_hindbrain_2020_10x3v3_andersenjimena_003_d10_1016_j_cell_2020_11_0178858-1,4094,53,"Andersen, 2020","Andersen, 2020 (doi: 10.1016/j.cell.2020.11.017)",guided,custom_8858-1,0.20468978993649242,0.7725940400586223,0.0,0.014899853444064484,0.0,0.0,0.0,0.0007327796775769418,0.008304836345872008,0.0,0.0,0.0,0.0,0.007816316560820713,0.014899853444064484,0.20371275036638983,0.76038104543234,0.0,0.0,0.0002442598925256473,0.0039081582804103565
homosapiens_hindbrain_2020_bdrhapsodywholetranscriptomeanalysis_andersenjimena_001_d10_1016_j_cell_2020_11_017|homosapiens_hindbrain_2020_bdrhapsodywholetranscriptomeanalysis_andersenjimena_001_d10_1016_j_cell_2020_11_0178858-1,3949,45,"Andersen, 2020","Andersen, 2020 (doi: 10.1016/j.cell.2020.11.017)",guided,custom_8858-1,0.4411243352747531,0.5370979994935426,0.0005064573309698658,0.017219549252975436,0.0,0.0,0.0,0.005571030640668524,0.005571030640668524,0.0,0.0005064573309698658,0.0015193719929095975,0.0,0.0025322866548493288,0.017219549252975436,0.4327677893137503,0.5196252215750823,0.0,0.0,0.002785515320334262,0.011901747277791846
homosapiens_hindbrain_2020_bdrhapsodywholetranscriptomeanalysis_andersenjimena_002_d10_1016_j_cell_2020_11_017|homosapiens_hindbrain_2020_bdrhapsodywholetranscriptomeanalysis_andersenjimena_002_d10_1016_j_cell_2020_11_0178858-1,3486,45,"Andersen, 2020","Andersen, 2020 (doi: 10.1016/j.cell.2020.11.017); without DAPT",guided,custom_8858-1,0.20510613884107862,0.787435456110155,0.0011474469305794606,0.005737234652897304,0.0,0.0,0.0,0.003155479059093517,0.004016064257028112,0.00028686173264486515,0.0005737234652897303,0.00028686173264486515,0.0,0.0,0.005737234652897304,0.20051635111876076,0.7779690189328744,0.0005737234652897303,0.0,0.001434308663224326,0.005450372920252439
"homosapiens_midbraintegmentum_2021_10x3v3_fiorenzanoalessandro_001_d10_1038_s41467_021_27464_5|homosapiens_midbraintegmentum_2021_10x3v3_fiorenzanoalessandro_001_d10_1038_s41467_021_27464_5Fiorenzano, 2021 (doi: 10.1038/s41467-021-27464-5); silk_30",14052,30,"Fiorenzano, 2021","Fiorenzano, 2021 (doi: 10.1038/s41467-021-27464-5); silk",guided,unknown,0.5539424992883575,0.19961571306575576,0.0,0.236621121548534,0.0,0.0,0.0,0.00014232849416453175,0.0,0.0,0.0,0.0041986905778536865,0.0,0.005621975519499004,0.236621121548534,0.553800170794193,0.19961571306575576,0.0,0.0,0.0,0.0
"homosapiens_midbraintegmentum_2021_10x3v3_fiorenzanoalessandro_001_d10_1038_s41467_021_27464_5|homosapiens_midbraintegmentum_2021_10x3v3_fiorenzanoalessandro_001_d10_1038_s41467_021_27464_5Fiorenzano, 2021 (doi: 10.1038/s41467-021-27464-5); standard_120",34610,120,"Fiorenzano, 2021","Fiorenzano, 2021 (doi: 10.1038/s41467-021-27464-5); standard",guided,unknown,0.07052874891649812,0.04654724068188385,0.1597804102860445,0.0009245882692863334,0.03290956370991043,0.0004334007512279688,0.0,0.0,0.0011557353366079169,0.0,0.07289800635654435,0.5813348743137822,0.0,0.1404507367812771,0.0009245882692863334,0.07052874891649812,0.04539150534527593,0.053972840219589716,0.0,0.0,0.0
"homosapiens_midbraintegmentum_2021_10x3v3_fiorenzanoalessandro_001_d10_1038_s41467_021_27464_5|homosapiens_midbraintegmentum_2021_10x3v3_fiorenzanoalessandro_001_d10_1038_s41467_021_27464_5Fiorenzano, 2021 (doi: 10.1038/s41467-021-27464-5); standard_15",13309,15,"Fiorenzano, 2021","Fiorenzano, 2021 (doi: 10.1038/s41467-021-27464-5); standard",guided,unknown,0.04726125178450673,0.040724321887444584,0.0,0.9111879179502592,0.0,0.0,0.0,0.0,0.0,0.0,0.0,0.0006762341272822901,0.0,0.0001502742505071756,0.9111127808250057,0.04726125178450673,0.040724321887444584,0.0,7.51371252535878e-05,0.0,0.0
"homosapiens_midbraintegmentum_2021_10x3v3_fiorenzanoalessandro_001_d10_1038_s41467_021_27464_5|homosapiens_midbraintegmentum_2021_10x3v3_fiorenzanoalessandro_001_d10_1038_s41467_021_27464_5Fiorenzano, 2021 (doi: 10.1038/s41467-021-27464-5); standard_30",7430,30,"Fiorenzano, 2021","Fiorenzano, 2021 (doi: 10.1038/s41467-021-27464-5); standard",guided,unknown,0.4335127860026918,0.17173620457604305,0.0,0.3775235531628533,0.0,0.0,0.0,0.0,0.00013458950201884252,0.0,0.0,0.01588156123822342,0.0,0.0013458950201884253,0.3775235531628533,0.4335127860026918,0.17160161507402422,0.0,0.0,0.0,0.0
"homosapiens_midbraintegmentum_2021_10x3v3_fiorenzanoalessandro_001_d10_1038_s41467_021_27464_5|homosapiens_midbraintegmentum_2021_10x3v3_fiorenzanoalessandro_001_d10_1038_s41467_021_27464_5Fiorenzano, 2021 (doi: 10.1038/s41467-021-27464-5); standard_60",13579,60,"Fiorenzano, 2021","Fiorenzano, 2021 (doi: 10.1038/s41467-021-27464-5); standard",guided,unknown,0.220708446866485,0.3984829516164666,0.003166654392812431,0.0734958391634141,0.00022092937624272775,0.0007364312541424258,0.0,7.364312541424258e-05,0.0023565800132557624,0.0,0.0006627881287281833,0.2094410486781059,0.0,0.09396862802857353,0.07342219603799985,0.2203402312394138,0.39597908535238235,0.00228293688784152,7.364312541424258e-05,0.0002945725016569703,0.00014728625082848515
"homosapiens_midbraintegmentum_2021_10x3v3_fiorenzanoalessandro_001_d10_1038_s41467_021_27464_5|homosapiens_midbraintegmentum_2021_10x3v3_fiorenzanoalessandro_001_d10_1038_s41467_021_27464_5Fiorenzano, 2021 (doi: 10.1038/s41467-021-27464-5); standard_90",9684,90,"Fiorenzano, 2021","Fiorenzano, 2021 (doi: 10.1038/s41467-021-27464-5); standard",guided,unknown,0.09211069805865345,0.1281495249896737,0.07796365138372574,0.001961999173895085,0.031185460553490293,0.0013424204874019,0.0,0.0,0.0015489467162329617,0.0,0.04337050805452292,0.6981619165634035,0.0,0.0003097893432465923,0.001961999173895085,0.09211069805865345,0.1264973151590252,0.0034076827757125155,0.0,0.0,0.00010326311441553078
"homosapiens_midbraintegmentum_2021_10x3v3_fiorenzanoalessandro_001_d10_1038_s41467_021_27464_5|homosapiens_midbraintegmentum_2021_10x3v3_fiorenzanoalessandro_001_d10_1038_s41467_021_27464_5Fiorenzano, 2021 (doi:10.1038/s41467-021-27464-5); silk+laminin_30",14130,30,"Fiorenzano, 2021","Fiorenzano, 2021 (doi:10.1038/s41467-021-27464-5); silk+laminin",guided,unknown,0.2953998584571833,0.2721868365180467,0.0,0.4145789101203114,0.0,0.0,0.0,0.00014154281670205238,7.077140835102619e-05,0.0,0.0,0.015640481245576786,0.0,0.0021939136588818116,0.41450813871196035,0.2952583156404813,0.27211606510969566,0.0,7.077140835102619e-05,0.0,0.0
homosapiens_telencephalon_2019_10x3v2_velascosilvia_001_d10_1038_s41586_019_1289_x|homosapiens_telencephalon_2019_10x3v2_velascosilvia_001_d10_1038_s41586_019_1289_x10,8609,166,"Velasco, 2019","Velasco, 2019 (doi: 10.1038/s41586-019-1289-x)",guided,11a,0.10547101870135904,0.5973980717853409,0.29713090951330007,0.0,0.12301080264839122,0.0,0.00011615750958299454,0.005459402950400744,0.2935300267162272,0.0,0.16889301893367406,0.0,0.0,0.0,0.0,0.0024393077012428853,0.00046463003833197816,0.005227087931234754,0.0,0.09745615054013242,0.3034034150307817
homosapiens_telencephalon_2019_10x3v2_velascosilvia_001_d10_1038_s41586_019_1289_x|homosapiens_telencephalon_2019_10x3v2_velascosilvia_001_d10_1038_s41586_019_1289_x11,7975,166,"Velasco, 2019","Velasco, 2019 (doi: 10.1038/s41586-019-1289-x)",guided,11a,0.09416927899686521,0.53141065830721,0.37416927899686525,0.0,0.1850783699059561,0.0,0.0,0.006896551724137931,0.26858934169279,0.0,0.18169278996865204,0.00025078369905956113,0.0,0.0,0.0,0.0022570532915360503,0.0011285266457680251,0.007398119122257053,0.0,0.08501567398119123,0.26169278996865203
homosapiens_telencephalon_2019_10x3v2_velascosilvia_001_d10_1038_s41586_019_1289_x|homosapiens_telencephalon_2019_10x3v2_velascosilvia_001_d10_1038_s41586_019_1289_x12,7324,166,"Velasco, 2019","Velasco, 2019 (doi: 10.1038/s41586-019-1289-x)",guided,11a,0.08574549426542873,0.5901146914254506,0.3241398143091207,0.0,0.1309393773894047,0.0,0.0,0.006280720917531403,0.3050245767340251,0.0,0.1854178044784271,0.0,0.0,0.0,0.0,0.002594210813762971,0.0,0.007782632441288913,0.0,0.07687056253413435,0.2850901146914255
homosapiens_telencephalon_2019_10x3v2_velascosilvia_002_d10_1038_s41586_019_1289_x|homosapiens_telencephalon_2019_10x3v2_velascosilvia_002_d10_1038_s41586_019_1289_x13,5352,190,"Velasco, 2019","Velasco, 2019 (doi: 10.1038/s41586-019-1289-x)",guided,8330-iPS-8,0.18105381165919282,0.4359118086696561,0.3806053811659193,0.0,0.17694319880418535,0.0,0.0,0.02952167414050822,0.10108370702541106,0.0,0.2008594917787743,0.002242152466367713,0.0,0.0001868460388639761,0.0,0.05437219730941704,0.0005605381165919282,0.002802690582959641,0.0,0.09715994020926756,0.3342675635276532
homosapiens_telencephalon_2019_10x3v2_velascosilvia_002_d10_1038_s41586_019_1289_x|homosapiens_telencephalon_2019_10x3v2_velascosilvia_002_d10_1038_s41586_019_1289_x14,5113,190,"Velasco, 2019","Velasco, 2019 (doi: 10.1038/s41586-019-1289-x)",guided,8330-iPS-8,0.19968707216898102,0.42245257187561114,0.3753178173283786,0.0,0.18345394093487188,0.00019557989438685703,0.00019557989438685703,0.03950713866614512,0.1069822022296108,0.0,0.18853901818893018,0.0021513788382554275,0.0,0.00019557989438685703,0.0,0.07079992176804224,0.00039115978877371407,0.0033248582045765696,0.0,0.08918443184040681,0.31507920985722665
homosapiens_telencephalon_2019_10x3v2_velascosilvia_002_d10_1038_s41586_019_1289_x|homosapiens_telencephalon_2019_10x3v2_velascosilvia_002_d10_1038_s41586_019_1289_x15,3802,190,"Velasco, 2019","Velasco, 2019 (doi: 10.1038/s41586-019-1289-x)",guided,8330-iPS-8,0.2430299842188322,0.3611257233035245,0.3890057864281957,0.0,0.1883219358232509,0.0,0.0,0.02472382956338769,0.06391372961599158,0.0,0.199105733824303,0.006575486586007364,0.0,0.0002630194634402946,0.0,0.0970541820094687,0.0002630194634402946,0.0015781167806417674,0.0,0.1212519726459758,0.2969489742240926
homosapiens_telencephalon_2019_10x3v2_velascosilvia_003_d10_1038_s41586_019_1289_x|homosapiens_telencephalon_2019_10x3v2_velascosilvia_003_d10_1038_s41586_019_1289_x7,9957,109,"Velasco, 2019","Velasco, 2019 (doi: 10.1038/s41586-019-1289-x)",guided,HUES 66,0.08516621472331024,0.8086773124435072,0.10585517726222757,0.0,0.008637139700713066,0.0,0.00923973084262328,0.05061765592045797,0.7914030330420809,0.0,0.09721803756151451,0.00030129557095510696,0.0,0.0,0.0,0.015265642261725419,0.0018077734257306419,0.0,0.0,0.010043185698503565,0.01546650597569549
homosapiens_telencephalon_2019_10x3v2_velascosilvia_003_d10_1038_s41586_019_1289_x|homosapiens_telencephalon_2019_10x3v2_velascosilvia_003_d10_1038_s41586_019_1289_x8,9629,109,"Velasco, 2019","Velasco, 2019 (doi: 10.1038/s41586-019-1289-x)",guided,HUES 66,0.0923252674213314,0.8091182885034792,0.09689479696749402,0.0,0.016928029909647938,0.0013500882750025964,0.0077889708173226714,0.0528611486135632,0.792813376259217,0.0,0.07996676705784608,0.00031155883269290684,0.0,0.0,0.0,0.01775885346349569,0.0022847647730813167,0.0,0.0,0.013916294526949839,0.014020147471180808
homosapiens_telencephalon_2019_10x3v2_velascosilvia_003_d10_1038_s41586_019_1289_x|homosapiens_telencephalon_2019_10x3v2_velascosilvia_003_d10_1038_s41586_019_1289_x9,11460,109,"Velasco, 2019","Velasco, 2019 (doi: 10.1038/s41586-019-1289-x)",guided,HUES 66,0.11823734729493891,0.8227748691099477,0.051832460732984295,0.0,0.002006980802792321,0.00034904013961605586,0.01474694589877836,0.07600349040139616,0.8176265270506108,0.0,0.04982547993019197,0.006806282722513089,0.0,0.0,0.0,0.026788830715532286,0.00462478184991274,0.0,0.0,0.0006980802792321117,0.0005235602094240838
homosapiens_telencephalon_2019_10x3v2_velascosilvia_004_d10_1038_s41586_019_1289_x|homosapiens_telencephalon_2019_10x3v2_velascosilvia_004_d10_1038_s41586_019_1289_x4,8386,113,"Velasco, 2019","Velasco, 2019 (doi: 10.1038/s41586-019-1289-x)",guided,GM23338,0.10076317672310994,0.8317433818268543,0.0552110660624851,0.0,0.001550202718817076,0.0010732172668733604,0.007989506320057238,0.07250178869544478,0.8198187455282614,0.0,0.05366086334366802,0.01120915812067732,0.0,0.0,0.0,0.02027188170760792,0.011924636298592892,0.0,0.0,0.0,0.0
homosapiens_telencephalon_2019_10x3v2_velascosilvia_004_d10_1038_s41586_019_1289_x|homosapiens_telencephalon_2019_10x3v2_velascosilvia_004_d10_1038_s41586_019_1289_x5,7195,113,"Velasco, 2019","Velasco, 2019 (doi: 10.1038/s41586-019-1289-x)",guided,GM23338,0.08144544822793606,0.8266851980542043,0.0501737317581654,0.0,0.0001389854065323141,0.0,0.004169562195969423,0.06393328700486449,0.8183460736622654,0.0,0.049895760945100766,0.03947185545517721,0.0022237665045170257,0.0,0.0,0.012091730368311328,0.001250868658790827,0.0001389854065323141,0.0,0.001250868658790827,0.00708825573314802
homosapiens_telencephalon_2019_10x3v2_velascosilvia_004_d10_1038_s41586_019_1289_x|homosapiens_telencephalon_2019_10x3v2_velascosilvia_004_d10_1038_s41586_019_1289_x6,10371,113,"Velasco, 2019","Velasco, 2019 (doi: 10.1038/s41586-019-1289-x)",guided,GM23338,0.06961720181274708,0.8592228328994311,0.05110404011185035,0.0,0.0004821135859608524,0.0005785363031530228,0.003181949667341626,0.054285989779191975,0.8575836467071642,0.0,0.050621926525889496,0.019477388872818437,0.0,0.0,0.0,0.011570726063060458,0.0003856908687686819,0.0,0.0,0.0005785363031530228,0.0012534953234982161
homosapiens_telencephalon_2019_10x3v2_velascosilvia_005_d10_1038_s41586_019_1289_x|homosapiens_telencephalon_2019_10x3v2_velascosilvia_005_d10_1038_s41586_019_1289_x1,5530,101,"Velasco, 2019","Velasco, 2019 (doi: 10.1038/s41586-019-1289-x)",guided,GM23338,0.07938517179023508,0.8656419529837251,0.05443037974683544,0.0,0.00108499095840868,0.0,0.017721518987341773,0.056962025316455694,0.8650994575045208,0.0,0.05334538878842676,0.0,0.00054249547920434,0.0,0.0,0.004701627486437613,0.00054249547920434,0.0,0.0,0.0,0.0
homosapiens_telencephalon_2019_10x3v2_velascosilvia_005_d10_1038_s41586_019_1289_x|homosapiens_telencephalon_2019_10x3v2_velascosilvia_005_d10_1038_s41586_019_1289_x2,6382,101,"Velasco, 2019","Velasco, 2019 (doi: 10.1038/s41586-019-1289-x)",guided,GM23338,0.05734879348166719,0.8586649952992792,0.08382952052648072,0.0,0.003760576621748668,0.0,0.01347539956126606,0.03917267314321529,0.857724851143842,0.0,0.08006894390473206,0.00015669069257286117,0.0,0.0,0.0,0.004387339392040113,0.000940144155437167,0.0,0.0,0.00031338138514572234,0.0
homosapiens_telencephalon_2019_10x3v2_velascosilvia_005_d10_1038_s41586_019_1289_x|homosapiens_telencephalon_2019_10x3v2_velascosilvia_005_d10_1038_s41586_019_1289_x3,4668,101,"Velasco, 2019","Velasco, 2019 (doi: 10.1038/s41586-019-1289-x)",guided,GM23338,0.060197086546700945,0.8485432733504712,0.09125964010282776,0.0,0.0021422450728363325,0.0,0.018851756640959727,0.037060839760068555,0.8476863753213367,0.0,0.08911739502999143,0.0,0.0,0.0,0.0,0.003641816623821765,0.0006426735218508997,0.0,0.0,0.0006426735218508997,0.00021422450728363326
homosapiens_telencephalon_2019_10x3v2_velascosilvia_006_d10_1038_s41586_019_1289_x|homosapiens_telencephalon_2019_10x3v2_velascosilvia_006_d10_1038_s41586_019_1289_x19,7721,166,"Velasco, 2019","Velasco, 2019 (doi: 10.1038/s41586-019-1289-x)",guided,GM23338,0.13417951042611062,0.44372490610024606,0.3705478564952726,0.0,0.13560419634762336,0.0,0.0,0.015153477528817511,0.34593964512368863,0.0006475845097785261,0.2304105685791996,0.04986400725294651,0.0,0.0010361352156456418,0.0,0.02033415360704572,0.0007771014117342313,0.004533091568449683,0.0,0.09869187929024738,0.09700815956482321
homosapiens_telencephalon_2019_10x3v2_velascosilvia_006_d10_1038_s41586_019_1289_x|homosapiens_telencephalon_2019_10x3v2_velascosilvia_006_d10_1038_s41586_019_1289_x20,6101,166,"Velasco, 2019","Velasco, 2019 (doi: 10.1038/s41586-019-1289-x)",guided,GM23338,0.10408129814784461,0.367152925749877,0.4831994754958204,0.0,0.2196361252253729,0.00016390755613833797,0.0,0.011801344041960335,0.30240944107523354,0.0034420586789050975,0.2391411244058351,0.04163251925913784,0.0,0.00032781511227667593,0.0,0.0457302081625963,0.0032781511227667594,0.02442222586461236,0.0,0.046549745943287986,0.06146533355187674
homosapiens_telencephalon_2019_10x3v2_velascosilvia_006_d10_1038_s41586_019_1289_x|homosapiens_telencephalon_2019_10x3v2_velascosilvia_006_d10_1038_s41586_019_1289_x21,10364,166,"Velasco, 2019","Velasco, 2019 (doi: 10.1038/s41586-019-1289-x)",guided,GM23338,0.7693940563489,0.00038595137012736397,0.0,0.0,0.0,0.0,0.0,0.0,0.0,0.2302199922809726,0.0,0.0,0.0,0.0,0.0,0.7693940563489,0.00038595137012736397,0.0,0.0,0.0,0.0
homosapiens_telencephalon_2019_10x3v2_velascosilvia_007_d10_1038_s41586_019_1289_x|homosapiens_telencephalon_2019_10x3v2_velascosilvia_007_d10_1038_s41586_019_1289_x16,8025,166,"Velasco, 2019","Velasco, 2019 (doi: 10.1038/s41586-019-1289-x)",guided,GM23338,0.11638629283489098,0.38404984423676014,0.49781931464174456,0.0,0.32697819314641746,0.0,0.0,0.018816199376947042,0.2570716510903427,0.0,0.15601246105919003,0.00012461059190031152,0.0016199376947040498,0.0,0.0,0.003738317757009346,0.00037383177570093456,0.014828660436137071,0.0,0.09383177570093458,0.1266043613707165
homosapiens_telencephalon_2019_10x3v2_velascosilvia_007_d10_1038_s41586_019_1289_x|homosapiens_telencephalon_2019_10x3v2_velascosilvia_007_d10_1038_s41586_019_1289_x17,6031,166,"Velasco, 2019","Velasco, 2019 (doi: 10.1038/s41586-019-1289-x)",guided,GM23338,0.10843972807162991,0.37705189852429116,0.5145083734040788,0.0,0.3563256508041784,0.0,0.000165809981760902,0.00994859890565412,0.23893218371745978,0.0,0.14558116398607196,0.0,0.0,0.0,0.0,0.002652959708174432,0.001160669872326314,0.012601558613828553,0.0,0.09567235947604046,0.13695904493450506
homosapiens_telencephalon_2019_10x3v2_velascosilvia_007_d10_1038_s41586_019_1289_x|homosapiens_telencephalon_2019_10x3v2_velascosilvia_007_d10_1038_s41586_019_1289_x18,6225,166,"Velasco, 2019","Velasco, 2019 (doi: 10.1038/s41586-019-1289-x)",guided,GM23338,0.09076305220883533,0.396144578313253,0.5129317269076306,0.0,0.37333333333333335,0.0,0.000321285140562249,0.013815261044176706,0.2918875502008032,0.0,0.12546184738955823,0.0001606425702811245,0.0,0.0,0.0,0.004016064257028112,0.0,0.014136546184738957,0.0,0.07261044176706827,0.1042570281124498
homosapiens_telencephalon_2022_10x3v2_paulsenbruna_001_d10_1038_s41586_021_04358_6|homosapiens_telencephalon_2022_10x3v2_paulsenbruna_001_d10_1038_s41586_021_04358_6GMmap_1,5396,32,"Paulsen, 2022","Velasco, 2019 (doi: 10.1038/s41586-019-1289-x)",guided,GM08330,0.0340993328391401,0.11304670126019273,0.0,0.0,0.0,0.8528539659006672,0.0005559673832468495,0.007227575982209044,0.008710155670867309,0.0,0.0,0.0,0.0,0.0,0.0,0.026130467012601927,0.10415122312824314,0.0,0.0,0.00018532246108228317,0.00018532246108228317
homosapiens_telencephalon_2022_10x3v2_paulsenbruna_001_d10_1038_s41586_021_04358_6|homosapiens_telencephalon_2022_10x3v2_paulsenbruna_001_d10_1038_s41586_021_04358_6GMmap_2,6375,32,"Paulsen, 2022","Velasco, 2019 (doi: 10.1038/s41586-019-1289-x)",guided,GM08330,0.038431372549019606,0.09411764705882353,0.0,0.0,0.0,0.8672941176470588,0.00015686274509803922,0.010980392156862745,0.005647058823529412,0.0,0.0,0.00015686274509803922,0.0,0.0,0.0,0.027137254901960783,0.08847058823529412,0.0,0.0,0.00015686274509803922,0.0
homosapiens_telencephalon_2022_10x3v2_paulsenbruna_001_d10_1038_s41586_021_04358_6|homosapiens_telencephalon_2022_10x3v2_paulsenbruna_001_d10_1038_s41586_021_04358_6GMmap_3,5494,32,"Paulsen, 2022","Velasco, 2019 (doi: 10.1038/s41586-019-1289-x)",guided,GM08330,0.015289406625409537,0.13523844193665815,0.0,0.00018201674554058973,0.0,0.8491081179468511,0.0007280669821623589,0.0063705860939206405,0.0029122679286494356,0.0,0.0,0.00018201674554058973,0.0,0.0,0.00018201674554058973,0.008190753549326538,0.13232617400800872,0.0,0.0,0.0,0.0
homosapiens_telencephalon_2022_10x3v2_paulsenbruna_001_d10_1038_s41586_021_04358_6|homosapiens_telencephalon_2022_10x3v2_paulsenbruna_001_d10_1038_s41586_021_04358_6GMmap_4,7395,98,"Paulsen, 2022","Velasco, 2019 (doi: 10.1038/s41586-019-1289-x)",guided,GM08330,0.12183908045977011,0.8216362407031779,0.05652467883705206,0.0,0.001757944557133198,0.0,0.021636240703177823,0.09452332657200811,0.8216362407031779,0.0,0.05476673427991886,0.0,0.0,0.0,0.0,0.005544286680189317,0.0,0.0,0.0,0.0001352265043948614,0.0
homosapiens_telencephalon_2022_10x3v2_paulsenbruna_001_d10_1038_s41586_021_04358_6|homosapiens_telencephalon_2022_10x3v2_paulsenbruna_001_d10_1038_s41586_021_04358_6GMmap_5,7660,98,"Paulsen, 2022","Velasco, 2019 (doi: 10.1038/s41586-019-1289-x)",guided,GM08330,0.12232375979112271,0.8018276762402089,0.07558746736292428,0.0,0.0006527415143603133,0.00013054830287206266,0.024281984334203654,0.09138381201044386,0.8016971279373368,0.0,0.07493472584856396,0.00013054830287206266,0.0,0.0,0.0,0.006657963446475196,0.00013054830287206266,0.0,0.0,0.0,0.0
homosapiens_telencephalon_2022_10x3v2_paulsenbruna_001_d10_1038_s41586_021_04358_6|homosapiens_telencephalon_2022_10x3v2_paulsenbruna_001_d10_1038_s41586_021_04358_6GMmap_6,8088,98,"Paulsen, 2022","Velasco, 2019 (doi: 10.1038/s41586-019-1289-x)",guided,GM08330,0.11819980217606332,0.8051434223541049,0.076162215628091,0.0,0.0034619188921859545,0.00012363996043521266,0.016320474777448073,0.09421364985163205,0.8050197823936697,0.0,0.07270029673590504,0.000370919881305638,0.0,0.0,0.0,0.007542037586547972,0.0,0.0,0.0,0.00012363996043521266,0.00012363996043521266
homosapiens_telencephalon_2022_10x3v3_kelavaiva_001_d10_1038_s41586_021_04330_4|homosapiens_telencephalon_2022_10x3v3_kelavaiva_001_d10_1038_s41586_021_04330_4control_1,1509,35,"Kelava, 2022","Pellegrini, 2020 (doi: 10.1126/science.aaz5626); hCO",guided,WA09,0.3856858846918489,0.09609012591119946,0.0,0.0,0.0,0.5182239893969516,0.0033134526176275677,0.30019880715705766,0.06494367130550033,0.0,0.0,0.0,0.0,0.0,0.0,0.08217362491716368,0.030483764082173626,0.0,0.0,0.0,0.0006626905235255136
homosapiens_telencephalon_2022_10x3v3_kelavaiva_001_d10_1038_s41586_021_04330_4|homosapiens_telencephalon_2022_10x3v3_kelavaiva_001_d10_1038_s41586_021_04330_4control_2,1249,35,"Kelava, 2022","Pellegrini, 2020 (doi: 10.1126/science.aaz5626); hCO",guided,WA09,0.5636509207365893,0.11048839071257005,0.0,0.0,0.0,0.32425940752602084,0.009607686148919135,0.4275420336269015,0.09207365892714171,0.0016012810248198558,0.0,0.0,0.0,0.0,0.0,0.1265012009607686,0.018414731785428344,0.0,0.0,0.0,0.0
homosapiens_telencephalon_2022_10x3v3_paulsenbruna_002_d10_1038_s41586_021_04358_6|homosapiens_telencephalon_2022_10x3v3_paulsenbruna_002_d10_1038_s41586_021_04358_6Mito210map_7,2356,178,"Paulsen, 2022","Velasco, 2019 (doi: 10.1038/s41586-019-1289-x)",guided,custom_Mito 210,0.06239388794567063,0.08106960950764006,0.8565365025466892,0.0,0.6689303904923599,0.0,0.0,0.0021222410865874364,0.0730050933786078,0.0,0.1867572156196944,0.0,0.0,0.0,0.0,0.00042444821731748726,0.0,0.0008488964346349745,0.0,0.05984719864176571,0.008064516129032258
homosapiens_telencephalon_2022_10x3v3_paulsenbruna_002_d10_1038_s41586_021_04358_6|homosapiens_telencephalon_2022_10x3v3_paulsenbruna_002_d10_1038_s41586_021_04358_6Mito210map_8,1745,178,"Paulsen, 2022","Velasco, 2019 (doi: 10.1038/s41586-019-1289-x)",guided,custom_Mito 210,0.04126074498567335,0.07621776504297995,0.8825214899713467,0.0,0.6951289398280802,0.0,0.0005730659025787965,0.0040114613180515755,0.07392550143266476,0.0,0.1856733524355301,0.0,0.0,0.0,0.0,0.001146131805157593,0.0,0.0017191977077363897,0.0,0.03553008595988539,0.002292263610315186
homosapiens_telencephalon_2022_10x3v3_paulsenbruna_002_d10_1038_s41586_021_04358_6|homosapiens_telencephalon_2022_10x3v3_paulsenbruna_002_d10_1038_s41586_021_04358_6Mito210map_9,1590,178,"Paulsen, 2022","Velasco, 2019 (doi: 10.1038/s41586-019-1289-x)",guided,custom_Mito 210,0.04905660377358491,0.06855345911949685,0.881132075471698,0.0,0.7031446540880503,0.0,0.0006289308176100629,0.0006289308176100629,0.06477987421383648,0.0,0.17735849056603772,0.0012578616352201257,0.0,0.0,0.0,0.0006289308176100629,0.0,0.0006289308176100629,0.0,0.04716981132075472,0.0037735849056603774
homosapiens_telencephalon_2022_10x3v3_paulsenbruna_003_d10_1038_s41586_021_04358_6|homosapiens_telencephalon_2022_10x3v3_paulsenbruna_003_d10_1038_s41586_021_04358_6CHD8_12,4112,108,"Paulsen, 2022","Velasco, 2019 (doi: 10.1038/s41586-019-1289-x)",guided,GM08330,0.11892023346303501,0.7765077821011673,0.10384241245136186,0.0,0.0014591439688715954,0.00024319066147859923,0.02164396887159533,0.0907101167315175,0.7740758754863813,0.0,0.10238326848249027,0.00048638132295719845,0.0,0.0,0.0,0.00632295719844358,0.00024319066147859923,0.0,0.0,0.00024319066147859923,0.002188715953307393
homosapiens_telencephalon_2022_10x3v3_paulsenbruna_003_d10_1038_s41586_021_04358_6|homosapiens_telencephalon_2022_10x3v3_paulsenbruna_003_d10_1038_s41586_021_04358_6CHD8_13,4545,108,"Paulsen, 2022","Velasco, 2019 (doi: 10.1038/s41586-019-1289-x)",guided,GM08330,0.1295929592959296,0.7661166116611661,0.10385038503850386,0.0,0.00286028602860286,0.00022002200220022002,0.024642464246424644,0.0932893289328933,0.7654565456545654,0.0,0.10077007700770077,0.00022002200220022002,0.0,0.0,0.0,0.011661166116611662,0.0,0.00022002200220022002,0.0,0.0,0.0006600660066006601
homosapiens_telencephalon_2022_10x3v3_paulsenbruna_003_d10_1038_s41586_021_04358_6|homosapiens_telencephalon_2022_10x3v3_paulsenbruna_003_d10_1038_s41586_021_04358_6CHD8_14,5042,108,"Paulsen, 2022","Velasco, 2019 (doi: 10.1038/s41586-019-1289-x)",guided,GM08330,0.12594208647362157,0.7782625942086473,0.09500198333994447,0.0,0.002380007933359778,0.00019833399444664816,0.025386751289170964,0.09401031336771122,0.7774692582308608,0.0,0.09242364141213805,0.0005950019833399445,0.0,0.0,0.0,0.006346687822292741,0.0003966679888932963,0.00019833399444664816,0.0,0.00019833399444664816,0.0003966679888932963
homosapiens_telencephalon_2022_10x3v3_paulsenbruna_004_d10_1038_s41586_021_04358_6|homosapiens_telencephalon_2022_10x3v3_paulsenbruna_004_d10_1038_s41586_021_04358_6CHD8_18,4010,108,"Paulsen, 2022","Velasco, 2019 (doi: 10.1038/s41586-019-1289-x)",guided,GM08330,0.1566084788029925,0.7598503740648379,0.08254364089775561,0.0,0.0032418952618453864,0.00024937655860349125,0.02344139650872818,0.114214463840399,0.7591022443890274,0.0,0.07930174563591022,0.0007481296758104738,0.0,0.0,0.0,0.018703241895261846,0.0,0.0,0.0,0.00024937655860349125,0.0007481296758104738
homosapiens_telencephalon_2022_10x3v3_paulsenbruna_004_d10_1038_s41586_021_04358_6|homosapiens_telencephalon_2022_10x3v3_paulsenbruna_004_d10_1038_s41586_021_04358_6CHD8_19,3561,108,"Paulsen, 2022","Velasco, 2019 (doi: 10.1038/s41586-019-1289-x)",guided,GM08330,0.12973883740522324,0.7823645043527099,0.08761583824768325,0.0,0.0053355798932884025,0.0,0.012636899747262006,0.09660207806795844,0.7247964055040719,0.0,0.08199943836001124,0.0002808199943836001,0.0,0.0,0.0,0.011232799775344004,0.0016849199663016006,0.0002808199943836001,0.0,0.009267059814658803,0.055883178882336425
homosapiens_telencephalon_2022_10x3v3_paulsenbruna_004_d10_1038_s41586_021_04358_6|homosapiens_telencephalon_2022_10x3v3_paulsenbruna_004_d10_1038_s41586_021_04358_6CHD8_20,4475,108,"Paulsen, 2022","Velasco, 2019 (doi: 10.1038/s41586-019-1289-x)",guided,GM08330,0.14860335195530727,0.7709497206703911,0.0782122905027933,0.0,0.0033519553072625698,0.000670391061452514,0.01877094972067039,0.11016759776536313,0.766927374301676,0.000223463687150838,0.07486033519553073,0.001340782122905028,0.0,0.0,0.0,0.019664804469273742,0.004022346368715084,0.0,0.0,0.0,0.0
homosapiens_telencephalon_2022_10x3v3_paulsenbruna_005_d10_1038_s41586_021_04358_6|homosapiens_telencephalon_2022_10x3v3_paulsenbruna_005_d10_1038_s41586_021_04358_6CHD8_24,5696,105,"Paulsen, 2022","Velasco, 2019 (doi: 10.1038/s41586-019-1289-x)",guided,WA01,0.07285814606741572,0.8196980337078652,0.1072682584269663,0.0,0.0008778089887640449,0.00017556179775280898,0.008075842696629214,0.059691011235955056,0.8195224719101124,0.0,0.10639044943820225,0.0,0.0,0.0,0.0,0.0049157303370786515,0.0,0.0,0.0,0.00017556179775280898,0.00017556179775280898
homosapiens_telencephalon_2022_10x3v3_paulsenbruna_005_d10_1038_s41586_021_04358_6|homosapiens_telencephalon_2022_10x3v3_paulsenbruna_005_d10_1038_s41586_021_04358_6CHD8_25,7036,105,"Paulsen, 2022","Velasco, 2019 (doi: 10.1038/s41586-019-1289-x)",guided,WA01,0.06807845366685616,0.8305855599772598,0.10133598635588402,0.0,0.0007106310403638431,0.0,0.006395679363274588,0.05557134735645253,0.8290221716884594,0.0,0.10062535531552018,0.0,0.0,0.0,0.0,0.005685048322910745,0.0005685048322910744,0.0,0.0,0.00042637862421830583,0.0009948834565093804
homosapiens_telencephalon_2022_10x3v3_paulsenbruna_005_d10_1038_s41586_021_04358_6|homosapiens_telencephalon_2022_10x3v3_paulsenbruna_005_d10_1038_s41586_021_04358_6CHD8_26,6647,105,"Paulsen, 2022","Velasco, 2019 (doi: 10.1038/s41586-019-1289-x)",guided,WA01,0.07371746652625245,0.7993079584775086,0.1269745749962389,0.0,0.0022566571385587483,0.0,0.010079735218895743,0.04362870467880247,0.7341657890777794,0.0,0.1245674740484429,0.0,0.0,0.0,0.0,0.005115089514066497,0.0,0.00015044380923724988,0.0,0.014893937114487738,0.06514216939972921
homosapiens_telencephalon_2022_10x3v3_paulsenbruna_007_d10_1038_s41586_021_04358_6|homosapiens_telencephalon_2022_10x3v3_paulsenbruna_007_d10_1038_s41586_021_04358_6CHD8_7,6065,107,"Paulsen, 2022","Velasco, 2019 (doi: 10.1038/s41586-019-1289-x)",guided,HUES 66,0.05770816158285244,0.8344600164880461,0.10535861500412201,0.0,0.001483924154987634,0.00247320692497939,0.015828524319868097,0.0403957131079967,0.8339653751030502,0.0,0.10387469084913438,0.0,0.0,0.0,0.0,0.0013190436933223414,0.00032976092333058534,0.0,0.0,0.00016488046166529267,0.00016488046166529267
homosapiens_telencephalon_2022_10x3v3_paulsenbruna_007_d10_1038_s41586_021_04358_6|homosapiens_telencephalon_2022_10x3v3_paulsenbruna_007_d10_1038_s41586_021_04358_6CHD8_8,5730,107,"Paulsen, 2022","Velasco, 2019 (doi: 10.1038/s41586-019-1289-x)",guided,HUES 66,0.054973821989528805,0.8296684118673647,0.11535776614310646,0.0,0.002443280977312391,0.0,0.012565445026178011,0.04031413612565445,0.8279232111692845,0.0,0.11291448516579407,0.0,0.0,0.0,0.0,0.0013961605584642235,0.0015706806282722514,0.0,0.0,0.0006980802792321117,0.00017452006980802793
homosapiens_telencephalon_2022_10x3v3_paulsenbruna_007_d10_1038_s41586_021_04358_6|homosapiens_telencephalon_2022_10x3v3_paulsenbruna_007_d10_1038_s41586_021_04358_6CHD8_9,5863,107,"Paulsen, 2022","Velasco, 2019 (doi: 10.1038/s41586-019-1289-x)",guided,HUES 66,0.044175336858263685,0.850076752515777,0.10148388197168685,0.0,0.0028995394849053386,0.0034112229234180454,0.008528057308545113,0.03172437318778782,0.8497356302234351,0.0,0.09858434248678151,0.0008528057308545113,0.0,0.0,0.0,0.0035817840695889476,0.00034112229234180454,0.0,0.0,0.00034112229234180454,0.0
homosapiens_telencephalon_2022_10x3v3_paulsenbruna_008_d10_1038_s41586_021_04358_6|homosapiens_telencephalon_2022_10x3v3_paulsenbruna_008_d10_1038_s41586_021_04358_6CHD8_30,5940,190,"Paulsen, 2022","Velasco, 2019 (doi: 10.1038/s41586-019-1289-x)",guided,HUES 66,0.08215488215488215,0.38905723905723905,0.5284511784511785,0.0,0.384006734006734,0.00016835016835016836,0.00016835016835016836,0.005218855218855219,0.2324915824915825,0.0,0.12558922558922558,0.00016835016835016836,0.0,0.0,0.0,0.00404040404040404,0.000505050505050505,0.018855218855218854,0.0,0.07272727272727272,0.15606060606060607
homosapiens_telencephalon_2022_10x3v3_paulsenbruna_008_d10_1038_s41586_021_04358_6|homosapiens_telencephalon_2022_10x3v3_paulsenbruna_008_d10_1038_s41586_021_04358_6CHD8_31,7333,190,"Paulsen, 2022","Velasco, 2019 (doi: 10.1038/s41586-019-1289-x)",guided,HUES 66,0.07173053320605483,0.3717441701895541,0.5557070775944362,0.0,0.4125187508523115,0.0,0.0,0.002727396699849993,0.201690985953907,0.0,0.1221873721532797,0.0006818491749624983,0.0,0.00013636983499249966,0.0,0.003545615709804991,0.0009545888449474976,0.021000954588844947,0.0,0.06545752079639984,0.16909859539069957
homosapiens_telencephalon_2022_10x3v3_paulsenbruna_008_d10_1038_s41586_021_04358_6|homosapiens_telencephalon_2022_10x3v3_paulsenbruna_008_d10_1038_s41586_021_04358_6CHD8_32,5063,190,"Paulsen, 2022","Velasco, 2019 (doi: 10.1038/s41586-019-1289-x)",guided,HUES 66,0.06695634999012444,0.3361643294489433,0.5968793205609323,0.0,0.4704720521429982,0.0,0.0,0.002567647639739285,0.21647244716571204,0.0,0.11001382579498321,0.0,0.0,0.0,0.0,0.0021726249259332413,0.0007900454276120877,0.01639344262295082,0.0,0.062216077424451906,0.1189018368556192
homosapiens_telencephalon_2022_10x3v3_paulsenbruna_009_d10_1038_s41586_021_04358_6|homosapiens_telencephalon_2022_10x3v3_paulsenbruna_009_d10_1038_s41586_021_04358_6SUV_7,7894,36,"Paulsen, 2022","Velasco, 2019 (doi: 10.1038/s41586-019-1289-x)",guided,GM23338,0.7805928553331644,0.215733468457056,0.0,0.0,0.0,0.002153534329870788,0.04066379528756017,0.7322016721560679,0.20724600962756523,0.0001266784899923993,0.0,0.001393463389916392,0.0,0.0,0.0,0.0077273878895363565,0.008487458829490752,0.0,0.0,0.0,0.0
homosapiens_telencephalon_2022_10x3v3_paulsenbruna_009_d10_1038_s41586_021_04358_6|homosapiens_telencephalon_2022_10x3v3_paulsenbruna_009_d10_1038_s41586_021_04358_6SUV_8,4922,36,"Paulsen, 2022","Velasco, 2019 (doi: 10.1038/s41586-019-1289-x)",guided,GM23338,0.7830150345388054,0.21454693214140594,0.0,0.0,0.0,0.0008126777732629012,0.03880536367330353,0.7352702153596099,0.2013409183258838,0.0,0.0,0.0016253555465258025,0.0,0.0,0.0,0.008939455505891914,0.01300284437220642,0.0,0.0,0.0,0.0002031694433157253
homosapiens_telencephalon_2022_10x3v3_paulsenbruna_009_d10_1038_s41586_021_04358_6|homosapiens_telencephalon_2022_10x3v3_paulsenbruna_009_d10_1038_s41586_021_04358_6SUV_9,7552,36,"Paulsen, 2022","Velasco, 2019 (doi: 10.1038/s41586-019-1289-x)",guided,GM23338,0.7861493644067796,0.21239406779661016,0.0,0.0,0.0,0.0014565677966101695,0.03840042372881356,0.7331832627118644,0.19676906779661016,0.0,0.0,0.0,0.0,0.0,0.0,0.014565677966101694,0.015492584745762712,0.0,0.0,0.0,0.00013241525423728814
homosapiens_telencephalon_2022_10x3v3_paulsenbruna_010_d10_1038_s41586_021_04358_6|homosapiens_telencephalon_2022_10x3v3_paulsenbruna_010_d10_1038_s41586_021_04358_6SUV_1,5946,28,"Paulsen, 2022","Velasco, 2019 (doi: 10.1038/s41586-019-1289-x)",guided,custom_Mito 210,0.6528758829465187,0.3266061217625294,0.0,0.0,0.0,0.005213588967373024,0.014968045745038681,0.5480995627312479,0.20837537840565085,0.0,0.0,0.004877228388832829,0.0,0.010427177934746047,0.0,0.08964009418096199,0.11789438277833837,0.0,0.0,0.00016818028927009755,0.0003363605785401951
homosapiens_telencephalon_2022_10x3v3_paulsenbruna_010_d10_1038_s41586_021_04358_6|homosapiens_telencephalon_2022_10x3v3_paulsenbruna_010_d10_1038_s41586_021_04358_6SUV_2,8790,28,"Paulsen, 2022","Velasco, 2019 (doi: 10.1038/s41586-019-1289-x)",guided,custom_Mito 210,0.6408418657565416,0.3228668941979522,0.0,0.00022753128555176336,0.0,0.0027303754266211604,0.01820250284414107,0.5124004550625711,0.12514220705346984,0.0,0.0,0.004664391353811149,0.0,0.028668941979522185,0.00022753128555176336,0.11001137656427759,0.19704209328782707,0.0,0.0,0.00022753128555176336,0.0006825938566552901
homosapiens_telencephalon_2022_10x3v3_paulsenbruna_010_d10_1038_s41586_021_04358_6|homosapiens_telencephalon_2022_10x3v3_paulsenbruna_010_d10_1038_s41586_021_04358_6SUV_3,8311,28,"Paulsen, 2022","Velasco, 2019 (doi: 10.1038/s41586-019-1289-x)",guided,custom_Mito 210,0.74467573095897,0.2325833233064613,0.0,0.0001203224642040669,0.0,0.011791601491998557,0.01624353266754903,0.6332571291060041,0.1643604861027554,0.0,0.0,0.006617735531223679,0.0,0.004211286247142341,0.0001203224642040669,0.09505474672121285,0.06822283720370594,0.0,0.0,0.0001203224642040669,0.0
homosapiens_telencephalon_2022_10x3v3_paulsenbruna_011_d10_1038_s41586_021_04358_6|homosapiens_telencephalon_2022_10x3v3_paulsenbruna_011_d10_1038_s41586_021_04358_6SUV_18,3520,35,"Paulsen, 2022","Velasco, 2019 (doi: 10.1038/s41586-019-1289-x)",guided,custom_Mito 210,0.7332386363636364,0.25823863636363636,0.0,0.0,0.0,0.008522727272727272,0.03465909090909091,0.6585227272727273,0.16477272727272727,0.0,0.0,0.0,0.0,0.0,0.0,0.04005681818181818,0.09346590909090909,0.0,0.0,0.0,0.0
homosapiens_telencephalon_2022_10x3v3_paulsenbruna_011_d10_1038_s41586_021_04358_6|homosapiens_telencephalon_2022_10x3v3_paulsenbruna_011_d10_1038_s41586_021_04358_6SUV_19,4288,35,"Paulsen, 2022","Velasco, 2019 (doi: 10.1038/s41586-019-1289-x)",guided,custom_Mito 210,0.7397388059701493,0.24836753731343286,0.0,0.0,0.0,0.01189365671641791,0.04221082089552239,0.6527518656716418,0.14109141791044777,0.0,0.0,0.0,0.0,0.0,0.0,0.04477611940298507,0.1070429104477612,0.0,0.0,0.0,0.0002332089552238806
homosapiens_telencephalon_2022_10x3v3_paulsenbruna_011_d10_1038_s41586_021_04358_6|homosapiens_telencephalon_2022_10x3v3_paulsenbruna_011_d10_1038_s41586_021_04358_6SUV_20,4811,35,"Paulsen, 2022","Velasco, 2019 (doi: 10.1038/s41586-019-1289-x)",guided,custom_Mito 210,0.7391394720432343,0.2540012471419663,0.0,0.0,0.0,0.006859280814799418,0.03491997505716067,0.6584909582207441,0.17584701725213053,0.0,0.0,0.0,0.0,0.0,0.0,0.045520681770941596,0.0781542298898358,0.0,0.0,0.00020785699438786114,0.0
homosapiens_telencephalon_2022_10x3v3_paulsenbruna_012_d10_1038_s41586_021_04358_6|homosapiens_telencephalon_2022_10x3v3_paulsenbruna_012_d10_1038_s41586_021_04358_6SUV_24,5518,92,"Paulsen, 2022","Velasco, 2019 (doi: 10.1038/s41586-019-1289-x)",guided,custom_Mito 210,0.08137006161652773,0.8430590793765858,0.07557085900688655,0.0,0.0001812250815512867,0.0,0.026640086988039144,0.05219282348677057,0.8428778542950345,0.0,0.07538963392533526,0.0,0.0,0.0,0.0,0.0025371511417180137,0.0001812250815512867,0.0,0.0,0.0,0.0
homosapiens_telencephalon_2022_10x3v3_paulsenbruna_012_d10_1038_s41586_021_04358_6|homosapiens_telencephalon_2022_10x3v3_paulsenbruna_012_d10_1038_s41586_021_04358_6SUV_25,7231,92,"Paulsen, 2022","Velasco, 2019 (doi: 10.1038/s41586-019-1289-x)",guided,custom_Mito 210,0.09528419305766836,0.8427603374360393,0.061402295671414746,0.0,0.00041488037615820773,0.0,0.02198865993638501,0.0702530770294565,0.8419305766837228,0.0,0.06098741529525654,0.0005531738348776103,0.0,0.0,0.0,0.0030424560918268567,0.0008297607523164155,0.0,0.0,0.0,0.0
homosapiens_telencephalon_2022_10x3v3_paulsenbruna_012_d10_1038_s41586_021_04358_6|homosapiens_telencephalon_2022_10x3v3_paulsenbruna_012_d10_1038_s41586_021_04358_6SUV_26,6835,92,"Paulsen, 2022","Velasco, 2019 (doi: 10.1038/s41586-019-1289-x)",guided,custom_Mito 210,0.08763716166788588,0.8434528163862473,0.06861741038771031,0.0,0.0004389173372348208,0.0,0.02531089978054133,0.058522311631309436,0.8424286759326993,0.0,0.06817849305047549,0.0002926115581565472,0.0,0.0,0.0,0.003803950256035113,0.0010241404535479151,0.0,0.0,0.0,0.0
homosapiens_telencephalon_2022_10x3v3_paulsenbruna_013_d10_1038_s41586_021_04358_6|homosapiens_telencephalon_2022_10x3v3_paulsenbruna_013_d10_1038_s41586_021_04358_6SUV_30,1765,90,"Paulsen, 2022","Velasco, 2019 (doi: 10.1038/s41586-019-1289-x)",guided,custom_Mito 210,0.0821529745042493,0.8776203966005666,0.039093484419263455,0.0,0.0005665722379603399,0.0011331444759206798,0.02322946175637394,0.056657223796033995,0.8770538243626063,0.0,0.038526912181303115,0.0,0.0,0.0,0.0,0.0022662889518413596,0.0005665722379603399,0.0,0.0,0.0,0.0
homosapiens_telencephalon_2022_10x3v3_paulsenbruna_013_d10_1038_s41586_021_04358_6|homosapiens_telencephalon_2022_10x3v3_paulsenbruna_013_d10_1038_s41586_021_04358_6SUV_31,4522,90,"Paulsen, 2022","Velasco, 2019 (doi: 10.1038/s41586-019-1289-x)",guided,custom_Mito 210,0.09310039805395842,0.8586908447589563,0.04732419283502875,0.0,0.0008845643520566122,0.0006634232640424591,0.01813356921716055,0.07098628925254312,0.8584697036709421,0.0,0.04643962848297214,0.00022114108801415304,0.0,0.0,0.0,0.003980539584254755,0.00022114108801415304,0.0,0.0,0.0,0.0
homosapiens_telencephalon_2022_10x3v3_paulsenbruna_013_d10_1038_s41586_021_04358_6|homosapiens_telencephalon_2022_10x3v3_paulsenbruna_013_d10_1038_s41586_021_04358_6SUV_32,1711,90,"Paulsen, 2022","Velasco, 2019 (doi: 10.1038/s41586-019-1289-x)",guided,custom_Mito 210,0.061952074810052604,0.8562244301578025,0.08123904149620106,0.0,0.0005844535359438924,0.0,0.02571595558153127,0.03623611922852133,0.8562244301578025,0.0,0.08065458796025717,0.0005844535359438924,0.0,0.0,0.0,0.0,0.0,0.0,0.0,0.0,0.0
homosapiens_telencephalon_2022_10x3v3_paulsenbruna_014_d10_1038_s41586_021_04358_6|homosapiens_telencephalon_2022_10x3v3_paulsenbruna_014_d10_1038_s41586_021_04358_6SUV_12,5253,38,"Paulsen, 2022","Velasco, 2019 (doi: 10.1038/s41586-019-1289-x)",guided,custom_Mito 294,0.6502950694841043,0.34875309347039785,0.0,0.0,0.0,0.0,0.03464686845612031,0.5844279459356558,0.26784694460308395,0.0,0.0,0.0007614696363982486,0.0,0.00019036740909956216,0.0,0.0017133066818960593,0.02322482391014658,0.0,0.0,0.029506948410432134,0.05768132495716733
homosapiens_telencephalon_2022_10x3v3_paulsenbruna_014_d10_1038_s41586_021_04358_6|homosapiens_telencephalon_2022_10x3v3_paulsenbruna_014_d10_1038_s41586_021_04358_6SUV_13,4438,38,"Paulsen, 2022","Velasco, 2019 (doi: 10.1038/s41586-019-1289-x)",guided,custom_Mito 294,0.6257323118521857,0.37381703470031546,0.0,0.0,0.0,0.0002253267237494367,0.04146011716989635,0.5599369085173501,0.3046417305092384,0.0,0.0,0.0,0.0,0.0002253267237494367,0.0,0.0031545741324921135,0.025912573231185218,0.0,0.0,0.02118071203244705,0.043262730959891846
homosapiens_telencephalon_2022_10x3v3_paulsenbruna_014_d10_1038_s41586_021_04358_6|homosapiens_telencephalon_2022_10x3v3_paulsenbruna_014_d10_1038_s41586_021_04358_6SUV_14,5532,38,"Paulsen, 2022","Velasco, 2019 (doi: 10.1038/s41586-019-1289-x)",guided,custom_Mito 294,0.6973969631236442,0.29537237888647866,0.0,0.0,0.0,0.006507592190889371,0.04193781634128706,0.6319595083152567,0.2727765726681128,0.0,0.0,0.0007230657989877079,0.0,0.0,0.0,0.023499638467100507,0.021149674620390455,0.0,0.0,0.0,0.0014461315979754157
homosapiens_telencephalon_2022_10x3v3_paulsenbruna_015_d10_1038_s41586_021_04358_6|homosapiens_telencephalon_2022_10x3v3_paulsenbruna_015_d10_1038_s41586_021_04358_6ARID1B_1,9247,35,"Paulsen, 2022","Velasco, 2019 (doi: 10.1038/s41586-019-1289-x)",guided,custom_Mito 210,0.6465880826213907,0.27403482210446634,0.0,0.0,0.0,0.07786309073212934,0.013517897696550233,0.38715259002919866,0.0991672975018925,0.00043257272628960744,0.0,0.00021628636314480372,0.0,0.0008651454525792149,0.0,0.24591759489564183,0.17486752460257382,0.0,0.0,0.0,0.0
homosapiens_telencephalon_2022_10x3v3_paulsenbruna_015_d10_1038_s41586_021_04358_6|homosapiens_telencephalon_2022_10x3v3_paulsenbruna_015_d10_1038_s41586_021_04358_6ARID1B_2,5423,35,"Paulsen, 2022","Velasco, 2019 (doi: 10.1038/s41586-019-1289-x)",guided,custom_Mito 210,0.6745343905587314,0.3195648165222202,0.0,0.0,0.0,0.0049787940254471695,0.02470957034851558,0.6057532730960723,0.22164853402175919,0.0,0.0,0.0,0.0,0.0009219988936013276,0.0,0.0438871473354232,0.09607228471325835,0.0,0.0,0.00018439977872026554,0.0018439977872026553
homosapiens_telencephalon_2022_10x3v3_paulsenbruna_015_d10_1038_s41586_021_04358_6|homosapiens_telencephalon_2022_10x3v3_paulsenbruna_015_d10_1038_s41586_021_04358_6ARID1B_3,6624,35,"Paulsen, 2022","Velasco, 2019 (doi: 10.1038/s41586-019-1289-x)",guided,custom_Mito 210,0.695199275362319,0.2192028985507246,0.0,0.00015096618357487922,0.0,0.08529589371980677,0.022644927536231884,0.5596316425120773,0.13526570048309178,0.0,0.0,0.0,0.0,0.00015096618357487922,0.00015096618357487922,0.11277173913043478,0.07971014492753623,0.0,0.0,0.00015096618357487922,0.004227053140096618
homosapiens_telencephalon_2022_10x3v3_paulsenbruna_016_d10_1038_s41586_021_04358_6|homosapiens_telencephalon_2022_10x3v3_paulsenbruna_016_d10_1038_s41586_021_04358_6ARID1B_7,4033,35,"Paulsen, 2022","Velasco, 2019 (doi: 10.1038/s41586-019-1289-x)",guided,custom_Mito 210,0.6369947929580957,0.36151748078353585,0.0,0.0,0.0,0.001239771881973717,0.042896107116290605,0.5764939251177783,0.32382841557153486,0.0,0.0,0.0,0.0,0.0002479543763947434,0.0,0.01760476072402678,0.037689065212000994,0.0,0.0,0.0,0.0
homosapiens_telencephalon_2022_10x3v3_paulsenbruna_016_d10_1038_s41586_021_04358_6|homosapiens_telencephalon_2022_10x3v3_paulsenbruna_016_d10_1038_s41586_021_04358_6ARID1B_8,5982,35,"Paulsen, 2022","Velasco, 2019 (doi: 10.1038/s41586-019-1289-x)",guided,custom_Mito 210,0.5755600133734536,0.42293547308592444,0.0,0.00016716817118020728,0.0,0.0010030090270812437,0.035272484119023735,0.5351053159478435,0.3004012036108325,0.0,0.0,0.00016716817118020728,0.0,0.00016716817118020728,0.00016716817118020728,0.0050150451354062184,0.12069541959210967,0.0,0.0,0.00016716817118020728,0.0018388498829822802
homosapiens_telencephalon_2022_10x3v3_paulsenbruna_016_d10_1038_s41586_021_04358_6|homosapiens_telencephalon_2022_10x3v3_paulsenbruna_016_d10_1038_s41586_021_04358_6ARID1B_9,5430,35,"Paulsen, 2022","Velasco, 2019 (doi: 10.1038/s41586-019-1289-x)",guided,custom_Mito 210,0.6116022099447513,0.387292817679558,0.0,0.0,0.0,0.0011049723756906078,0.0289134438305709,0.5650092081031307,0.2876611418047882,0.0,0.0,0.0,0.0,0.0,0.0,0.017495395948434623,0.0996316758747698,0.0,0.0,0.00018416206261510129,0.0
homosapiens_telencephalon_2022_10x3v3_paulsenbruna_017_d10_1038_s41586_021_04358_6|homosapiens_telencephalon_2022_10x3v3_paulsenbruna_017_d10_1038_s41586_021_04358_6ARID1B_19,4705,90,"Paulsen, 2022","Velasco, 2019 (doi: 10.1038/s41586-019-1289-x)",guided,custom_Mito 210,0.14091392136025505,0.7944739638682253,0.06291179596174283,0.0,0.0004250797024442083,0.0010626992561105207,0.0359192348565356,0.10180658873538788,0.7944739638682253,0.0,0.06248671625929862,0.0006376195536663124,0.0,0.0,0.0,0.003188097768331562,0.0,0.0,0.0,0.0,0.0
homosapiens_telencephalon_2022_10x3v3_paulsenbruna_017_d10_1038_s41586_021_04358_6|homosapiens_telencephalon_2022_10x3v3_paulsenbruna_017_d10_1038_s41586_021_04358_6ARID1B_20,5380,90,"Paulsen, 2022","Velasco, 2019 (doi: 10.1038/s41586-019-1289-x)",guided,custom_Mito 210,0.10613382899628254,0.8027881040892193,0.09107806691449814,0.0,0.0016728624535315986,0.0,0.03550185873605948,0.06802973977695168,0.8011152416356877,0.0,0.08921933085501858,0.0,0.0,0.0,0.0,0.0026022304832713753,0.0016728624535315986,0.0001858736059479554,0.0,0.0,0.0
homosapiens_telencephalon_2022_10x3v3_paulsenbruna_017_d10_1038_s41586_021_04358_6|homosapiens_telencephalon_2022_10x3v3_paulsenbruna_017_d10_1038_s41586_021_04358_6ARID1B_21,4395,90,"Paulsen, 2022","Velasco, 2019 (doi: 10.1038/s41586-019-1289-x)",guided,custom_Mito 210,0.11558589306029578,0.7963594994311718,0.0850967007963595,0.0,0.00022753128555176336,0.002502844141069397,0.039590443686006824,0.07007963594994311,0.79613196814562,0.0,0.08486916951080774,0.0004550625711035267,0.0,0.0,0.0,0.005915813424345847,0.00022753128555176336,0.0,0.0,0.0,0.0
homosapiens_telencephalon_2022_10x3v3_paulsenbruna_018_d10_1038_s41586_021_04358_6|homosapiens_telencephalon_2022_10x3v3_paulsenbruna_018_d10_1038_s41586_021_04358_6ARID1B_13,6162,35,"Paulsen, 2022","Velasco, 2019 (doi: 10.1038/s41586-019-1289-x)",guided,custom_Mito 294,0.6882505679974034,0.2779941577409932,0.0,0.0,0.0,0.03359298928919182,0.0365141187925998,0.6394027913015254,0.23498864005193118,0.0,0.0,0.0001622849724115547,0.0,0.0,0.0,0.012171372930866602,0.04008438818565401,0.0,0.0,0.0001622849724115547,0.0029211295034079843
homosapiens_telencephalon_2022_10x3v3_paulsenbruna_018_d10_1038_s41586_021_04358_6|homosapiens_telencephalon_2022_10x3v3_paulsenbruna_018_d10_1038_s41586_021_04358_6ARID1B_14,7061,35,"Paulsen, 2022","Velasco, 2019 (doi: 10.1038/s41586-019-1289-x)",guided,custom_Mito 294,0.6817731199546807,0.31397819005806543,0.0,0.0,0.0,0.003257328990228013,0.03710522588868432,0.6391445970825662,0.2804135391587594,0.0,0.0,0.000991360997025917,0.0,0.0,0.0,0.005523296983430109,0.030873813907378558,0.0,0.0,0.0,0.002690836991927489
homosapiens_telencephalon_2022_10x3v3_paulsenbruna_018_d10_1038_s41586_021_04358_6|homosapiens_telencephalon_2022_10x3v3_paulsenbruna_018_d10_1038_s41586_021_04358_6ARID1B_15,10616,35,"Paulsen, 2022","Velasco, 2019 (doi: 10.1038/s41586-019-1289-x)",guided,custom_Mito 294,0.7012999246420498,0.28372268274302936,0.0,0.0,0.0,0.014318010550113038,0.037207987942727956,0.6490203466465713,0.24990580256217032,0.0,0.0,0.0006593820648078372,0.0,0.0,0.0,0.015071590052750565,0.030519969856819894,0.0,0.0,0.0,0.0032969103240391862
homosapiens_telencephalon_2022_10x3v3_uzquianoana_001_d10_1016_j_cell_2022_09_010|homosapiens_telencephalon_2022_10x3v3_uzquianoana_001_d10_1016_j_cell_2022_09_010Org1,3394,23,"Uzquiano, 2022","Velasco, 2019 (doi: 10.1038/s41586-019-1289-x)",guided,custom_Mito 210,0.5447849145550973,0.44667059516794344,0.0,0.0,0.0,0.0002946375957572186,0.005598114319387153,0.26487919858573955,0.020919269298762522,0.0,0.0,0.0011785503830288745,0.0,0.007071302298173247,0.0,0.27430760164997053,0.4257513258691809,0.0,0.0,0.0,0.0
homosapiens_telencephalon_2022_10x3v3_uzquianoana_001_d10_1016_j_cell_2022_09_010|homosapiens_telencephalon_2022_10x3v3_uzquianoana_001_d10_1016_j_cell_2022_09_010Org2,4200,23,"Uzquiano, 2022","Velasco, 2019 (doi: 10.1038/s41586-019-1289-x)",guided,custom_Mito 210,0.395952380952381,0.5721428571428571,0.0002380952380952381,0.0,0.0,0.0,0.0007142857142857143,0.12095238095238095,0.009285714285714286,0.0,0.0,0.002857142857142857,0.0,0.02880952380952381,0.0,0.2742857142857143,0.5628571428571428,0.0002380952380952381,0.0,0.0,0.0
homosapiens_telencephalon_2022_10x3v3_uzquianoana_001_d10_1016_j_cell_2022_09_010|homosapiens_telencephalon_2022_10x3v3_uzquianoana_001_d10_1016_j_cell_2022_09_010Org3,1416,23,"Uzquiano, 2022","Velasco, 2019 (doi: 10.1038/s41586-019-1289-x)",guided,custom_Mito 210,0.4752824858757062,0.46186440677966106,0.0014124293785310734,0.0,0.0,0.0049435028248587575,0.011299435028248588,0.4060734463276836,0.038135593220338986,0.0,0.0014124293785310734,0.007062146892655367,0.0,0.04943502824858757,0.0,0.05790960451977401,0.422316384180791,0.0,0.0,0.0,0.0014124293785310734
homosapiens_telencephalon_2022_10x3v3_uzquianoana_001_d10_1016_j_cell_2022_09_010|homosapiens_telencephalon_2022_10x3v3_uzquianoana_001_d10_1016_j_cell_2022_09_010Org4,5232,23,"Uzquiano, 2022","Velasco, 2019 (doi: 10.1038/s41586-019-1289-x)",guided,GM23338,0.7605122324159022,0.21120030581039756,0.0,0.00019113149847094801,0.0,0.005733944954128441,0.011085626911314985,0.5884938837920489,0.04950305810397553,0.0,0.0,0.007262996941896025,0.0,0.015099388379204893,0.00019113149847094801,0.16093272171253822,0.16169724770642202,0.0,0.0,0.0,0.0
homosapiens_telencephalon_2022_10x3v3_uzquianoana_001_d10_1016_j_cell_2022_09_010|homosapiens_telencephalon_2022_10x3v3_uzquianoana_001_d10_1016_j_cell_2022_09_010Org5,5893,23,"Uzquiano, 2022","Velasco, 2019 (doi: 10.1038/s41586-019-1289-x)",guided,GM23338,0.7566604445952826,0.21805531987103344,0.0,0.00016969285593076533,0.0,0.004921092821992194,0.007636178516884439,0.5913796029187172,0.047344306804683524,0.0,0.0,0.0025453928389614798,0.0,0.01764805701679959,0.00016969285593076533,0.15764466315968098,0.17071101306634992,0.0,0.0,0.0,0.0
homosapiens_telencephalon_2022_10x3v3_uzquianoana_001_d10_1016_j_cell_2022_09_010|homosapiens_telencephalon_2022_10x3v3_uzquianoana_001_d10_1016_j_cell_2022_09_010Org6,7221,23,"Uzquiano, 2022","Velasco, 2019 (doi: 10.1038/s41586-019-1289-x)",guided,GM23338,0.7111203434427363,0.2139592854175322,0.0,0.0002769699487605595,0.0,0.002215759590084476,0.011217282924802658,0.6154272261459631,0.039052762775238885,0.00013848497438027975,0.0,0.010247888104140701,0.0,0.06204126852236532,0.0002769699487605595,0.08447583437197063,0.1749065226422933,0.0,0.0,0.0,0.0
homosapiens_telencephalon_2022_10x3v3_uzquianoana_002_d10_1016_j_cell_2022_09_010|homosapiens_telencephalon_2022_10x3v3_uzquianoana_002_d10_1016_j_cell_2022_09_010Org16,3671,35,"Uzquiano, 2022","Velasco, 2019 (doi: 10.1038/s41586-019-1289-x)",guided,custom_Mito 210,0.6529555979297194,0.3247071642604195,0.0,0.0,0.0,0.019340779079269954,0.037591936801961316,0.560610187959684,0.18823208934895125,0.0,0.0,0.001089621356578589,0.0,0.0019068373740125306,0.0,0.05475347316807409,0.1356578588940343,0.0,0.0,0.0,0.0008172160174339417
homosapiens_telencephalon_2022_10x3v3_uzquianoana_002_d10_1016_j_cell_2022_09_010|homosapiens_telencephalon_2022_10x3v3_uzquianoana_002_d10_1016_j_cell_2022_09_010Org17,638,35,"Uzquiano, 2022","Velasco, 2019 (doi: 10.1038/s41586-019-1289-x)",guided,custom_Mito 210,0.6959247648902821,0.28526645768025083,0.0,0.0,0.0,0.014106583072100314,0.045454545454545456,0.5454545454545454,0.15673981191222572,0.0,0.0,0.004702194357366771,0.0,0.0,0.0,0.10501567398119123,0.12852664576802508,0.0,0.0,0.0,0.0
homosapiens_telencephalon_2022_10x3v3_uzquianoana_002_d10_1016_j_cell_2022_09_010|homosapiens_telencephalon_2022_10x3v3_uzquianoana_002_d10_1016_j_cell_2022_09_010Org18,5934,35,"Uzquiano, 2022","Velasco, 2019 (doi: 10.1038/s41586-019-1289-x)",guided,custom_Mito 210,0.6386922817660937,0.328783282777216,0.0,0.0,0.0,0.03067071115604988,0.027805864509605663,0.5763397371081901,0.20980788675429726,0.0,0.0,0.0010111223458038423,0.0,0.0008426019548365353,0.0,0.03454668014829795,0.11830131445904954,0.0,0.0,0.0,0.0006740815638692282
homosapiens_telencephalon_2022_10x3v3_uzquianoana_003_d10_1016_j_cell_2022_09_010|homosapiens_telencephalon_2022_10x3v3_uzquianoana_003_d10_1016_j_cell_2022_09_010Org19,7402,45,"Uzquiano, 2022","Velasco, 2019 (doi: 10.1038/s41586-019-1289-x)",guided,custom_Mito 210,0.5726830586328019,0.39151580653877327,0.00013509862199405565,0.0,0.0,0.035530937584436637,0.034990543096460415,0.5210753850310726,0.35449878411240204,0.0,0.00013509862199405565,0.00013509862199405565,0.0,0.0,0.0,0.016617130505268845,0.037017022426371254,0.0,0.0,0.0,0.0
homosapiens_telencephalon_2022_10x3v3_uzquianoana_003_d10_1016_j_cell_2022_09_010|homosapiens_telencephalon_2022_10x3v3_uzquianoana_003_d10_1016_j_cell_2022_09_010Org20,5391,45,"Uzquiano, 2022","Velasco, 2019 (doi: 10.1038/s41586-019-1289-x)",guided,custom_Mito 210,0.5470228158041179,0.4392506028566129,0.0,0.0,0.0,0.013726581339269153,0.028937117417918753,0.5097384529771842,0.431274346132443,0.0,0.0,0.0,0.0,0.0,0.0,0.008347245409015025,0.007976256724169913,0.0,0.0,0.0,0.0
homosapiens_telencephalon_2022_10x3v3_uzquianoana_003_d10_1016_j_cell_2022_09_010|homosapiens_telencephalon_2022_10x3v3_uzquianoana_003_d10_1016_j_cell_2022_09_010Org21,4183,45,"Uzquiano, 2022","Velasco, 2019 (doi: 10.1038/s41586-019-1289-x)",guided,custom_Mito 210,0.5242648816638776,0.47023667224480037,0.0,0.0,0.0,0.005498446091322017,0.03514224240975376,0.4829070045421946,0.4668897920153,0.0,0.0,0.0,0.0,0.0,0.0,0.006215634711929237,0.0033468802295003584,0.0,0.0,0.0,0.0
homosapiens_telencephalon_2022_10x3v3_uzquianoana_003_d10_1016_j_cell_2022_09_010|homosapiens_telencephalon_2022_10x3v3_uzquianoana_003_d10_1016_j_cell_2022_09_010Org22,4469,47,"Uzquiano, 2022","Velasco, 2019 (doi: 10.1038/s41586-019-1289-x)",guided,GM23338,0.6034907138062207,0.3904676661445513,0.0,0.0,0.0,0.0049228015215931975,0.03423584694562542,0.5500111881852764,0.38487357350637724,0.0,0.0,0.0011188185276348177,0.0,0.0,0.0,0.019243678675318864,0.005594092638174088,0.0,0.0,0.0,0.0
homosapiens_telencephalon_2022_10x3v3_uzquianoana_003_d10_1016_j_cell_2022_09_010|homosapiens_telencephalon_2022_10x3v3_uzquianoana_003_d10_1016_j_cell_2022_09_010Org23,6537,47,"Uzquiano, 2022","Velasco, 2019 (doi: 10.1038/s41586-019-1289-x)",guided,GM23338,0.5045127734434756,0.48921523634694813,0.0001529753709652746,0.0,0.0,0.005507113354749885,0.03594921217683953,0.45219519657335167,0.4834021722502677,0.0,0.0001529753709652746,0.0006119014838610984,0.0,0.0,0.0,0.01636836469328438,0.005813064096680434,0.0,0.0,0.0,0.0
homosapiens_telencephalon_2022_10x3v3_uzquianoana_003_d10_1016_j_cell_2022_09_010|homosapiens_telencephalon_2022_10x3v3_uzquianoana_003_d10_1016_j_cell_2022_09_010Org24,6368,47,"Uzquiano, 2022","Velasco, 2019 (doi: 10.1038/s41586-019-1289-x)",guided,GM23338,0.5623429648241207,0.4315326633165829,0.000157035175879397,0.0,0.0,0.005653266331658292,0.03077889447236181,0.5219849246231156,0.4277638190954774,0.0,0.000157035175879397,0.000314070351758794,0.0,0.0,0.0,0.009579145728643216,0.0037688442211055275,0.0,0.0,0.0,0.0
homosapiens_telencephalon_2022_10x3v3_uzquianoana_004_d10_1016_j_cell_2022_09_010|homosapiens_telencephalon_2022_10x3v3_uzquianoana_004_d10_1016_j_cell_2022_09_010Org25,4861,61,"Uzquiano, 2022","Velasco, 2019 (doi: 10.1038/s41586-019-1289-x)",guided,custom_Mito 210,0.2777206336144826,0.7045875334293356,0.0152232051018309,0.0,0.0,0.0018514708907632176,0.03126928615511212,0.24110265377494342,0.7023246245628472,0.0002057189878625797,0.0152232051018309,0.0004114379757251594,0.0,0.0,0.0,0.005348693684427073,0.002262908866488377,0.0,0.0,0.0,0.0
homosapiens_telencephalon_2022_10x3v3_uzquianoana_004_d10_1016_j_cell_2022_09_010|homosapiens_telencephalon_2022_10x3v3_uzquianoana_004_d10_1016_j_cell_2022_09_010Org26,4900,61,"Uzquiano, 2022","Velasco, 2019 (doi: 10.1038/s41586-019-1289-x)",guided,custom_Mito 210,0.2710204081632653,0.7120408163265306,0.012040816326530613,0.0,0.0,0.004693877551020408,0.030408163265306123,0.23673469387755103,0.7087755102040816,0.0,0.012040816326530613,0.00020408163265306123,0.0,0.0,0.0,0.0038775510204081634,0.0032653061224489797,0.0,0.0,0.0,0.0
homosapiens_telencephalon_2022_10x3v3_uzquianoana_004_d10_1016_j_cell_2022_09_010|homosapiens_telencephalon_2022_10x3v3_uzquianoana_004_d10_1016_j_cell_2022_09_010Org27,5516,61,"Uzquiano, 2022","Velasco, 2019 (doi: 10.1038/s41586-019-1289-x)",guided,custom_Mito 210,0.2084844089920232,0.7706671501087744,0.01994198694706309,0.0,0.0,0.0,0.03154459753444525,0.17675852066715012,0.7699419869470631,0.0,0.01994198694706309,0.0009064539521392314,0.0,0.0,0.0,0.00018129079042784627,0.0007251631617113851,0.0,0.0,0.0,0.0
homosapiens_telencephalon_2022_10x3v3_uzquianoana_004_d10_1016_j_cell_2022_09_010|homosapiens_telencephalon_2022_10x3v3_uzquianoana_004_d10_1016_j_cell_2022_09_010Org28,5220,60,"Uzquiano, 2022","Velasco, 2019 (doi: 10.1038/s41586-019-1289-x)",guided,GM23338,0.34099616858237547,0.6526819923371648,0.006130268199233717,0.0,0.0,0.0,0.02375478927203065,0.31264367816091954,0.6519157088122606,0.0,0.006130268199233717,0.00019157088122605365,0.0,0.0,0.0,0.004597701149425287,0.0007662835249042146,0.0,0.0,0.0,0.0
homosapiens_telencephalon_2022_10x3v3_uzquianoana_004_d10_1016_j_cell_2022_09_010|homosapiens_telencephalon_2022_10x3v3_uzquianoana_004_d10_1016_j_cell_2022_09_010Org29,6994,60,"Uzquiano, 2022","Velasco, 2019 (doi: 10.1038/s41586-019-1289-x)",guided,GM23338,0.2539319416642837,0.7336288247068916,0.011295396053760365,0.0,0.0,0.00028595939376608524,0.018444380897912498,0.23134114955676294,0.7324849871318273,0.0,0.011295396053760365,0.0008578781812982557,0.0,0.0,0.0,0.004146411209608235,0.001143837575064341,0.0,0.0,0.0,0.0
homosapiens_telencephalon_2022_10x3v3_uzquianoana_004_d10_1016_j_cell_2022_09_010|homosapiens_telencephalon_2022_10x3v3_uzquianoana_004_d10_1016_j_cell_2022_09_010Org30,8981,60,"Uzquiano, 2022","Velasco, 2019 (doi: 10.1038/s41586-019-1289-x)",guided,GM23338,0.3329250640240508,0.6599487807593809,0.005901347288720633,0.0,0.0,0.0012248079278476785,0.02360538915488253,0.305867943436143,0.6590580113573099,0.0,0.005901347288720633,0.0,0.0,0.0,0.0,0.0034517314330252758,0.0008907694020710388,0.0,0.0,0.0,0.0
homosapiens_telencephalon_2022_10x3v3_uzquianoana_005_d10_1016_j_cell_2022_09_010|homosapiens_telencephalon_2022_10x3v3_uzquianoana_005_d10_1016_j_cell_2022_09_010Org37,4872,90,"Uzquiano, 2022","Velasco, 2019 (doi: 10.1038/s41586-019-1289-x)",guided,custom_Mito 210,0.1291050903119869,0.8353858784893268,0.03550903119868637,0.0,0.0,0.0,0.016420361247947456,0.10119047619047619,0.7957717569786535,0.0,0.03550903119868637,0.0,0.0,0.0,0.0,0.005952380952380952,0.0016420361247947454,0.0,0.0,0.005541871921182266,0.03797208538587849
homosapiens_telencephalon_2022_10x3v3_uzquianoana_005_d10_1016_j_cell_2022_09_010|homosapiens_telencephalon_2022_10x3v3_uzquianoana_005_d10_1016_j_cell_2022_09_010Org38,4954,90,"Uzquiano, 2022","Velasco, 2019 (doi: 10.1038/s41586-019-1289-x)",guided,custom_Mito 210,0.10819539765845781,0.8558740411788454,0.03532498990714574,0.0,0.00020185708518368994,0.0004037141703673799,0.019580137262817925,0.08276140492531288,0.855470327008478,0.0,0.03512313282196205,0.00020185708518368994,0.0,0.0,0.0,0.005853855470327008,0.0004037141703673799,0.0,0.0,0.0,0.0
homosapiens_telencephalon_2022_10x3v3_uzquianoana_005_d10_1016_j_cell_2022_09_010|homosapiens_telencephalon_2022_10x3v3_uzquianoana_005_d10_1016_j_cell_2022_09_010Org39,6124,90,"Uzquiano, 2022","Velasco, 2019 (doi: 10.1038/s41586-019-1289-x)",guided,custom_Mito 210,0.12116263879817113,0.8448726322664925,0.03363814500326584,0.0,0.0004898758981058132,0.0,0.014206401045068583,0.09977139124755062,0.8442194644023514,0.0,0.03314826910516003,0.00032658393207054214,0.0,0.0,0.0,0.007184846505551927,0.0006531678641410843,0.0,0.0,0.0,0.0
homosapiens_telencephalon_2022_10x3v3_uzquianoana_006_d10_1016_j_cell_2022_09_010|homosapiens_telencephalon_2022_10x3v3_uzquianoana_006_d10_1016_j_cell_2022_09_010Org52,5949,119,"Uzquiano, 2022","Velasco, 2019 (doi: 10.1038/s41586-019-1289-x)",guided,custom_Mito 210,0.06152294503277862,0.8258530845520256,0.1124558749369642,0.0,0.0028576231299378045,0.0,0.01664145234493192,0.04101529668851908,0.8248445116826357,0.0,0.1095982518070264,0.00016809547823163558,0.0,0.0,0.0,0.0031938140864010756,0.0,0.0,0.0,0.0006723819129265423,0.0010085728693898135
homosapiens_telencephalon_2022_10x3v3_uzquianoana_006_d10_1016_j_cell_2022_09_010|homosapiens_telencephalon_2022_10x3v3_uzquianoana_006_d10_1016_j_cell_2022_09_010Org53,5985,119,"Uzquiano, 2022","Velasco, 2019 (doi: 10.1038/s41586-019-1289-x)",guided,custom_Mito 210,0.05864661654135339,0.8265664160401003,0.11445279866332497,0.0,0.002506265664160401,0.0003341687552213868,0.01720969089390142,0.0380952380952381,0.8252297410192148,0.0,0.11194653299916457,0.0,0.0,0.0,0.0,0.0026733500417710945,0.0,0.0,0.0,0.0006683375104427736,0.0013366750208855473
homosapiens_telencephalon_2022_10x3v3_uzquianoana_006_d10_1016_j_cell_2022_09_010|homosapiens_telencephalon_2022_10x3v3_uzquianoana_006_d10_1016_j_cell_2022_09_010Org54,5503,119,"Uzquiano, 2022","Velasco, 2019 (doi: 10.1038/s41586-019-1289-x)",guided,custom_Mito 210,0.0634199527530438,0.8190078139196801,0.11757223332727602,0.0,0.003452662184263129,0.0,0.015991277485008178,0.04324913683445394,0.8182809376703616,0.0,0.1141195711430129,0.0,0.0,0.0,0.0,0.003816100308922406,0.00018171906232963838,0.0,0.0,0.00036343812465927677,0.0005451571869889151
homosapiens_telencephalon_2022_10x3v3_uzquianoana_006_d10_1016_j_cell_2022_09_010|homosapiens_telencephalon_2022_10x3v3_uzquianoana_006_d10_1016_j_cell_2022_09_010Org55,4988,119,"Uzquiano, 2022","Velasco, 2019 (doi: 10.1038/s41586-019-1289-x)",guided,GM23338,0.057738572574178026,0.8181635926222935,0.1148757016840417,0.0,0.009021651964715317,0.0008019246190858059,0.014434643143544507,0.03748997594226143,0.8127506014434643,0.0,0.10565356856455493,0.008420208500400962,0.0,0.0,0.0,0.0032076984763432237,0.0,0.00020048115477145148,0.0,0.0026062550120288693,0.00541299117882919
homosapiens_telencephalon_2022_10x3v3_uzquianoana_006_d10_1016_j_cell_2022_09_010|homosapiens_telencephalon_2022_10x3v3_uzquianoana_006_d10_1016_j_cell_2022_09_010Org56,6203,119,"Uzquiano, 2022","Velasco, 2019 (doi: 10.1038/s41586-019-1289-x)",guided,GM23338,0.06980493309688861,0.8081573432210221,0.12187651136546833,0.0,0.012896985329679188,0.0,0.01096243753022731,0.04675157182008705,0.8005803643398356,0.0,0.10849588908592617,0.00016121231662098983,0.0,0.0,0.0,0.009189102047396421,0.0017733354828308884,0.00048363694986296955,0.0,0.0029018216991778174,0.005803643398355635
homosapiens_telencephalon_2022_10x3v3_uzquianoana_006_d10_1016_j_cell_2022_09_010|homosapiens_telencephalon_2022_10x3v3_uzquianoana_006_d10_1016_j_cell_2022_09_010Org57,4708,119,"Uzquiano, 2022","Velasco, 2019 (doi: 10.1038/s41586-019-1289-x)",guided,GM23338,0.07667799490229396,0.7854715378079863,0.13636363636363635,0.0,0.010620220900594732,0.001274426508071368,0.010407816482582839,0.04715378079864061,0.7748513169073916,0.0,0.12553101104502973,0.00021240441801189465,0.0,0.0,0.0,0.006372132540356839,0.00021240441801189465,0.00021240441801189465,0.0,0.012744265080713678,0.010407816482582839
homosapiens_telencephalon_2022_10x3v3_uzquianoana_007_d10_1016_j_cell_2022_09_010|homosapiens_telencephalon_2022_10x3v3_uzquianoana_007_d10_1016_j_cell_2022_09_010Org58,5329,147,"Uzquiano, 2022","Velasco, 2019 (doi: 10.1038/s41586-019-1289-x)",guided,custom_Mito 210,0.07506098705197972,0.6899981234753236,0.2349408894726966,0.0,0.04316006755488835,0.0,0.003940701820228936,0.03921936573465941,0.6327641208481891,0.0,0.1870895102270595,0.0,0.0,0.0,0.0,0.003940701820228936,0.0,0.0046913116907487335,0.0,0.02796021767686245,0.057234002627134545
homosapiens_telencephalon_2022_10x3v3_uzquianoana_007_d10_1016_j_cell_2022_09_010|homosapiens_telencephalon_2022_10x3v3_uzquianoana_007_d10_1016_j_cell_2022_09_010Org59,4115,147,"Uzquiano, 2022","Velasco, 2019 (doi: 10.1038/s41586-019-1289-x)",guided,custom_Mito 210,0.07484811664641555,0.6957472660996354,0.22916160388821386,0.0,0.032806804374240585,0.00024301336573511544,0.005103280680437424,0.04447144592952612,0.6303766707168894,0.0,0.19416767922235723,0.0,0.0,0.0,0.0,0.004131227217496963,0.00024301336573511544,0.002187120291616039,0.0,0.021142162818955042,0.06512758201701094
homosapiens_telencephalon_2022_10x3v3_uzquianoana_007_d10_1016_j_cell_2022_09_010|homosapiens_telencephalon_2022_10x3v3_uzquianoana_007_d10_1016_j_cell_2022_09_010Org60,4194,147,"Uzquiano, 2022","Velasco, 2019 (doi: 10.1038/s41586-019-1289-x)",guided,custom_Mito 210,0.07606103958035289,0.6862184072484502,0.23772055317119695,0.0,0.04816404387219838,0.0,0.004291845493562232,0.033619456366237484,0.6254172627563186,0.0,0.18526466380543632,0.0,0.0,0.0,0.0,0.0019074868860276585,0.0,0.004291845493562232,0.0,0.036242250834525515,0.060801144492131615
homosapiens_telencephalon_2022_10x3v3_uzquianoana_007_d10_1016_j_cell_2022_09_010|homosapiens_telencephalon_2022_10x3v3_uzquianoana_007_d10_1016_j_cell_2022_09_010Org61,5587,149,"Uzquiano, 2022","Velasco, 2019 (doi: 10.1038/s41586-019-1289-x)",guided,GM23338,0.0837658850903884,0.6192947914802219,0.296581349561482,0.0,0.09271523178807947,0.0,0.004295686414891713,0.03364954358331842,0.5326651154465724,0.00017898693395382138,0.19258994093431178,0.00017898693395382138,0.0,0.0,0.0,0.007159477358152855,0.0030427778772149634,0.011276176839090747,0.0,0.038661177734025415,0.08358689815643458
homosapiens_telencephalon_2022_10x3v3_uzquianoana_007_d10_1016_j_cell_2022_09_010|homosapiens_telencephalon_2022_10x3v3_uzquianoana_007_d10_1016_j_cell_2022_09_010Org62,5357,149,"Uzquiano, 2022","Velasco, 2019 (doi: 10.1038/s41586-019-1289-x)",guided,GM23338,0.0993093149150644,0.5941758446891917,0.3065148403957439,0.0,0.11648310621616577,0.0,0.0014933731566175099,0.028747433264887063,0.41795781220832556,0.0,0.17995146537240994,0.0,0.0,0.0,0.0,0.005413477692738473,0.00018667164457718873,0.010080268807168192,0.0,0.06365503080082136,0.17603136083628898
homosapiens_telencephalon_2022_10x3v3_uzquianoana_007_d10_1016_j_cell_2022_09_010|homosapiens_telencephalon_2022_10x3v3_uzquianoana_007_d10_1016_j_cell_2022_09_010Org63,5381,149,"Uzquiano, 2022","Velasco, 2019 (doi: 10.1038/s41586-019-1289-x)",guided,GM23338,0.0711763612711392,0.5446942947407545,0.38097007991079723,0.0,0.1531313882178034,0.0013008734435978444,0.0026017468871956887,0.021185653224307748,0.471473703772533,0.0,0.22021929009477792,0.001858390633711206,0.0,0.0,0.0,0.007805240661587065,0.0,0.007619401598215945,0.0,0.03958372049804869,0.07322059096822152
homosapiens_telencephalon_2022_10x3v3_uzquianoana_008_d10_1016_j_cell_2022_09_010|homosapiens_telencephalon_2022_10x3v3_uzquianoana_008_d10_1016_j_cell_2022_09_010Org73,3813,192,"Uzquiano, 2022","Velasco, 2019 (doi: 10.1038/s41586-019-1289-x)",guided,custom_Mito 210,0.07946498819826907,0.4896407028586415,0.4285339627589824,0.0,0.2911093627065303,0.0,0.0,0.0034093889325990034,0.04982953055337005,0.0,0.13637555730396014,0.002098085496984002,0.0,0.00026226068712300026,0.0,0.015735641227380016,0.00026226068712300026,0.001049042748492001,0.0,0.06031995803829006,0.43954891161814846
homosapiens_telencephalon_2022_10x3v3_uzquianoana_008_d10_1016_j_cell_2022_09_010|homosapiens_telencephalon_2022_10x3v3_uzquianoana_008_d10_1016_j_cell_2022_09_010Org74,3307,192,"Uzquiano, 2022","Velasco, 2019 (doi: 10.1038/s41586-019-1289-x)",guided,custom_Mito 210,0.07166616268521318,0.48472936195947985,0.44239491986694895,0.0,0.30329603870577565,0.0,0.0,0.006652555185969156,0.045358330813426065,0.0,0.13577260356818868,0.0012095554883580285,0.0,0.0,0.0,0.014817054732385848,0.0021167221046265497,0.003326277592984578,0.0,0.05019655276685818,0.43725430904142726
homosapiens_telencephalon_2022_10x3v3_uzquianoana_008_d10_1016_j_cell_2022_09_010|homosapiens_telencephalon_2022_10x3v3_uzquianoana_008_d10_1016_j_cell_2022_09_010Org75,3781,192,"Uzquiano, 2022","Velasco, 2019 (doi: 10.1038/s41586-019-1289-x)",guided,custom_Mito 210,0.08886537952922507,0.3731816979635017,0.5355725998413118,0.0,0.38428987040465484,0.0,0.0,0.006612007405448294,0.05263157894736842,0.0,0.14863792647447766,0.0023803226659613857,0.0,0.0,0.0,0.020364982808780747,0.0015868817773075905,0.0026448029621793175,0.0,0.06188838931499603,0.3189632372388257
homosapiens_ventralpartoftelencephalon_2020_10x3v3_miurayuki_001_d10_1038_s41587_020_00763_w|unknown,8784,80,"Miura, 2020","Miura, 2020 (doi: 10.1038/s41587-020-00763-w)",guided,custom_2242-1,0.17566029143897996,0.6419626593806921,0.16757741347905283,0.00011384335154826958,0.039162112932604735,0.004895264116575592,0.0006830601092896175,0.011839708561020037,0.022768670309653915,0.0,0.10530510018214936,0.009790528233151184,0.0,0.0,0.00011384335154826958,0.03904826958105646,0.04223588342440802,0.023110200364298724,0.0,0.12408925318761384,0.5769581056466302
homosapiens_ventralpartoftelencephalon_2020_10x3v3_miurayuki_002_d10_1038_s41587_020_00763_w|unknown,4402,80,"Miura, 2020","Miura, 2020 (doi: 10.1038/s41587-020-00763-w)",guided,custom_1205-1,0.24806905951840072,0.607451158564289,0.14357110404361653,0.0,0.04929577464788732,0.0,0.001817355747387551,0.09518400726942298,0.30599727396637894,0.0,0.07428441617446616,0.0009086778736937755,0.0,0.0,0.0,0.04134484325306679,0.052703316674238984,0.019990913221263062,0.0,0.1097228532485234,0.24875056792367106
homosapiens_ventralpartoftelencephalon_2020_10x3v3_miurayuki_003_d10_1038_s41587_020_00763_w|unknown,5825,83,"Miura, 2020","Miura, 2020 (doi: 10.1038/s41587-020-00763-w)",guided,custom_8858-1,0.1727038626609442,0.5234334763948498,0.27759656652360515,0.00017167381974248928,0.09819742489270386,0.004120171673819743,0.0,0.005665236051502146,0.019055793991416308,0.0,0.1491845493562232,0.02180257510729614,0.0,0.00017167381974248928,0.00017167381974248928,0.059399141630901285,0.06575107296137339,0.030214592274678112,0.0,0.10763948497854077,0.4386266094420601
